Base Model,Quantization Technique,Bit Width,Calibration Language,Random Seed,eng_Latn,tam_Taml,ind_Latn,swh_Latn,zho_Hans
Qwen/Qwen3-8B,Unquantized,32-bit,Unquantized,1234,0.9133333333333332,0.71,0.8733333333333333,0.5455555555555556,0.8811111111111111
Qwen/Qwen3-8B,gptq,2-bit,English,1234,0.22333333333333333,0.24555555555555555,0.2577777777777778,0.24,0.23333333333333336
Qwen/Qwen3-8B,gptq,3-bit,English,1234,0.8566666666666667,0.4488888888888889,0.7288888888888889,0.33666666666666667,0.8144444444444444
Qwen/Qwen3-8B,gptq,4-bit,English,1234,0.9066666666666666,0.6855555555555556,0.8577777777777778,0.5233333333333333,0.8722222222222222
Qwen/Qwen3-8B,gptq,2-bit,Tamil,1234,0.26555555555555554,0.25,0.2577777777777778,0.23555555555555557,0.2388888888888889
Qwen/Qwen3-8B,gptq,3-bit,Tamil,1234,0.8311111111111111,0.6222222222222222,0.7466666666666667,0.3411111111111111,0.8088888888888889
Qwen/Qwen3-8B,gptq,4-bit,Tamil,1234,0.9044444444444444,0.7,0.8511111111111112,0.5055555555555555,0.8688888888888889
Qwen/Qwen3-8B,gptq,2-bit,Indonesian,1234,0.24,0.26222222222222225,0.24555555555555555,0.2388888888888889,0.24
Qwen/Qwen3-8B,gptq,3-bit,Indonesian,1234,0.8466666666666667,0.4811111111111111,0.7911111111111111,0.3811111111111111,0.8111111111111111
Qwen/Qwen3-8B,gptq,4-bit,Indonesian,1234,0.9144444444444444,0.6833333333333333,0.8611111111111112,0.49666666666666665,0.8577777777777778
Qwen/Qwen3-8B,gptq,2-bit,Swahili,1234,0.26,0.23222222222222225,0.22444444444444445,0.24555555555555555,0.24333333333333337
Qwen/Qwen3-8B,gptq,3-bit,Swahili,1234,0.8266666666666667,0.5322222222222223,0.7744444444444445,0.43555555555555553,0.8033333333333333
Qwen/Qwen3-8B,gptq,4-bit,Swahili,1234,0.9044444444444444,0.6833333333333333,0.85,0.5277777777777778,0.8688888888888889
Qwen/Qwen3-8B,gptq,2-bit,Chinese,1234,0.23333333333333336,0.22555555555555556,0.25666666666666665,0.25,0.2477777777777778
Qwen/Qwen3-8B,gptq,3-bit,Chinese,1234,0.8477777777777777,0.48333333333333334,0.79,0.3711111111111111,0.8466666666666667
Qwen/Qwen3-8B,gptq,4-bit,Chinese,1234,0.9055555555555556,0.6955555555555556,0.8566666666666667,0.5244444444444445,0.8655555555555555
Qwen/Qwen3-8B,slimllm,2-bit,English,1234,0.23,0.23333333333333336,0.2288888888888889,0.23,0.2288888888888889
Qwen/Qwen3-8B,slimllm,3-bit,English,1234,0.8511111111111112,0.41,0.7311111111111112,0.33555555555555555,0.8311111111111111
Qwen/Qwen3-8B,slimllm,4-bit,English,1234,0.9111111111111112,0.6711111111111111,0.8522222222222222,0.49333333333333335,0.8755555555555555
Qwen/Qwen3-8B,slimllm,2-bit,Tamil,1234,0.22111111111111112,0.23555555555555557,0.24666666666666667,0.2477777777777778,0.25333333333333335
Qwen/Qwen3-8B,slimllm,3-bit,Tamil,1234,0.84,0.6411111111111111,0.7688888888888888,0.4044444444444445,0.83
Qwen/Qwen3-8B,slimllm,4-bit,Tamil,1234,0.91,0.7111111111111111,0.8522222222222222,0.5055555555555555,0.8677777777777778
Qwen/Qwen3-8B,slimllm,2-bit,Indonesian,1234,0.25222222222222224,0.23777777777777775,0.24666666666666667,0.23333333333333336,0.22
Qwen/Qwen3-8B,slimllm,3-bit,Indonesian,1234,0.87,0.5044444444444445,0.7933333333333333,0.3844444444444444,0.8255555555555556
Qwen/Qwen3-8B,slimllm,4-bit,Indonesian,1234,0.9177777777777778,0.6866666666666666,0.8511111111111112,0.5133333333333333,0.8733333333333333
Qwen/Qwen3-8B,slimllm,2-bit,Swahili,1234,0.22666666666666663,0.2288888888888889,0.23666666666666664,0.22777777777777777,0.23222222222222225
Qwen/Qwen3-8B,slimllm,3-bit,Swahili,1234,0.8444444444444444,0.5322222222222223,0.7711111111111111,0.4666666666666667,0.7988888888888889
Qwen/Qwen3-8B,slimllm,4-bit,Swahili,1234,0.91,0.6788888888888889,0.8655555555555555,0.5488888888888889,0.8733333333333333
Qwen/Qwen3-8B,slimllm,2-bit,Chinese,1234,0.2311111111111111,0.2288888888888889,0.23555555555555557,0.2311111111111111,0.22555555555555556
Qwen/Qwen3-8B,slimllm,3-bit,Chinese,1234,0.8533333333333334,0.48444444444444446,0.7533333333333333,0.3655555555555556,0.8477777777777777
Qwen/Qwen3-8B,slimllm,4-bit,Chinese,1234,0.91,0.68,0.8633333333333333,0.5022222222222222,0.8744444444444445
Qwen/Qwen3-8B,tacq,2-bit,English,1234,0.5877777777777777,0.23,0.3477777777777778,0.23,0.54
Qwen/Qwen3-8B,tacq,3-bit,English,1234,0.9044444444444444,0.5633333333333334,0.8311111111111111,0.4211111111111111,0.8677777777777778
Qwen/Qwen3-8B,tacq,4-bit,English,1234,0.9211111111111112,0.6822222222222222,0.8588888888888889,0.5011111111111111,0.8777777777777778
Qwen/Qwen3-8B,tacq,2-bit,Tamil,1234,0.31444444444444447,0.32555555555555554,0.2788888888888889,0.23444444444444448,0.3711111111111111
Qwen/Qwen3-8B,tacq,3-bit,Tamil,1234,0.8933333333333333,0.6788888888888889,0.8044444444444444,0.4488888888888889,0.8455555555555555
Qwen/Qwen3-8B,tacq,4-bit,Tamil,1234,0.9111111111111112,0.6977777777777778,0.8533333333333334,0.5177777777777778,0.8755555555555555
Qwen/Qwen3-8B,tacq,2-bit,Indonesian,1234,0.5444444444444444,0.23666666666666664,0.5344444444444445,0.2633333333333333,0.5188888888888888
Qwen/Qwen3-8B,tacq,3-bit,Indonesian,1234,0.9055555555555556,0.6133333333333333,0.8433333333333334,0.4811111111111111,0.8622222222222222
Qwen/Qwen3-8B,tacq,4-bit,Indonesian,1234,0.9177777777777778,0.7011111111111111,0.8555555555555555,0.5288888888888889,0.88
Qwen/Qwen3-8B,tacq,2-bit,Swahili,1234,0.28444444444444444,0.2288888888888889,0.24555555555555555,0.2288888888888889,0.25222222222222224
Qwen/Qwen3-8B,tacq,3-bit,Swahili,1234,0.8833333333333333,0.6255555555555555,0.8177777777777778,0.5077777777777778,0.8588888888888889
Qwen/Qwen3-8B,tacq,4-bit,Swahili,1234,0.9244444444444444,0.7011111111111111,0.86,0.5444444444444444,0.8822222222222222
Qwen/Qwen3-8B,tacq,2-bit,Chinese,1234,0.5655555555555556,0.22555555555555556,0.31333333333333335,0.23777777777777775,0.6477777777777778
Qwen/Qwen3-8B,tacq,3-bit,Chinese,1234,0.8922222222222222,0.5777777777777777,0.8133333333333334,0.44222222222222224,0.8655555555555555
Qwen/Qwen3-8B,tacq,4-bit,Chinese,1234,0.9166666666666666,0.7044444444444444,0.8633333333333333,0.5055555555555555,0.8766666666666667
Qwen/Qwen3-8B,sinq,2-bit,,1234,0.23777777777777775,0.2577777777777778,0.2577777777777778,0.28555555555555556,0.24333333333333337
Qwen/Qwen3-8B,sinq,3-bit,,1234,0.8533333333333334,0.5111111111111111,0.7555555555555555,0.3488888888888889,0.8222222222222222
Qwen/Qwen3-8B,sinq,4-bit,,1234,0.9077777777777778,0.6822222222222222,0.8488888888888889,0.4633333333333333,0.8633333333333333
CohereLabs/aya-expanse-8b,Unquantized,32-bit,Unquantized,1234,0.8,0.4488888888888889,0.7211111111111111,0.35777777777777775,0.7933333333333333
CohereLabs/aya-expanse-8b,gptq,2-bit,English,1234,0.23666666666666664,0.25333333333333335,0.2388888888888889,0.26555555555555554,0.26
CohereLabs/aya-expanse-8b,gptq,3-bit,English,1234,0.6944444444444444,0.3377777777777778,0.6088888888888889,0.2966666666666667,0.6588888888888889
CohereLabs/aya-expanse-8b,gptq,4-bit,English,1234,0.7911111111111111,0.43666666666666665,0.7,0.33666666666666667,0.7811111111111111
CohereLabs/aya-expanse-8b,gptq,2-bit,Tamil,1234,0.24666666666666667,0.26,0.2477777777777778,0.26666666666666666,0.2588888888888889
CohereLabs/aya-expanse-8b,gptq,3-bit,Tamil,1234,0.66,0.4,0.4866666666666667,0.25555555555555554,0.5422222222222223
CohereLabs/aya-expanse-8b,gptq,4-bit,Tamil,1234,0.7766666666666666,0.4288888888888889,0.71,0.31666666666666665,0.7755555555555556
CohereLabs/aya-expanse-8b,gptq,2-bit,Indonesian,1234,0.22777777777777777,0.2544444444444444,0.2388888888888889,0.2411111111111111,0.2544444444444444
CohereLabs/aya-expanse-8b,gptq,3-bit,Indonesian,1234,0.7211111111111111,0.35333333333333333,0.6344444444444445,0.33444444444444443,0.69
CohereLabs/aya-expanse-8b,gptq,4-bit,Indonesian,1234,0.7744444444444445,0.4488888888888889,0.7066666666666667,0.3377777777777778,0.78
CohereLabs/aya-expanse-8b,gptq,2-bit,Swahili,1234,0.2288888888888889,0.2511111111111111,0.25222222222222224,0.2388888888888889,0.23777777777777775
CohereLabs/aya-expanse-8b,gptq,3-bit,Swahili,1234,0.6588888888888889,0.3244444444444444,0.5555555555555556,0.28555555555555556,0.6422222222222222
CohereLabs/aya-expanse-8b,gptq,4-bit,Swahili,1234,0.7766666666666666,0.43,0.7022222222222222,0.3244444444444444,0.7766666666666666
CohereLabs/aya-expanse-8b,gptq,2-bit,Chinese,1234,0.24333333333333337,0.2222222222222222,0.21666666666666667,0.24222222222222223,0.24333333333333337
CohereLabs/aya-expanse-8b,gptq,3-bit,Chinese,1234,0.6622222222222223,0.3511111111111111,0.6033333333333334,0.28888888888888886,0.69
CohereLabs/aya-expanse-8b,gptq,4-bit,Chinese,1234,0.7855555555555556,0.43444444444444447,0.7277777777777777,0.33555555555555555,0.7788888888888889
CohereLabs/aya-expanse-8b,slimllm,2-bit,English,1234,0.28444444444444444,0.23,0.24333333333333337,0.24333333333333337,0.23555555555555557
CohereLabs/aya-expanse-8b,slimllm,3-bit,English,1234,0.6566666666666666,0.30444444444444446,0.58,0.2866666666666667,0.6622222222222223
CohereLabs/aya-expanse-8b,slimllm,4-bit,English,1234,0.7877777777777778,0.44333333333333336,0.74,0.32222222222222224,0.7822222222222223
CohereLabs/aya-expanse-8b,slimllm,2-bit,Indonesian,1234,0.2788888888888889,0.24555555555555555,0.2733333333333333,0.26,0.2544444444444444
CohereLabs/aya-expanse-8b,slimllm,3-bit,Indonesian,1234,0.6966666666666667,0.35444444444444445,0.6544444444444445,0.32,0.7055555555555556
CohereLabs/aya-expanse-8b,slimllm,4-bit,Indonesian,1234,0.7822222222222223,0.44333333333333336,0.7077777777777777,0.3433333333333333,0.7833333333333333
CohereLabs/aya-expanse-8b,slimllm,2-bit,Swahili,1234,0.24222222222222223,0.23666666666666664,0.21888888888888888,0.22333333333333333,0.2388888888888889
CohereLabs/aya-expanse-8b,slimllm,3-bit,Swahili,1234,0.6322222222222222,0.33666666666666667,0.5622222222222222,0.29777777777777775,0.6288888888888889
CohereLabs/aya-expanse-8b,slimllm,4-bit,Swahili,1234,0.7611111111111111,0.43666666666666665,0.7133333333333334,0.33444444444444443,0.7677777777777778
CohereLabs/aya-expanse-8b,slimllm,2-bit,Chinese,1234,0.26,0.23,0.24888888888888888,0.22777777777777777,0.27444444444444444
CohereLabs/aya-expanse-8b,slimllm,3-bit,Chinese,1234,0.6722222222222223,0.32666666666666666,0.5622222222222222,0.26222222222222225,0.6844444444444444
CohereLabs/aya-expanse-8b,slimllm,4-bit,Chinese,1234,0.7833333333333333,0.43,0.7355555555555555,0.3244444444444444,0.7877777777777778
CohereLabs/aya-expanse-8b,tacq,2-bit,English,1234,0.3888888888888889,0.25222222222222224,0.3244444444444444,0.22666666666666663,0.3277777777777778
CohereLabs/aya-expanse-8b,tacq,3-bit,English,1234,0.7222222222222222,0.35444444444444445,0.6511111111111111,0.31666666666666665,0.7344444444444445
CohereLabs/aya-expanse-8b,tacq,4-bit,English,1234,0.7711111111111111,0.44222222222222224,0.6977777777777778,0.3333333333333333,0.77
CohereLabs/aya-expanse-8b,tacq,2-bit,Tamil,1234,0.4177777777777778,0.2877777777777778,0.3322222222222222,0.2577777777777778,0.44555555555555554
CohereLabs/aya-expanse-8b,tacq,3-bit,Tamil,1234,0.7288888888888889,0.4388888888888889,0.6766666666666666,0.32666666666666666,0.7388888888888889
CohereLabs/aya-expanse-8b,tacq,4-bit,Tamil,1234,0.77,0.43333333333333335,0.7,0.35333333333333333,0.7811111111111111
CohereLabs/aya-expanse-8b,tacq,2-bit,Indonesian,1234,0.4066666666666667,0.22,0.3611111111111111,0.22333333333333333,0.38666666666666666
CohereLabs/aya-expanse-8b,tacq,3-bit,Indonesian,1234,0.7044444444444444,0.4033333333333333,0.6555555555555556,0.33444444444444443,0.7277777777777777
CohereLabs/aya-expanse-8b,tacq,4-bit,Indonesian,1234,0.7811111111111111,0.44666666666666666,0.72,0.35888888888888887,0.7822222222222223
CohereLabs/aya-expanse-8b,tacq,2-bit,Swahili,1234,0.39222222222222225,0.23333333333333336,0.3611111111111111,0.25333333333333335,0.36666666666666664
CohereLabs/aya-expanse-8b,tacq,3-bit,Swahili,1234,0.7155555555555555,0.4155555555555556,0.6322222222222222,0.3433333333333333,0.7155555555555555
CohereLabs/aya-expanse-8b,tacq,4-bit,Swahili,1234,0.7688888888888888,0.43222222222222223,0.7066666666666667,0.3411111111111111,0.7566666666666667
CohereLabs/aya-expanse-8b,tacq,2-bit,Chinese,1234,0.35888888888888887,0.27,0.26555555555555554,0.21777777777777776,0.36333333333333334
CohereLabs/aya-expanse-8b,tacq,3-bit,Chinese,1234,0.71,0.39,0.6788888888888889,0.3244444444444444,0.7188888888888889
CohereLabs/aya-expanse-8b,tacq,4-bit,Chinese,1234,0.8022222222222222,0.43666666666666665,0.7411111111111112,0.32,0.7866666666666666
CohereLabs/aya-expanse-8b,sinq,2-bit,,1234,0.23777777777777775,0.23555555555555557,0.24666666666666667,0.24222222222222223,0.24222222222222223
CohereLabs/aya-expanse-8b,sinq,3-bit,,1234,0.7011111111111111,0.36777777777777776,0.6466666666666666,0.31555555555555553,0.6788888888888889
CohereLabs/aya-expanse-8b,sinq,4-bit,,1234,0.7766666666666666,0.4533333333333333,0.7044444444444444,0.3488888888888889,0.7733333333333333
meta-llama/Llama-3.1-8B-Instruct,Unquantized,32-bit,Unquantized,1234,0.8866666666666667,0.5922222222222222,0.7811111111111111,0.56,0.8466666666666667
meta-llama/Llama-3.1-8B-Instruct,gptq,2-bit,English,1234,0.23555555555555557,0.2633333333333333,0.27,0.2388888888888889,0.22666666666666663
meta-llama/Llama-3.1-8B-Instruct,gptq,3-bit,English,1234,0.79,0.23333333333333336,0.4911111111111111,0.2833333333333333,0.5388888888888889
meta-llama/Llama-3.1-8B-Instruct,gptq,4-bit,English,1234,0.8777777777777778,0.5288888888888889,0.7511111111111111,0.4988888888888889,0.8444444444444444
meta-llama/Llama-3.1-8B-Instruct,gptq,2-bit,Tamil,1234,0.24555555555555555,0.2088888888888889,0.23555555555555557,0.24444444444444444,0.24333333333333337
meta-llama/Llama-3.1-8B-Instruct,gptq,3-bit,Tamil,1234,0.7666666666666667,0.43666666666666665,0.5866666666666667,0.32666666666666666,0.6777777777777778
meta-llama/Llama-3.1-8B-Instruct,gptq,4-bit,Tamil,1234,0.8777777777777778,0.5855555555555556,0.7755555555555556,0.5111111111111111,0.8455555555555555
meta-llama/Llama-3.1-8B-Instruct,gptq,2-bit,Indonesian,1234,0.2411111111111111,0.22777777777777777,0.25,0.24333333333333337,0.22666666666666663
meta-llama/Llama-3.1-8B-Instruct,gptq,3-bit,Indonesian,1234,0.7244444444444444,0.2411111111111111,0.6266666666666667,0.35888888888888887,0.65
meta-llama/Llama-3.1-8B-Instruct,gptq,4-bit,Indonesian,1234,0.8855555555555555,0.5544444444444444,0.76,0.53,0.8277777777777777
meta-llama/Llama-3.1-8B-Instruct,gptq,2-bit,Swahili,1234,0.24222222222222223,0.24666666666666667,0.27555555555555555,0.26555555555555554,0.26555555555555554
meta-llama/Llama-3.1-8B-Instruct,gptq,3-bit,Swahili,1234,0.67,0.2544444444444444,0.5377777777777778,0.3888888888888889,0.5755555555555556
meta-llama/Llama-3.1-8B-Instruct,gptq,4-bit,Swahili,1234,0.8688888888888889,0.55,0.7444444444444445,0.54,0.8255555555555556
meta-llama/Llama-3.1-8B-Instruct,gptq,2-bit,Chinese,1234,0.24,0.26,0.24444444444444444,0.25555555555555554,0.26666666666666666
meta-llama/Llama-3.1-8B-Instruct,gptq,3-bit,Chinese,1234,0.7355555555555555,0.22555555555555556,0.46111111111111114,0.28444444444444444,0.75
meta-llama/Llama-3.1-8B-Instruct,gptq,4-bit,Chinese,1234,0.8733333333333333,0.5377777777777778,0.7388888888888889,0.5077777777777778,0.8111111111111111
meta-llama/Llama-3.1-8B-Instruct,slimllm,2-bit,English,1234,0.2511111111111111,0.27111111111111114,0.24555555555555555,0.24222222222222223,0.26666666666666666
meta-llama/Llama-3.1-8B-Instruct,slimllm,3-bit,English,1234,0.5988888888888889,0.22444444444444445,0.2722222222222222,0.25555555555555554,0.37555555555555553
meta-llama/Llama-3.1-8B-Instruct,slimllm,4-bit,English,1234,0.8544444444444445,0.4777777777777778,0.7166666666666667,0.4955555555555556,0.8011111111111111
meta-llama/Llama-3.1-8B-Instruct,slimllm,2-bit,Tamil,1234,0.2288888888888889,0.2288888888888889,0.22666666666666663,0.26,0.24444444444444444
meta-llama/Llama-3.1-8B-Instruct,slimllm,3-bit,Tamil,1234,0.2311111111111111,0.24666666666666667,0.2688888888888889,0.24,0.2288888888888889
meta-llama/Llama-3.1-8B-Instruct,slimllm,4-bit,Tamil,1234,0.8477777777777777,0.4411111111111111,0.6411111111111111,0.43333333333333335,0.7733333333333333
meta-llama/Llama-3.1-8B-Instruct,slimllm,2-bit,Indonesian,1234,0.24222222222222223,0.2588888888888889,0.27666666666666667,0.23222222222222225,0.21888888888888888
meta-llama/Llama-3.1-8B-Instruct,slimllm,3-bit,Indonesian,1234,0.6744444444444444,0.2688888888888889,0.4777777777777778,0.2922222222222222,0.5511111111111111
meta-llama/Llama-3.1-8B-Instruct,slimllm,4-bit,Indonesian,1234,0.8655555555555555,0.4722222222222222,0.7144444444444444,0.48,0.8
meta-llama/Llama-3.1-8B-Instruct,slimllm,2-bit,Swahili,1234,0.2733333333333333,0.28,0.2788888888888889,0.2788888888888889,0.2777777777777778
meta-llama/Llama-3.1-8B-Instruct,slimllm,3-bit,Swahili,1234,0.5177777777777778,0.23222222222222225,0.31222222222222223,0.27555555555555555,0.2633333333333333
meta-llama/Llama-3.1-8B-Instruct,slimllm,4-bit,Swahili,1234,0.8622222222222222,0.49777777777777776,0.7422222222222222,0.5277777777777778,0.8077777777777778
meta-llama/Llama-3.1-8B-Instruct,slimllm,2-bit,Chinese,1234,0.22666666666666663,0.25,0.2733333333333333,0.2411111111111111,0.22777777777777777
meta-llama/Llama-3.1-8B-Instruct,slimllm,3-bit,Chinese,1234,0.6811111111111111,0.2966666666666667,0.4911111111111111,0.2877777777777778,0.6711111111111111
meta-llama/Llama-3.1-8B-Instruct,slimllm,4-bit,Chinese,1234,0.86,0.4722222222222222,0.73,0.4855555555555556,0.8022222222222222
meta-llama/Llama-3.1-8B-Instruct,tacq,2-bit,English,1234,0.2877777777777778,0.2288888888888889,0.23666666666666664,0.2288888888888889,0.2288888888888889
meta-llama/Llama-3.1-8B-Instruct,tacq,3-bit,English,1234,0.8166666666666667,0.3277777777777778,0.6122222222222222,0.37777777777777777,0.76
meta-llama/Llama-3.1-8B-Instruct,tacq,4-bit,English,1234,0.8633333333333333,0.5177777777777778,0.7588888888888888,0.5311111111111111,0.8122222222222222
meta-llama/Llama-3.1-8B-Instruct,tacq,2-bit,Tamil,1234,0.23,0.22555555555555556,0.2311111111111111,0.23222222222222225,0.23
meta-llama/Llama-3.1-8B-Instruct,tacq,3-bit,Tamil,1234,0.7766666666666666,0.46111111111111114,0.6355555555555555,0.3955555555555555,0.7344444444444445
meta-llama/Llama-3.1-8B-Instruct,tacq,4-bit,Tamil,1234,0.88,0.55,0.75,0.5022222222222222,0.8177777777777778
meta-llama/Llama-3.1-8B-Instruct,tacq,2-bit,Indonesian,1234,0.2677777777777778,0.23333333333333336,0.2688888888888889,0.23222222222222225,0.23666666666666664
meta-llama/Llama-3.1-8B-Instruct,tacq,3-bit,Indonesian,1234,0.8255555555555556,0.3888888888888889,0.7044444444444444,0.43555555555555553,0.7677777777777778
meta-llama/Llama-3.1-8B-Instruct,tacq,4-bit,Indonesian,1234,0.8822222222222222,0.5611111111111111,0.7522222222222222,0.5522222222222222,0.8311111111111111
meta-llama/Llama-3.1-8B-Instruct,tacq,2-bit,Swahili,1234,0.23666666666666664,0.2288888888888889,0.2311111111111111,0.2411111111111111,0.2288888888888889
meta-llama/Llama-3.1-8B-Instruct,tacq,3-bit,Swahili,1234,0.7866666666666666,0.35333333333333333,0.6366666666666667,0.4644444444444445,0.73
meta-llama/Llama-3.1-8B-Instruct,tacq,4-bit,Swahili,1234,0.8811111111111111,0.5344444444444445,0.7511111111111111,0.5366666666666666,0.8244444444444444
meta-llama/Llama-3.1-8B-Instruct,tacq,2-bit,Chinese,1234,0.23555555555555557,0.2288888888888889,0.2311111111111111,0.2288888888888889,0.2477777777777778
meta-llama/Llama-3.1-8B-Instruct,tacq,3-bit,Chinese,1234,0.8044444444444444,0.43555555555555553,0.6755555555555556,0.39111111111111113,0.7666666666666667
meta-llama/Llama-3.1-8B-Instruct,tacq,4-bit,Chinese,1234,0.8766666666666667,0.54,0.75,0.5422222222222223,0.8344444444444444
meta-llama/Llama-3.1-8B-Instruct,sinq,2-bit,,1234,0.25666666666666665,0.22444444444444445,0.2544444444444444,0.23666666666666664,0.2288888888888889
meta-llama/Llama-3.1-8B-Instruct,sinq,3-bit,,1234,0.6911111111111111,0.30666666666666664,0.49444444444444446,0.3322222222222222,0.5844444444444444
meta-llama/Llama-3.1-8B-Instruct,sinq,4-bit,,1234,0.8711111111111111,0.53,0.7433333333333333,0.5244444444444445,0.8222222222222222
Qwen/Qwen3-14B,sinq,2-bit,,1234,0.23222222222222225,0.2477777777777778,0.2544444444444444,0.24333333333333337,0.20555555555555555
Qwen/Qwen3-14B,sinq,3-bit,,1234,0.8922222222222222,0.6088888888888889,0.8288888888888889,0.4044444444444445,0.8777777777777778
