Base Model,Quantization Technique,Bit Width,Calibration Language,Random Seed,eng_Latn,kan_Knda,mal_Mlym,tam_Taml,tel_Telu,ind_Latn,swh_Latn,cmn_Hans,eng_Latn_nancount,kan_Knda_nancount,mal_Mlym_nancount,tam_Taml_nancount,tel_Telu_nancount,ind_Latn_nancount,swh_Latn_nancount,cmn_Hans_nancount
Qwen/Qwen3-8B,Unquantized,32-bit,Unquantized,1234,33.42869779663646,2.556591706211375,2.441470737125651,2.7416050389620468,2.503421797402553,16.69900768379095,64.53464526103139,46.980805774463015,0,0,0,0,0,0,0,0
Qwen/Qwen3-8B,gptq,2-bit,English,1234,13062.876244178611,54372.9530490231,52643.710214139115,48256.10548482944,63979.58074260883,39854.46393039143,38231.523294803,34286.23652790619,319,1000,995,984,1010,939,882,998
Qwen/Qwen3-8B,gptq,3-bit,English,1234,40.188511508698525,3.889851007025425,3.638337083215527,4.329966014482671,3.8787453289708687,24.304463874060193,160.4175190088491,62.90124860133694,0,0,0,0,0,0,0,0
Qwen/Qwen3-8B,gptq,4-bit,English,1234,38.63377253787829,2.689874544149793,2.5895075466856134,2.9031441093781605,2.627716204102214,18.795383083015633,81.5190270910736,54.47198774405447,0,0,0,0,0,0,0,0
Qwen/Qwen3-8B,gptq,2-bit,Tamil,1234,45011.90015069094,49.54273916454929,41.66200183809533,8.059500068367093,46.419274743296135,48568.139986421265,,51742.18947582705,1008,0,0,0,0,1003,1012,1009
Qwen/Qwen3-8B,gptq,3-bit,Tamil,1234,42.01276040614906,2.867113180766494,2.720252434081617,2.919523189827532,2.784157710542023,22.620577787849335,144.2631959091692,62.47537720471884,0,0,0,0,0,0,0,0
Qwen/Qwen3-8B,gptq,4-bit,Tamil,1234,36.874922404755154,2.639497147135398,2.501267850046578,2.789351581576123,2.570704988777616,18.04538708509607,80.63950870154706,52.04763568643273,0,0,0,0,0,0,0,0
Qwen/Qwen3-8B,gptq,2-bit,Indonesian,1234,33757.6347110466,11127.077012148628,25592.43382737031,27336.007203959947,12689.78525662176,1292.5707397003864,31265.34602617558,44669.35199474621,916,28,206,257,69,9,650,1006
Qwen/Qwen3-8B,gptq,3-bit,Indonesian,1234,42.38549443286019,3.4818429226064644,3.360414011649046,3.915570084781495,3.4454765280234665,19.171945899648552,143.3578203718125,62.97257579744268,0,0,0,0,0,0,0,0
Qwen/Qwen3-8B,gptq,4-bit,Indonesian,1234,36.30748240228997,2.6667803784668456,2.5540014946192553,2.869461655249416,2.5953370834234,17.537566302499595,75.50306730936799,52.100442844564874,0,0,0,0,0,0,0,0
Qwen/Qwen3-8B,gptq,2-bit,Swahili,1234,43340.99644682806,23382.65476357741,46416.723829012924,37753.455877870045,22682.984237583096,39555.25012897737,1309.6525345895232,,1004,156,976,679,231,925,16,1012
Qwen/Qwen3-8B,gptq,3-bit,Swahili,1234,44.7868655144495,3.322771974099461,3.2110795633665328,3.771811375692601,3.2220258923772587,22.734895653593014,79.9850898216555,66.24926590137403,0,0,0,0,0,0,0,0
Qwen/Qwen3-8B,gptq,4-bit,Swahili,1234,36.7826059110819,2.6446622802652247,2.5251183492947513,2.8621919820749,2.580559540023951,18.727564991763867,71.5224931252781,52.98490424001635,0,0,0,0,0,0,0,0
Qwen/Qwen3-8B,gptq,2-bit,Chinese,1234,31539.28935596854,22947.820923741845,26925.73021981178,20653.920898784057,14885.635040415653,33869.505356545866,36808.23721384521,19548.10577563764,857,207,155,143,74,932,854,559
Qwen/Qwen3-8B,gptq,3-bit,Chinese,1234,40.86535137986994,3.6804655651489098,3.445942602669076,4.132577114574062,3.5351695915106114,24.873792937283397,151.0408219495891,56.09875378770698,0,0,0,0,0,0,0,0
Qwen/Qwen3-8B,gptq,4-bit,Chinese,1234,36.7910051844728,2.698324497744812,2.607777609585431,2.9218138424187035,2.651511049781125,17.943838145445774,78.50109516814331,52.133660525483464,0,0,0,0,0,0,0,0
Qwen/Qwen3-8B,slimllm,2-bit,English,1234,136.42133324109142,7917.450573783031,3447.6831463515127,7868.718125583641,10794.922417934064,2487.6444767258004,7155.155728330213,1018849.4256141403,0,0,0,0,0,0,0,0
Qwen/Qwen3-8B,slimllm,3-bit,English,1234,37.99688059550058,4.0189257469397885,4.099281486640561,5.016176848088825,4.258688665540153,26.602902956456948,168.9902512101581,62.76631434224415,0,0,0,0,0,0,0,0
Qwen/Qwen3-8B,slimllm,4-bit,English,1234,34.26049753807352,2.724703798005034,2.595357889254268,2.9580739068662836,2.663520969663739,17.888351357641866,79.74317293752884,49.54453988752638,0,0,0,0,0,0,0,0
Qwen/Qwen3-8B,slimllm,2-bit,Tamil,1234,9540.97626842516,10.15091295984783,10.221974682453366,4.296939557556912,8.57697241506842,8528.090849291808,6611.650597475295,92242.3284999782,0,0,0,0,0,0,0,0
Qwen/Qwen3-8B,slimllm,3-bit,Tamil,1234,44.63405853598474,2.871369320313387,2.7035077550416884,2.900773949106872,2.810554365641615,23.03524789974803,135.08245078652956,62.115039419691904,0,0,0,0,0,0,0,0
Qwen/Qwen3-8B,slimllm,4-bit,Tamil,1234,36.234922243486274,2.606902548862758,2.491346175774326,2.7768215261847855,2.5508534717049747,18.0978997937216,78.92870637314043,50.70813658509969,0,0,0,0,0,0,0,0
Qwen/Qwen3-8B,slimllm,2-bit,Indonesian,1234,1875.6211876537789,22375.48938216847,111075.09649507568,27736.05120290473,41124.04785616314,213.78650585655905,4277.16331359407,603631.5192775716,0,0,0,0,0,0,0,0
Qwen/Qwen3-8B,slimllm,3-bit,Indonesian,1234,40.97976053677497,3.4635638100740564,3.402102696812744,3.987144554270198,3.4812495700870474,18.93958542582823,135.63880734264598,63.99228798231387,0,0,0,0,0,0,0,0
Qwen/Qwen3-8B,slimllm,4-bit,Indonesian,1234,34.63364390357048,2.6820208123121243,2.5675238644457417,2.891498495532571,2.626014685328326,17.211146427348073,77.37940643739049,49.841061913184795,0,0,0,0,0,0,0,0
Qwen/Qwen3-8B,slimllm,2-bit,Swahili,1234,1295.6478871847648,634.2274450699787,1826.55201124989,1297.831133642902,1783.3490220703982,734.7904964034766,755.8347877573307,203061.65036763428,0,0,0,0,0,0,0,0
Qwen/Qwen3-8B,slimllm,3-bit,Swahili,1234,45.25536722245558,3.457504547106335,3.309417792814025,4.003746574948249,3.503190991158578,22.944875872841305,74.91642405453797,68.85531712476093,0,0,0,0,0,0,0,0
Qwen/Qwen3-8B,slimllm,4-bit,Swahili,1234,34.731502649891816,2.672759177263932,2.574050388944103,2.901018056145293,2.6034940109824563,17.629106620996673,63.98431315614516,49.63811238091433,0,0,0,0,0,0,0,0
Qwen/Qwen3-8B,slimllm,2-bit,Chinese,1234,4070.391396172054,1877.5070732307709,2428.657689568529,6230.997726404883,4636.9111319250815,17901.847298242043,14441.185177558322,296.78703265712124,0,0,0,0,0,0,0,0
Qwen/Qwen3-8B,slimllm,3-bit,Chinese,1234,44.25240759960642,3.900580856671328,3.7000912507890615,4.236144197464472,3.773979764713942,26.923225775353018,168.42761665887866,54.44892800519031,0,0,0,0,0,0,0,0
Qwen/Qwen3-8B,slimllm,4-bit,Chinese,1234,35.165067904624784,2.6957584190327784,2.5732651714152444,2.918108808024613,2.65899921864835,18.043826896466665,78.80057727981894,47.49619236241774,0,0,0,0,0,0,0,0
Qwen/Qwen3-8B,tacq,2-bit,English,1234,44.433395447277995,17.344099742011878,14.281253330920029,14.577590247018955,12.809028953059704,118.64651418890892,391.55455389931456,143.96306968977314,0,0,0,0,0,0,0,0
Qwen/Qwen3-8B,tacq,3-bit,English,1234,34.71000196637057,3.347677060747698,3.205089276958437,3.851372880707081,3.3135165112350187,21.065717516091933,117.19922775157184,53.50473655318566,0,0,0,0,0,0,0,0
Qwen/Qwen3-8B,tacq,4-bit,English,1234,34.14786620543491,2.6713402665190067,2.563557844726344,2.8703306108388182,2.5884375104684914,17.424551550809138,74.33560103619857,48.76352348444983,0,0,0,0,0,0,0,0
Qwen/Qwen3-8B,tacq,2-bit,Tamil,1234,63.75770038177639,3.89723471065811,4.016681588094956,3.077032400576856,3.728923360343635,92.5156471069371,636.8126350983023,118.76359073510078,0,0,0,0,0,0,0,0
Qwen/Qwen3-8B,tacq,3-bit,Tamil,1234,38.87641164454056,2.68229601190714,2.5363145756105,2.7863205169422254,2.622274093039778,19.32588747425394,106.37671205975325,54.06093638562509,0,0,0,0,0,0,0,0
Qwen/Qwen3-8B,tacq,4-bit,Tamil,1234,34.711885279714835,2.596488833104893,2.484224136712816,2.7588628727212248,2.54202672579254,17.336806235613246,73.35113078879829,48.55678303623122,0,0,0,0,0,0,0,0
Qwen/Qwen3-8B,tacq,2-bit,Indonesian,1234,51.81595304662957,9.693961219152536,9.39024627782417,11.100247869754718,9.918503166196835,21.58457871856061,233.38270122549133,120.66615858362586,0,0,0,0,0,0,0,0
Qwen/Qwen3-8B,tacq,3-bit,Indonesian,1234,36.94602476929229,3.055356765590984,2.962016545588629,3.4506433531196534,3.0042470428150936,17.499578886805082,102.48438721079468,54.49298709249447,0,0,0,0,0,0,0,0
Qwen/Qwen3-8B,tacq,4-bit,Indonesian,1234,35.19959948318133,2.702445461883814,2.579636223669749,2.8782140234865494,2.632288566665921,16.914091447387428,73.971753442491,48.98535116077212,0,0,0,0,0,0,0,0
Qwen/Qwen3-8B,tacq,2-bit,Swahili,1234,65.67543691473466,9.718826650871618,8.729176719707898,9.82957286166951,7.608426483602084,44.39996892224965,68.73769606135602,189.9219302090219,0,0,0,0,0,0,0,0
Qwen/Qwen3-8B,tacq,3-bit,Swahili,1234,37.239785457276334,2.9333994573272517,2.8140621568052064,3.283538191105564,2.8697391380181703,19.18807320554388,66.06498211788154,53.378040343090554,0,0,0,0,0,0,0,0
Qwen/Qwen3-8B,tacq,4-bit,Swahili,1234,34.439505455526785,2.6501912276684347,2.5293122595915736,2.856955970571648,2.596793946744138,17.086450847287754,64.98479367432465,48.547595277331695,0,0,0,0,0,0,0,0
Qwen/Qwen3-8B,tacq,2-bit,Chinese,1234,60.22340609418394,10.383265507766636,10.731035047390945,11.664860950377186,10.417724086983446,135.1630713898736,351.5301848037403,62.5364722942101,0,0,0,0,0,0,0,0
Qwen/Qwen3-8B,tacq,3-bit,Chinese,1234,36.93986125552891,3.2077994940933428,3.0941487628458457,3.656486823056918,3.1030645385363225,21.255791442176797,117.44766444695392,48.25663455926021,0,0,0,0,0,0,0,0
Qwen/Qwen3-8B,tacq,4-bit,Chinese,1234,34.21886741877833,2.679958242171404,2.5649257969988253,2.9067392526734235,2.6157039971309435,17.52853843219078,73.93901699076459,47.282614350761946,0,0,0,0,0,0,0,0
CohereLabs/aya-expanse-8b,Unquantized,32-bit,Unquantized,1234,53.75491287097983,4.513320777805018,2.728951743160326,3.7983340424873626,4.011055134928705,92.36325019157783,347.2452941767379,112.08422832375084,0,0,0,0,0,0,0,0
CohereLabs/aya-expanse-8b,gptq,2-bit,English,1234,235.5280996643303,2654.7079602491704,8148.435039145542,29179.092456570044,1624.5234251398094,7146.061890917574,21486.634404614393,21098.267208628356,0,0,0,59,0,32,55,240
CohereLabs/aya-expanse-8b,gptq,3-bit,English,1234,55.71695519826462,5.7004897472412885,3.580058963690666,5.489648118847672,4.84195593737685,122.9007715726655,701.9440218279792,170.1082195879009,0,0,0,0,0,0,0,0
CohereLabs/aya-expanse-8b,gptq,4-bit,English,1234,50.81587572611387,4.6924519291866975,2.808145934128239,3.947912843975545,4.096131738538829,89.97813298135117,401.7707276043198,113.31203747484136,0,0,0,0,0,0,0,0
CohereLabs/aya-expanse-8b,gptq,2-bit,Tamil,1234,831.145208860771,28.02295396693851,20.82659669601465,6.779198137739801,23.301864363359787,6538.64580821011,21859.037272497037,11035.168408974932,0,0,0,0,0,15,84,39
CohereLabs/aya-expanse-8b,gptq,3-bit,Tamil,1234,59.99613069584962,4.819903018690626,2.9728860028364372,3.942702935283208,4.242135763609223,170.2862854123423,866.6806808261634,262.4745228052927,0,0,0,0,0,0,0,0
CohereLabs/aya-expanse-8b,gptq,4-bit,Tamil,1234,51.35584423315142,4.531706679773766,2.7384013342419418,3.79685085652883,4.00142842539326,90.78424435589244,373.873691301389,112.28023179953176,0,0,0,0,0,0,0,0
CohereLabs/aya-expanse-8b,gptq,2-bit,Indonesian,1234,525.7959814829851,2561.3972618320013,1841.7381180602292,5129.666587920575,1246.5121395509389,563.1372166284996,15819.122888546435,10036.43879252835,0,0,0,0,0,0,22,35
CohereLabs/aya-expanse-8b,gptq,3-bit,Indonesian,1234,58.33115270090411,5.538773791984837,3.3870565935543144,4.941318377413541,4.622075392611863,100.9526209786838,601.327531947562,151.64407023590647,0,0,0,0,0,0,0,0
CohereLabs/aya-expanse-8b,gptq,4-bit,Indonesian,1234,52.13795325694668,4.605762305641903,2.797334960347099,3.9773421895874663,4.029608301148468,90.5358520402782,365.3511067084535,113.16849690168593,0,0,0,0,0,0,0,0
CohereLabs/aya-expanse-8b,gptq,2-bit,Swahili,1234,724.2960030826857,187.25023245190943,477.35364156736017,1890.9888212589913,276.84834800785603,4170.777295099806,1546.3973292699843,13156.622437175069,0,0,0,0,0,14,1,76
CohereLabs/aya-expanse-8b,gptq,3-bit,Swahili,1234,56.8820363943001,5.21012766440638,3.303402734998123,4.902820723876676,4.5930479784053135,109.5047516918972,386.51089337452976,153.62622777521628,0,0,0,0,0,0,0,0
CohereLabs/aya-expanse-8b,gptq,4-bit,Swahili,1234,50.55680554636828,4.614239329477378,2.7968233104245974,3.9005419293931025,3.994350763040636,89.2797399615875,352.4210073126903,112.10541202070128,0,0,0,0,0,0,0,0
CohereLabs/aya-expanse-8b,gptq,2-bit,Chinese,1234,908.806486078912,751.1014919372863,872.1006046084879,3844.228300775372,1510.7492882994975,5362.628130482599,17568.374956168915,1019.2857077745504,0,0,0,0,0,6,27,0
CohereLabs/aya-expanse-8b,gptq,3-bit,Chinese,1234,56.4906538469756,5.447398368893315,3.433881262014504,5.048184786189928,4.583485777340336,108.3845929104977,628.5675488884557,124.03065873325782,0,0,0,0,0,0,0,0
CohereLabs/aya-expanse-8b,gptq,4-bit,Chinese,1234,52.41335281710519,4.549479629581504,2.7856633219925304,3.92998358155236,4.0304218722209395,92.00567212763124,381.2027339493684,113.04624726503,0,0,0,0,0,0,0,0
CohereLabs/aya-expanse-8b,slimllm,2-bit,English,1234,126.66586084857136,145173.22890321404,1207671.0060254787,737472.5431301057,53088.52464093636,65378.469956132256,8350.373145375457,6745728.273390636,0,0,0,0,0,0,0,0
CohereLabs/aya-expanse-8b,slimllm,3-bit,English,1234,70.33484756920092,6.170189678478638,3.5205917705872194,5.190607683435735,4.813090420072619,128.2417722696128,694.409389651766,153.80799201120558,0,0,0,0,0,0,0,0
CohereLabs/aya-expanse-8b,slimllm,4-bit,English,1234,54.70677279508479,4.610487629980095,2.8187615220527116,4.0215750606607115,4.084566352214628,98.35450271803846,397.648199964526,124.48586658879024,0,0,0,0,0,0,0,0
CohereLabs/aya-expanse-8b,slimllm,2-bit,Indonesian,1234,242.23046796335575,14835.79361552517,217566.7501282432,565648.7100779251,35865.44895756357,222.2440750172781,5041.660038092276,2213893.3745234176,0,0,0,0,0,0,0,0
CohereLabs/aya-expanse-8b,slimllm,3-bit,Indonesian,1234,70.15928825967538,5.35655690225443,3.2812737177702527,4.846758074537413,4.630852971995126,106.43104014234704,581.5977033876562,148.3480925509209,0,0,0,0,0,0,0,0
CohereLabs/aya-expanse-8b,slimllm,4-bit,Indonesian,1234,55.686326360926415,4.610736850402935,2.8312628284114347,3.975950094053161,4.114447955056261,93.87097957611468,372.4620670128701,122.10572087826768,0,0,0,0,0,0,0,0
CohereLabs/aya-expanse-8b,slimllm,2-bit,Swahili,1234,405.9663448358049,1871.932756760392,51095.06908193137,1778942.968324588,44163.45121476243,1264.551946757189,440.4831064826536,1380742.9665140477,0,0,0,0,0,0,0,0
CohereLabs/aya-expanse-8b,slimllm,3-bit,Swahili,1234,71.44772766982928,5.4121371292628755,3.203741659786918,4.7074565314844685,4.648087043744337,117.15393378732342,372.34414080441394,152.57088740880886,0,0,0,0,0,0,0,0
CohereLabs/aya-expanse-8b,slimllm,4-bit,Swahili,1234,55.9461151180421,4.656080000507878,2.812163918264975,3.920453575224559,4.076526053491349,97.0552224791973,337.1573833745351,123.35992946571416,0,0,0,0,0,0,0,0
CohereLabs/aya-expanse-8b,slimllm,2-bit,Chinese,1234,9591.055846595458,1957.6401772292313,56636.57448678625,664816.9114009405,7981.913391190515,547790.7664436265,88041.95602976136,263.6726541156282,0,0,0,0,0,0,0,0
CohereLabs/aya-expanse-8b,slimllm,3-bit,Chinese,1234,71.27624424454534,5.4207882110661885,3.2442848410618166,4.957356073910392,4.589676124081207,123.7017139849554,698.0110416888623,127.68943258551757,0,0,0,0,0,0,0,0
CohereLabs/aya-expanse-8b,slimllm,4-bit,Chinese,1234,55.43251984755515,4.5510269591656245,2.790812601844725,3.954161304687964,4.04802794029187,98.4017945492255,412.2495504083473,117.61582338744348,0,0,0,0,0,0,0,0
CohereLabs/aya-expanse-8b,tacq,2-bit,English,1234,69.1243399490551,10.163218916476968,8.163004923911352,15.326974972778444,8.3436573583358,305.45374211551086,1488.8315461378304,352.03425215478603,0,0,0,0,0,0,0,0
CohereLabs/aya-expanse-8b,tacq,3-bit,English,1234,56.60363853210221,5.148944927541215,3.1629934793194567,4.598232981542313,4.364914343850245,104.21884960528136,488.4152689855802,132.58289849631012,0,0,0,0,0,0,0,0
CohereLabs/aya-expanse-8b,tacq,4-bit,English,1234,55.02221999711518,4.724668710355959,2.8222761894921424,3.9803619987851575,4.161867531563553,96.78106604491153,388.5583601119019,120.3016765886676,0,0,0,0,0,0,0,0
CohereLabs/aya-expanse-8b,tacq,2-bit,Tamil,1234,91.79212776730316,5.236403106078536,3.2425805222415836,4.032991026437342,4.487513209225643,213.5606966464045,1533.1510849563983,268.35127017393495,0,0,0,0,0,0,0,0
CohereLabs/aya-expanse-8b,tacq,3-bit,Tamil,1234,59.77830566467715,4.6661887935869775,2.8153550648973296,3.914036757127362,4.040262723571646,107.60092824889728,494.7851072236514,135.09282852250604,0,0,0,0,0,0,0,0
CohereLabs/aya-expanse-8b,tacq,4-bit,Tamil,1234,55.68906007439936,4.565016385336562,2.7734131535146975,3.848132416055845,4.082878323125212,97.58616014320884,389.2916780933288,120.61881562401614,0,0,0,0,0,0,0,0
CohereLabs/aya-expanse-8b,tacq,2-bit,Indonesian,1234,81.00447815502984,9.321464539904804,7.0271687193157915,11.747358660778923,7.587928698435438,113.63463834990196,1343.61688794671,299.0832533666769,0,0,0,0,0,0,0,0
CohereLabs/aya-expanse-8b,tacq,3-bit,Indonesian,1234,57.98897955294493,5.174524666954232,3.098761241756515,4.432266998234929,4.347245367670326,96.9035557194289,505.833185859943,132.2516049717701,0,0,0,0,0,0,0,0
CohereLabs/aya-expanse-8b,tacq,4-bit,Indonesian,1234,55.55997461562265,4.6572575097653806,2.809557717623732,3.942368837924893,4.10369180736791,95.08939123492804,381.5368619307466,119.71670378007488,0,0,0,0,0,0,0,0
CohereLabs/aya-expanse-8b,tacq,2-bit,Swahili,1234,97.7764502227743,7.361665770272196,6.429130948667726,10.504046821252532,6.360504614644245,204.26009480028688,342.5063761963675,410.4569426079825,0,0,0,0,0,0,0,0
CohereLabs/aya-expanse-8b,tacq,3-bit,Swahili,1234,59.710327941304975,4.9727234637900715,3.074587480254419,4.394636097648646,4.2484164461231835,105.48536282588849,351.02676243969034,139.73299179983024,0,0,0,0,0,0,0,0
CohereLabs/aya-expanse-8b,tacq,4-bit,Swahili,1234,55.820594370413176,4.689359152638111,2.8191385239830566,3.988709381701935,4.115029944899544,97.10119643365414,364.8727943863972,121.5158564685307,0,0,0,0,0,0,0,0
CohereLabs/aya-expanse-8b,tacq,2-bit,Chinese,1234,87.56656885552272,8.609617707627116,6.496074467532669,11.0859408420628,8.033501935887534,287.20731212296283,2165.59552615403,136.30764319260996,0,0,0,0,0,0,0,0
CohereLabs/aya-expanse-8b,tacq,3-bit,Chinese,1234,58.37483783527448,5.061769599855028,3.070207433287513,4.441015860599278,4.301324755088131,106.00171965866642,561.0576413516985,119.32191084467846,0,0,0,0,0,0,0,0
CohereLabs/aya-expanse-8b,tacq,4-bit,Chinese,1234,55.483941144317285,4.609940675727565,2.805718648447823,3.9285278741805847,4.059145768114958,96.73971179766008,411.2013099640252,116.573490669218,0,0,0,0,0,0,0,0
meta-llama/Llama-3.1-8B-Instruct,Unquantized,32-bit,Unquantized,1234,45.105213951913754,2.1621488200098846,2.1204875066935,2.3117808145580105,2.175559557372512,24.823783029258784,30.056285070405885,36.82177886769864,0,0,0,0,0,0,0,0
meta-llama/Llama-3.1-8B-Instruct,gptq,2-bit,English,1234,1300.394068278182,,,,,31939.373114856695,34246.51572048312,39034.71876281616,1,1012,1012,1012,1012,228,217,418
meta-llama/Llama-3.1-8B-Instruct,gptq,3-bit,English,1234,54.002998895739225,4.340295599652965,5.3958665677182065,4.619366371615938,5.15892892779192,49.03458723791437,76.29943254962137,65.9069255856645,1,1,8,0,1,0,1,0
meta-llama/Llama-3.1-8B-Instruct,gptq,4-bit,English,1234,47.37206604271768,2.357612242243861,2.3564950695121367,2.503243841409641,2.3173130354821985,27.11150669401622,35.26885811944029,40.06212518066395,0,1,0,0,0,0,0,0
meta-llama/Llama-3.1-8B-Instruct,gptq,2-bit,Tamil,1234,8477.161407461326,1888.1588859888543,3875.707692911495,9.525655641674993,695.4252117350729,38846.104052563176,46302.28919545383,31721.858571992147,11,48,8,1,4,396,581,263
meta-llama/Llama-3.1-8B-Instruct,gptq,3-bit,Tamil,1234,56.97535236579498,2.69627019918782,2.621072022412459,2.4778036416820894,2.562497590553211,42.82057869044083,63.39342856548177,57.59825275989799,0,0,0,0,0,0,0,0
meta-llama/Llama-3.1-8B-Instruct,gptq,4-bit,Tamil,1234,46.72768771393706,2.240933765189244,2.1914912646612335,2.3416324354398377,2.225031103061473,27.03536820377199,34.34313726323199,39.94746603180292,0,0,0,0,0,0,0,0
meta-llama/Llama-3.1-8B-Instruct,gptq,2-bit,Indonesian,1234,6123.151827172624,,,,,2767.98411293317,19466.319054666703,36546.41022608952,4,1012,1012,1012,1012,3,48,442
meta-llama/Llama-3.1-8B-Instruct,gptq,3-bit,Indonesian,1234,56.64327776397757,3.8459214552821424,3.862504094943628,3.8132120438341417,3.244362159817614,32.11425374671129,54.52115063310693,62.209872792866975,0,0,0,0,0,0,0,0
meta-llama/Llama-3.1-8B-Instruct,gptq,4-bit,Indonesian,1234,46.34042124608141,2.335158329944022,2.294576045915131,2.45482055297691,2.2854415731449818,25.609484084588683,33.0182605823189,40.11579798043282,0,1,0,0,1,0,1,0
meta-llama/Llama-3.1-8B-Instruct,gptq,2-bit,Swahili,1234,10477.869746754355,,,,,27130.168105774348,4066.321031965518,46577.70004589035,16,1012,1012,1012,1012,140,3,803
meta-llama/Llama-3.1-8B-Instruct,gptq,3-bit,Swahili,1234,55.005955709213595,3.894333563664412,4.396510005833142,3.841755384659224,4.505506847503788,38.43052093508947,36.94105276658719,62.64082451174363,1,1,18,0,24,0,1,0
meta-llama/Llama-3.1-8B-Instruct,gptq,4-bit,Swahili,1234,46.679480726015946,2.32524702016212,2.2690204993632457,2.4535624022755513,2.2892535215541305,26.44312990472173,31.212913472627665,40.41919153808404,0,0,0,0,0,0,1,0
meta-llama/Llama-3.1-8B-Instruct,gptq,2-bit,Chinese,1234,7680.062328978221,,,57354.93475550773,,35602.00993113767,42876.66974127037,3135.019061483754,8,1012,1012,1006,1012,351,570,0
meta-llama/Llama-3.1-8B-Instruct,gptq,3-bit,Chinese,1234,56.12769934485404,4.014756805755201,3.8157157585431474,3.669906651380947,3.1545217814577544,45.4737410388893,70.28902813590487,45.390109753535015,0,0,0,0,0,0,0,0
meta-llama/Llama-3.1-8B-Instruct,gptq,4-bit,Chinese,1234,46.69737940073949,2.286857205734193,2.258578884428682,2.436779902493995,2.26425024434866,27.02591199418865,34.34264962591059,38.331823028050366,0,0,0,0,0,0,0,0
meta-llama/Llama-3.1-8B-Instruct,slimllm,2-bit,English,1234,1310.330377819445,11642771.07165209,12806215.71269612,13258750.47089376,20142686.368482955,90340.66650365356,48436.72616410772,11828255.262616524,0,0,0,0,0,0,0,0
meta-llama/Llama-3.1-8B-Instruct,slimllm,3-bit,English,1234,51.661761366548944,6.233151002085416,6.501677679910206,6.090120382720041,5.665673005576208,80.62498226175329,140.04612886633308,107.69968375326611,0,0,0,0,0,0,0,0
meta-llama/Llama-3.1-8B-Instruct,slimllm,4-bit,English,1234,43.53246232601883,2.5303976072712433,2.5486973827807393,2.695015451825204,2.480495246146427,28.568593767331176,36.902012251285534,41.52371434200523,0,0,0,0,0,0,0,0
meta-llama/Llama-3.1-8B-Instruct,slimllm,2-bit,Tamil,1234,6547.364588752019,303.4407809735908,411.2805734322145,5.138217755312099,99.12247548742086,28657.95780588389,14562.418099995286,67450.50212042508,0,0,0,0,0,0,0,0
meta-llama/Llama-3.1-8B-Instruct,slimllm,3-bit,Tamil,1234,20302.152824243483,71996.22992384211,853928.1723998028,349753.5370604016,303594.0860187674,147212.49065760945,82843.63261783544,896093.5354848884,0,0,0,0,0,0,0,0
meta-llama/Llama-3.1-8B-Instruct,slimllm,4-bit,Tamil,1234,52.83781222368168,2.8032677132635735,2.7924458504648944,3.0995701137846456,2.697589389898589,94.89573098503908,68.87385702978119,74.44845424299257,0,0,0,0,0,0,0,0
meta-llama/Llama-3.1-8B-Instruct,slimllm,2-bit,Indonesian,1234,24646.872946129828,769961.8918688578,523738.0198491118,2981071.9591295393,311602.2601546618,83638.050377727,33877.892534793005,1889791.9466534304,0,0,0,0,0,0,0,0
meta-llama/Llama-3.1-8B-Instruct,slimllm,3-bit,Indonesian,1234,52.60844924122413,4.92270746858227,4.6922976393895155,4.954543582763,4.379023320204726,33.43762627946794,64.67723572873741,68.9011624809909,0,0,0,0,0,0,0,0
meta-llama/Llama-3.1-8B-Instruct,slimllm,4-bit,Indonesian,1234,44.63257897005219,2.629972772443842,2.6578013327656356,2.73589934787694,2.5930799512223115,26.986951676313392,37.36070303096757,44.224801008881954,0,0,0,0,0,0,0,0
meta-llama/Llama-3.1-8B-Instruct,slimllm,2-bit,Swahili,1234,47030.84586567484,1841753.6231696089,1041632.6014906964,591896.0032811111,592756.9709934811,125363.48887580636,67971.3863944888,3922541.7175676464,0,0,0,0,0,0,0,0
meta-llama/Llama-3.1-8B-Instruct,slimllm,3-bit,Swahili,1234,82.70567979098402,8.889869239285945,9.256362965671093,8.43895935782397,8.132597479224259,237.44908559539363,127.09771073289076,493.79021871499526,0,0,0,0,0,0,0,0
meta-llama/Llama-3.1-8B-Instruct,slimllm,4-bit,Swahili,1234,45.42345037685307,2.570237091673201,2.572244020260439,2.699435227969377,2.4884670205749977,28.200669966248572,32.886215376682216,46.2964419642405,0,0,0,0,0,0,0,0
meta-llama/Llama-3.1-8B-Instruct,slimllm,2-bit,Chinese,1234,6997.865099308116,345827.4270271656,241945.4582759373,212825.01218332505,157430.59971689532,54669.471081432515,20333.921388648538,2407.566671346078,0,0,0,0,0,0,0,0
meta-llama/Llama-3.1-8B-Instruct,slimllm,3-bit,Chinese,1234,55.08159134650224,3.799107786750956,4.003637813907085,3.885786378299543,3.623343379088405,52.09411335754607,79.511095996154,44.49697064147745,0,0,0,0,0,0,0,0
meta-llama/Llama-3.1-8B-Instruct,slimllm,4-bit,Chinese,1234,44.928033645588584,2.4226513727643573,2.4462781503750253,2.5552773600594825,2.3728061948064747,27.777874080855504,35.678429386455306,38.10782671966255,0,0,0,0,0,0,0,0
meta-llama/Llama-3.1-8B-Instruct,tacq,2-bit,English,1234,71.30514576347686,203.5114055471167,388.2012598554052,98.90695067150229,141.58049506144454,409.7376236391584,422.77928083465423,698.2557328838361,0,0,0,0,0,0,0,0
meta-llama/Llama-3.1-8B-Instruct,tacq,3-bit,English,1234,48.270659212199014,4.080983504507597,3.956176190368818,4.269030256185485,3.666586878723631,39.77258686993195,56.28301714806396,57.113640995805795,0,0,0,0,0,0,0,0
meta-llama/Llama-3.1-8B-Instruct,tacq,4-bit,English,1234,45.53529489054378,2.361741607024139,2.3576549707096017,2.5038887851043174,2.3200733048681865,27.187312402966175,34.45639204144634,40.11978034651646,0,0,0,0,0,0,0,0
meta-llama/Llama-3.1-8B-Instruct,tacq,2-bit,Tamil,1234,123.01588474541155,4.3778511090073,4.219333854922697,2.7908480670739975,4.001624600212343,254.872068295526,329.5926907195779,276.4184159551415,0,0,0,0,0,0,0,0
meta-llama/Llama-3.1-8B-Instruct,tacq,3-bit,Tamil,1234,50.73238755469208,2.4724291812165413,2.426404296735583,2.430107190237954,2.4052400501867464,35.06217765232834,46.87813883424103,48.481813848297634,0,0,0,0,0,0,0,0
meta-llama/Llama-3.1-8B-Instruct,tacq,4-bit,Tamil,1234,46.511977618498115,2.2326114163694486,2.1876252269296694,2.3455414316648096,2.232980073775802,27.168394874213863,33.305475964575,39.193254539378785,0,0,0,0,0,0,0,0
meta-llama/Llama-3.1-8B-Instruct,tacq,2-bit,Indonesian,1234,94.74434478012677,15.00939106169135,15.88645390213644,11.29038307945061,10.694663877489145,48.68202871158567,208.36690853583107,381.7390750285579,0,0,0,0,0,0,0,0
meta-llama/Llama-3.1-8B-Instruct,tacq,3-bit,Indonesian,1234,50.05146856026269,3.3249023461684355,3.3032431588354108,3.4630903395044537,3.0637023185107917,28.61815854929057,43.46395323658671,52.05096429618459,0,0,0,0,0,0,0,0
meta-llama/Llama-3.1-8B-Instruct,tacq,4-bit,Indonesian,1234,46.84913874866605,2.314885293628768,2.278461867034226,2.4577764027271214,2.284333535019696,25.944766203782983,32.88207412459745,40.22206302059239,0,0,0,0,0,0,0,0
meta-llama/Llama-3.1-8B-Instruct,tacq,2-bit,Swahili,1234,108.39643652327467,29.72869048648529,20.250917638502948,15.895495700082238,16.12430297186499,135.91288843693297,43.17017923914528,1156.817652609397,0,0,0,0,0,0,0,0
meta-llama/Llama-3.1-8B-Instruct,tacq,3-bit,Swahili,1234,51.24193295030372,3.5024178957426457,3.440791504069719,3.554055983496906,3.167607241339401,34.72114688674486,34.76547563857116,56.75686132004963,0,0,0,0,0,0,0,0
meta-llama/Llama-3.1-8B-Instruct,tacq,4-bit,Swahili,1234,46.16600269653527,2.3019978218653705,2.2883772515898797,2.4603962734256233,2.283224183337325,26.50111818574857,30.807822913419884,39.940934854364144,0,0,0,0,0,0,0,0
meta-llama/Llama-3.1-8B-Instruct,tacq,2-bit,Chinese,1234,110.839197487821,8.522326097174188,14.37788350011535,8.777215682377717,7.530386404688936,481.66613842844225,469.1486610057474,68.7920800131497,0,0,0,0,0,0,0,0
meta-llama/Llama-3.1-8B-Instruct,tacq,3-bit,Chinese,1234,50.02781890259474,2.889620950478765,3.0157212346061213,3.12337323422898,2.7876422223839095,35.462255073342725,50.86852359950654,41.2773219795379,0,0,0,0,0,0,0,0
meta-llama/Llama-3.1-8B-Instruct,tacq,4-bit,Chinese,1234,45.672605370840046,2.2948114554576744,2.2605860069056147,2.424910467775902,2.2748735956824477,27.072293136927307,33.288619429788014,37.42432248740194,0,0,0,0,0,0,0,0
