Base Model,Quantization Technique,Bit Width,Calibration Language,Random Seed,eng_Latn,tam_Taml,ind_Latn,swh_Latn,cmn_Hans,eng_Latn_nancount,tam_Taml_nancount,ind_Latn_nancount,swh_Latn_nancount,cmn_Hans_nancount
Qwen/Qwen3-8B,Unquantized,32-bit,Unquantized,1234,33.42869779663646,2.7416050389620468,16.69900768379095,64.53464526103139,46.980805774463015,0,0,0,0,0
Qwen/Qwen3-8B,gptq,2-bit,English,1234,13062.876244178611,48256.10548482944,39854.46393039143,38231.523294803,34286.23652790619,319,984,939,882,998
Qwen/Qwen3-8B,gptq,2-bit,English,1000,12451.018301860062,40756.55363330234,38410.66745994235,41726.48594709939,39319.365601053105,295,674,860,918,988
Qwen/Qwen3-8B,gptq,2-bit,English,2000,12969.810740737126,48809.76208284943,39445.203775063106,41236.898022332505,44868.795840671955,373,925,923,943,996
Qwen/Qwen3-8B,gptq,3-bit,English,1234,40.188511508698525,4.329966014482671,24.304463874060193,160.4175190088491,62.90124860133694,0,0,0,0,0
Qwen/Qwen3-8B,gptq,3-bit,English,1000,40.94976637537702,4.233634709510161,25.6889529209251,160.37309213618497,64.74358635263319,0,0,0,0,0
Qwen/Qwen3-8B,gptq,3-bit,English,2000,40.43650185624441,4.26833248363183,24.618705533460115,166.34346335232627,63.55698193315504,0,0,0,0,0
Qwen/Qwen3-8B,gptq,4-bit,English,1234,38.63377253787829,2.9031441093781605,18.795383083015633,81.5190270910736,54.47198774405447,0,0,0,0,0
Qwen/Qwen3-8B,gptq,2-bit,Tamil,1234,45011.90015069094,8.059500068367093,48568.139986421265,,51742.18947582705,1008,0,1003,1012,1009
Qwen/Qwen3-8B,gptq,2-bit,Tamil,1000,46991.916078572576,7.181371337624984,51941.77173958297,46783.69341229017,23084.03965594451,1001,0,1006,1000,1009
Qwen/Qwen3-8B,gptq,2-bit,Tamil,2000,39570.94587340045,7.165976283509312,38099.68688093998,46867.31551443562,27196.380935705405,1003,0,1004,1009,1010
Qwen/Qwen3-8B,gptq,3-bit,Tamil,1234,42.01276040614906,2.919523189827532,22.620577787849335,144.2631959091692,62.47537720471884,0,0,0,0,0
Qwen/Qwen3-8B,gptq,3-bit,Tamil,1000,42.72956923114177,2.9374051320789234,23.351523309944923,141.05896517834367,65.20229352883477,0,0,0,0,0
Qwen/Qwen3-8B,gptq,3-bit,Tamil,2000,43.15118391047663,2.9164366442094467,23.161335536984144,140.34045983418545,64.7886912012521,0,0,0,0,0
Qwen/Qwen3-8B,gptq,4-bit,Tamil,1234,36.874922404755154,2.789351581576123,18.04538708509607,80.63950870154706,52.04763568643273,0,0,0,0,0
Qwen/Qwen3-8B,gptq,2-bit,Indonesian,1234,33757.6347110466,27336.007203959947,1292.5707397003864,31265.34602617558,44669.35199474621,916,257,9,650,1006
Qwen/Qwen3-8B,gptq,2-bit,Indonesian,1000,34339.63152517432,35179.82576972344,1423.920369498854,34060.25283851914,41313.90815142466,937,428,13,862,1008
Qwen/Qwen3-8B,gptq,2-bit,Indonesian,2000,37112.56855835714,34283.058624867044,2334.9278110965124,39062.42284386651,40467.022280707,962,386,27,899,1006
Qwen/Qwen3-8B,gptq,3-bit,Indonesian,1234,42.38549443286019,3.915570084781495,19.171945899648552,143.3578203718125,62.97257579744268,0,0,0,0,0
Qwen/Qwen3-8B,gptq,3-bit,Indonesian,1000,43.25069485915249,3.672596670241938,18.982421681100387,133.66971463289846,62.093136934324335,0,0,0,0,0
Qwen/Qwen3-8B,gptq,3-bit,Indonesian,2000,43.147129028347166,3.77889593701408,19.069443551377205,132.90505100852909,63.06858302319841,0,0,0,0,0
Qwen/Qwen3-8B,gptq,4-bit,Indonesian,1234,36.30748240228997,2.869461655249416,17.537566302499595,75.50306730936799,52.100442844564874,0,0,0,0,0
Qwen/Qwen3-8B,gptq,2-bit,Swahili,1234,43340.99644682806,37753.455877870045,39555.25012897737,1309.6525345895232,,1004,679,925,16,1012
Qwen/Qwen3-8B,gptq,2-bit,Swahili,1000,46269.83065777197,35294.78683704414,44736.57332661912,1598.4902069934858,25646.218278724864,1002,472,963,20,1010
Qwen/Qwen3-8B,gptq,2-bit,Swahili,2000,42542.88154073083,38989.79648802804,41573.02072260344,1492.7502159670532,25217.092963697163,993,653,928,16,1009
Qwen/Qwen3-8B,gptq,3-bit,Swahili,1234,44.7868655144495,3.771811375692601,22.734895653593014,79.9850898216555,66.24926590137403,0,0,0,0,0
Qwen/Qwen3-8B,gptq,3-bit,Swahili,1000,42.71736575657824,3.6764044442192,21.716492420510132,77.50694728149128,64.01118773002652,0,0,0,0,0
Qwen/Qwen3-8B,gptq,3-bit,Swahili,2000,44.940711432630614,3.725982435479619,22.273757987021387,79.84465959576092,65.00479591831974,0,0,0,0,0
Qwen/Qwen3-8B,gptq,4-bit,Swahili,1234,36.7826059110819,2.8621919820749,18.727564991763867,71.5224931252781,52.98490424001635,0,0,0,0,0
Qwen/Qwen3-8B,gptq,2-bit,Chinese,1234,31539.28935596854,20653.920898784057,33869.505356545866,36808.23721384521,19548.10577563764,857,143,932,854,559
Qwen/Qwen3-8B,gptq,2-bit,Chinese,1000,30438.093103499585,24261.602329621834,44483.020060672134,50165.325089047816,17960.13621809671,903,156,991,1003,547
Qwen/Qwen3-8B,gptq,2-bit,Chinese,2000,30561.80252622768,24702.250260559667,35962.37047230503,37202.18453008093,15834.832641900335,843,216,896,889,454
Qwen/Qwen3-8B,gptq,3-bit,Chinese,1234,40.86535137986994,4.132577114574062,24.873792937283397,151.0408219495891,56.09875378770698,0,0,0,0,0
Qwen/Qwen3-8B,gptq,3-bit,Chinese,1000,41.26766078421135,4.332161137367033,24.90032597378689,178.14135559554884,56.762462721613865,0,0,0,0,0
Qwen/Qwen3-8B,gptq,3-bit,Chinese,2000,40.662271372236205,4.109008111678199,24.74166799823619,156.28261158821124,55.063002981618325,0,0,0,0,0
Qwen/Qwen3-8B,gptq,4-bit,Chinese,1234,36.7910051844728,2.9218138424187035,17.943838145445774,78.50109516814331,52.133660525483464,0,0,0,0,0
Qwen/Qwen3-8B,slimllm,2-bit,English,1234,136.42133324109142,7868.718125583641,2487.6444767258004,7155.155728330213,1018849.4256141403,0,0,0,0,0
Qwen/Qwen3-8B,slimllm,2-bit,English,1000,145.94770904498114,8446.239510622176,1964.8735141673528,5453.784432102286,392399.7968404536,0,0,0,0,0
Qwen/Qwen3-8B,slimllm,2-bit,English,2000,172.3546442731275,27989.142000721124,3029.195499619087,7569.894285462863,591007.5140671147,0,0,0,0,0
Qwen/Qwen3-8B,slimllm,3-bit,English,1234,37.99688059550058,5.016176848088825,26.602902956456948,168.9902512101581,62.76631434224415,0,0,0,0,0
Qwen/Qwen3-8B,slimllm,3-bit,English,1000,37.998784120304094,5.006314873922607,26.15810862918376,167.30200851577942,64.7634005743877,0,0,0,0,0
Qwen/Qwen3-8B,slimllm,3-bit,English,2000,38.56971282628725,4.824667694671051,26.094762591541087,156.66389764247643,66.60862324052302,0,0,0,0,0
Qwen/Qwen3-8B,slimllm,4-bit,English,1234,34.26049753807352,2.9580739068662836,17.888351357641866,79.74317293752884,49.54453988752638,0,0,0,0,0
Qwen/Qwen3-8B,slimllm,2-bit,Tamil,1234,9540.97626842516,4.296939557556912,8528.090849291808,6611.650597475295,92242.3284999782,0,0,0,0,0
Qwen/Qwen3-8B,slimllm,2-bit,Tamil,1000,7745.881492297413,4.538700467583564,12113.386429581878,4837.904436034809,49294.71488855505,0,0,0,0,0
Qwen/Qwen3-8B,slimllm,2-bit,Tamil,2000,3384.4435023808182,4.4931295903931465,13752.340315958654,8127.880981458725,38961.93886339352,0,0,0,0,0
Qwen/Qwen3-8B,slimllm,3-bit,Tamil,1234,44.63405853598474,2.900773949106872,23.03524789974803,135.08245078652956,62.115039419691904,0,0,0,0,0
Qwen/Qwen3-8B,slimllm,3-bit,Tamil,1000,47.86406317477041,2.9086783194390016,24.16405272938,148.06334046570353,64.06457868654374,0,0,0,0,0
Qwen/Qwen3-8B,slimllm,3-bit,Tamil,2000,45.74472890282722,2.912921670742268,24.153515732840496,153.22917826375294,64.25697756880955,0,0,0,0,0
Qwen/Qwen3-8B,slimllm,4-bit,Tamil,1234,36.234922243486274,2.7768215261847855,18.0978997937216,78.92870637314043,50.70813658509969,0,0,0,0,0
Qwen/Qwen3-8B,slimllm,2-bit,Indonesian,1234,1875.6211876537789,27736.05120290473,213.78650585655905,4277.16331359407,603631.5192775716,0,0,0,0,0
Qwen/Qwen3-8B,slimllm,2-bit,Indonesian,1000,577.2475739187596,4120.2983276788755,73.73206899530305,1271.8371426874885,305160.17405028286,0,0,0,0,0
Qwen/Qwen3-8B,slimllm,2-bit,Indonesian,2000,779.038622163289,4165.074400579615,82.22593717139581,2591.7547523987623,325300.9747672176,0,0,0,0,0
Qwen/Qwen3-8B,slimllm,3-bit,Indonesian,1234,40.97976053677497,3.987144554270198,18.93958542582823,135.63880734264598,63.99228798231387,0,0,0,0,0
Qwen/Qwen3-8B,slimllm,3-bit,Indonesian,1000,42.648606396622505,3.982393129642079,18.99819168074161,135.06185811274358,65.71141720509773,0,0,0,0,0
Qwen/Qwen3-8B,slimllm,3-bit,Indonesian,2000,41.90801817237351,4.059629679707949,19.014004549052,142.46693879911004,64.75479918671876,0,0,0,0,0
Qwen/Qwen3-8B,slimllm,4-bit,Indonesian,1234,34.63364390357048,2.891498495532571,17.211146427348073,77.37940643739049,49.841061913184795,0,0,0,0,0
Qwen/Qwen3-8B,slimllm,2-bit,Swahili,1234,1295.6478871847648,1297.831133642902,734.7904964034766,755.8347877573307,203061.65036763428,0,0,0,0,0
Qwen/Qwen3-8B,slimllm,2-bit,Swahili,1000,1573.397731003124,11214.168311659025,756.9472395057251,438.4887030249833,258399.6981593299,0,0,0,0,0
Qwen/Qwen3-8B,slimllm,2-bit,Swahili,2000,3141.810162183741,5906.338764789605,612.137589668425,425.0960271116197,1422032.6596268525,0,0,0,0,0
Qwen/Qwen3-8B,slimllm,3-bit,Swahili,1234,45.25536722245558,4.003746574948249,22.944875872841305,74.91642405453797,68.85531712476093,0,0,0,0,0
Qwen/Qwen3-8B,slimllm,3-bit,Swahili,1000,43.24006190062377,3.958805152916487,22.11977322485597,74.2190125415579,69.17962040244021,0,0,0,0,0
Qwen/Qwen3-8B,slimllm,3-bit,Swahili,2000,44.85519931224531,3.9532729441766623,22.68707160341442,73.18732647847412,67.08605942560429,0,0,0,0,0
Qwen/Qwen3-8B,slimllm,4-bit,Swahili,1234,34.731502649891816,2.901018056145293,17.629106620996673,63.98431315614516,49.63811238091433,0,0,0,0,0
Qwen/Qwen3-8B,slimllm,2-bit,Chinese,1234,4070.391396172054,6230.997726404883,17901.847298242043,14441.185177558322,296.78703265712124,0,0,0,0,0
Qwen/Qwen3-8B,slimllm,2-bit,Chinese,1000,4209.958053408925,25174.24994264226,12823.592258704834,27768.90870776108,396.5303138805437,0,0,0,0,0
Qwen/Qwen3-8B,slimllm,2-bit,Chinese,2000,8946.461381784295,45460.48614000677,25457.411742704004,15489.593319540703,386.7438087467986,0,0,0,0,0
Qwen/Qwen3-8B,slimllm,3-bit,Chinese,1234,44.25240759960642,4.236144197464472,26.923225775353018,168.42761665887866,54.44892800519031,0,0,0,0,0
Qwen/Qwen3-8B,slimllm,3-bit,Chinese,1000,45.12200942090826,4.7195608006709495,29.2645082068255,188.08292460758423,56.398916008698954,0,0,0,0,0
Qwen/Qwen3-8B,slimllm,3-bit,Chinese,2000,42.56207520258775,4.40793238067072,27.06570388711444,182.3613349202319,55.811098765159095,0,0,0,0,0
Qwen/Qwen3-8B,slimllm,4-bit,Chinese,1234,35.165067904624784,2.918108808024613,18.043826896466665,78.80057727981894,47.49619236241774,0,0,0,0,0
Qwen/Qwen3-8B,tacq,2-bit,English,1234,44.433395447277995,14.577590247018955,118.64651418890892,391.55455389931456,143.96306968977314,0,0,0,0,0
Qwen/Qwen3-8B,tacq,2-bit,English,1000,43.68675738566451,15.899180749508847,111.24700665979309,366.07009642133335,144.77809917571128,0,0,0,0,0
Qwen/Qwen3-8B,tacq,2-bit,English,2000,43.82980149854244,16.064153695419545,118.76216258705637,382.6031946621661,151.3718921181218,0,0,0,0,0
Qwen/Qwen3-8B,tacq,3-bit,English,1234,34.71000196637057,3.851372880707081,21.065717516091933,117.19922775157184,53.50473655318566,0,0,0,0,0
Qwen/Qwen3-8B,tacq,3-bit,English,1000,35.0698777827773,3.771025747817394,21.311043616766636,115.4790445932266,53.38803078587754,0,0,0,0,0
Qwen/Qwen3-8B,tacq,3-bit,English,2000,34.81037435868336,3.764617047579949,21.24358790820251,121.96983561255816,52.76996053036723,0,0,0,0,0
Qwen/Qwen3-8B,tacq,4-bit,English,1234,34.14786620543491,2.8703306108388182,17.424551550809138,74.33560103619857,48.76352348444983,0,0,0,0,0
Qwen/Qwen3-8B,tacq,2-bit,Tamil,1234,63.75770038177639,3.077032400576856,92.5156471069371,636.8126350983023,118.76359073510078,0,0,0,0,0
Qwen/Qwen3-8B,tacq,2-bit,Tamil,1000,64.47907942597637,3.051704464746992,62.86081989268467,337.9548655184241,122.577795550486,0,0,0,0,0
Qwen/Qwen3-8B,tacq,2-bit,Tamil,2000,64.87276053841333,3.0610756483329276,62.65564664780432,324.51929319753236,117.0453628089295,0,0,0,0,0
Qwen/Qwen3-8B,tacq,3-bit,Tamil,1234,38.87641164454056,2.7863205169422254,19.32588747425394,106.37671205975325,54.06093638562509,0,0,0,0,0
Qwen/Qwen3-8B,tacq,3-bit,Tamil,1000,36.99715018693558,2.796624118067487,19.63588991921444,104.5810839125683,53.73264890202518,0,0,0,0,0
Qwen/Qwen3-8B,tacq,3-bit,Tamil,2000,37.56320823961333,2.791407913659118,19.625883370270575,103.34264813044136,54.5628597264225,0,0,0,0,0
Qwen/Qwen3-8B,tacq,4-bit,Tamil,1234,34.711885279714835,2.7588628727212248,17.336806235613246,73.35113078879829,48.55678303623122,0,0,0,0,0
Qwen/Qwen3-8B,tacq,2-bit,Indonesian,1234,51.81595304662957,11.100247869754718,21.58457871856061,233.38270122549133,120.66615858362586,0,0,0,0,0
Qwen/Qwen3-8B,tacq,2-bit,Indonesian,1000,53.063046156423006,9.231703208043438,21.89615180179656,290.4446468309257,117.14192944152684,0,0,0,0,0
Qwen/Qwen3-8B,tacq,2-bit,Indonesian,2000,52.78560696684539,9.537241985976149,21.972291310853528,251.4649478756566,128.50755366711513,0,0,0,0,0
Qwen/Qwen3-8B,tacq,3-bit,Indonesian,1234,36.94602476929229,3.4506433531196534,17.499578886805082,102.48438721079468,54.49298709249447,0,0,0,0,0
Qwen/Qwen3-8B,tacq,3-bit,Indonesian,1000,36.06456359163983,3.455402821072145,17.407666123192033,110.81845968274928,52.49116217355454,0,0,0,0,0
Qwen/Qwen3-8B,tacq,3-bit,Indonesian,2000,37.156511079830736,3.4268775125476783,17.45241925302915,98.4320246417066,53.919998200358954,0,0,0,0,0
Qwen/Qwen3-8B,tacq,4-bit,Indonesian,1234,35.19959948318133,2.8782140234865494,16.914091447387428,73.971753442491,48.98535116077212,0,0,0,0,0
Qwen/Qwen3-8B,tacq,2-bit,Swahili,1234,65.67543691473466,9.82957286166951,44.39996892224965,68.73769606135602,189.9219302090219,0,0,0,0,0
Qwen/Qwen3-8B,tacq,2-bit,Swahili,1000,64.94790654372774,9.39916363968902,43.86025624397753,67.6595242505133,165.73116151698989,0,0,0,0,0
Qwen/Qwen3-8B,tacq,2-bit,Swahili,2000,66.0521166236266,10.605508672185056,42.93956620808688,71.31228330335817,173.30335206851728,0,0,0,0,0
Qwen/Qwen3-8B,tacq,3-bit,Swahili,1234,37.239785457276334,3.283538191105564,19.18807320554388,66.06498211788154,53.378040343090554,0,0,0,0,0
Qwen/Qwen3-8B,tacq,3-bit,Swahili,1000,37.23417844881639,3.3349525798516657,19.2238369665958,65.37530031654407,54.45025333209426,0,0,0,0,0
Qwen/Qwen3-8B,tacq,3-bit,Swahili,2000,37.23915309376006,3.3372666087814675,19.12913070778218,66.55686156280473,53.81670599381587,0,0,0,0,0
Qwen/Qwen3-8B,tacq,4-bit,Swahili,1234,34.439505455526785,2.856955970571648,17.086450847287754,64.98479367432465,48.547595277331695,0,0,0,0,0
Qwen/Qwen3-8B,tacq,2-bit,Chinese,1234,60.22340609418394,11.664860950377186,135.1630713898736,351.5301848037403,62.5364722942101,0,0,0,0,0
Qwen/Qwen3-8B,tacq,2-bit,Chinese,1000,58.01293868336829,12.544227132278358,124.49018395210646,382.7612206212999,62.54391559845593,0,0,0,0,0
Qwen/Qwen3-8B,tacq,2-bit,Chinese,2000,59.32746969351083,15.291020442157189,121.76557593338406,383.949786691058,64.13672492749922,0,0,0,0,0
Qwen/Qwen3-8B,tacq,3-bit,Chinese,1234,36.93986125552891,3.656486823056918,21.255791442176797,117.44766444695392,48.25663455926021,0,0,0,0,0
Qwen/Qwen3-8B,tacq,3-bit,Chinese,1000,36.811469281551005,3.561306852938066,21.20608096305589,112.25214161630456,47.93597895898558,0,0,0,0,0
Qwen/Qwen3-8B,tacq,3-bit,Chinese,2000,36.08378378939191,3.6044116415012777,20.891435303657403,116.60226152497876,47.8504948618239,0,0,0,0,0
Qwen/Qwen3-8B,tacq,4-bit,Chinese,1234,34.21886741877833,2.9067392526734235,17.52853843219078,73.93901699076459,47.282614350761946,0,0,0,0,0
Qwen/Qwen3-8B,sinq,2-bit,,1234,778028.4896692393,221688.7246286408,4557270.525384901,4380327.140485056,2175598.7924796776,0,0,0,0,0
Qwen/Qwen3-8B,sinq,3-bit,,1234,53.16030829819217,3.8358022501947175,27.04417288888649,170.13441560616525,75.03573356680985,0,0,0,0,0
Qwen/Qwen3-8B,sinq,4-bit,,1234,35.693893587915944,2.847228291190236,17.717172186895798,73.39410213055298,52.279769517372365,0,0,0,0,0
CohereLabs/aya-expanse-8b,Unquantized,32-bit,Unquantized,1234,53.75491287097983,3.7983340424873626,92.36325019157783,347.2452941767379,112.08422832375084,0,0,0,0,0
CohereLabs/aya-expanse-8b,gptq,2-bit,English,1234,235.5280996643303,29179.092456570044,7146.061890917574,21486.634404614393,21098.267208628356,0,59,32,55,240
CohereLabs/aya-expanse-8b,gptq,2-bit,English,1000,250.5210225782939,24612.727518124535,5864.566906999666,24022.828228704588,19086.06994819263,0,33,15,78,232
CohereLabs/aya-expanse-8b,gptq,2-bit,English,2000,239.4597085213236,13184.678352768036,5262.237148586131,21168.440156039305,17320.098953977402,0,2,16,58,135
CohereLabs/aya-expanse-8b,gptq,3-bit,English,1234,55.71695519826462,5.489648118847672,122.9007715726655,701.9440218279792,170.1082195879009,0,0,0,0,0
CohereLabs/aya-expanse-8b,gptq,4-bit,English,1234,50.81587572611387,3.947912843975545,89.97813298135117,401.7707276043198,113.31203747484136,0,0,0,0,0
CohereLabs/aya-expanse-8b,gptq,2-bit,Tamil,1234,831.145208860771,6.779198137739801,6538.64580821011,21859.037272497037,11035.168408974932,0,0,15,84,39
CohereLabs/aya-expanse-8b,gptq,2-bit,Tamil,1000,710.8361286664888,6.266144755879813,6993.630048752876,24488.396156603947,8881.469726391084,0,0,12,100,29
CohereLabs/aya-expanse-8b,gptq,2-bit,Tamil,2000,695.0563811290333,6.263502380721639,5888.739165107001,19468.24344629257,7920.244820409575,0,0,13,52,18
CohereLabs/aya-expanse-8b,gptq,3-bit,Tamil,1234,59.99613069584962,3.942702935283208,170.2862854123423,866.6806808261634,262.4745228052927,0,0,0,0,0
CohereLabs/aya-expanse-8b,gptq,4-bit,Tamil,1234,51.35584423315142,3.79685085652883,90.78424435589244,373.873691301389,112.28023179953176,0,0,0,0,0
CohereLabs/aya-expanse-8b,gptq,2-bit,Indonesian,1234,525.7959814829851,5129.666587920575,563.1372166284996,15819.122888546435,10036.43879252835,0,0,0,22,35
CohereLabs/aya-expanse-8b,gptq,2-bit,Indonesian,1000,552.0288482943988,4680.20245958657,579.2140965530906,13146.14985865358,10965.659524007811,0,0,0,8,39
CohereLabs/aya-expanse-8b,gptq,2-bit,Indonesian,2000,489.92243994056304,2790.7247275009227,495.0837930763402,13698.137220415008,8849.432514363774,0,0,0,13,38
CohereLabs/aya-expanse-8b,gptq,3-bit,Indonesian,1234,58.33115270090411,4.941318377413541,100.9526209786838,601.327531947562,151.64407023590647,0,0,0,0,0
CohereLabs/aya-expanse-8b,gptq,4-bit,Indonesian,1234,52.13795325694668,3.9773421895874663,90.5358520402782,365.3511067084535,113.16849690168593,0,0,0,0,0
CohereLabs/aya-expanse-8b,gptq,2-bit,Swahili,1234,724.2960030826857,1890.9888212589913,4170.777295099806,1546.3973292699843,13156.622437175069,0,0,14,1,76
CohereLabs/aya-expanse-8b,gptq,2-bit,Swahili,1000,828.580174373978,686.3203821084135,3675.46223514623,1604.1034906930518,15191.838548036409,0,0,9,1,109
CohereLabs/aya-expanse-8b,gptq,2-bit,Swahili,2000,922.05223466483,1927.135130652116,5116.873657178784,1624.3230769308802,15954.199004632825,0,0,10,1,75
CohereLabs/aya-expanse-8b,gptq,3-bit,Swahili,1234,56.8820363943001,4.902820723876676,109.5047516918972,386.51089337452976,153.62622777521628,0,0,0,0,0
CohereLabs/aya-expanse-8b,gptq,4-bit,Swahili,1234,50.55680554636828,3.9005419293931025,89.2797399615875,352.4210073126903,112.10541202070128,0,0,0,0,0
CohereLabs/aya-expanse-8b,gptq,2-bit,Chinese,1234,908.806486078912,3844.228300775372,5362.628130482599,17568.374956168915,1019.2857077745504,0,0,6,27,0
CohereLabs/aya-expanse-8b,gptq,2-bit,Chinese,1000,1093.1134530001343,5768.6162080778,7164.563376613061,22831.09838776773,1056.463518604204,1,0,11,66,1
CohereLabs/aya-expanse-8b,gptq,2-bit,Chinese,2000,1017.8047184743012,3067.8986709027354,5970.626592151137,22166.919402605126,1013.8227254539178,0,0,9,68,0
CohereLabs/aya-expanse-8b,gptq,3-bit,Chinese,1234,56.4906538469756,5.048184786189928,108.3845929104977,628.5675488884557,124.03065873325782,0,0,0,0,0
CohereLabs/aya-expanse-8b,gptq,4-bit,Chinese,1234,52.41335281710519,3.92998358155236,92.00567212763124,381.2027339493684,113.04624726503,0,0,0,0,0
CohereLabs/aya-expanse-8b,slimllm,2-bit,English,1234,126.66586084857136,737472.5431301057,65378.469956132256,8350.373145375457,6745728.273390636,0,0,0,0,0
CohereLabs/aya-expanse-8b,slimllm,2-bit,English,1000,135.6536332534044,448777.86125277274,26241.84045570868,8612.168775463373,6386107.376566046,0,0,0,0,0
CohereLabs/aya-expanse-8b,slimllm,2-bit,English,2000,147.7697073909402,46812.86737710506,51377.79008770237,12972.453746803838,9097429.981832745,0,0,0,0,0
CohereLabs/aya-expanse-8b,slimllm,3-bit,English,1234,70.33484756920092,5.190607683435735,128.2417722696128,694.409389651766,153.80799201120558,0,0,0,0,0
CohereLabs/aya-expanse-8b,slimllm,4-bit,English,1234,54.70677279508479,4.0215750606607115,98.35450271803846,397.648199964526,124.48586658879024,0,0,0,0,0
CohereLabs/aya-expanse-8b,slimllm,2-bit,Indonesian,1234,242.23046796335575,565648.7100779251,222.2440750172781,5041.660038092276,2213893.3745234176,0,0,0,0,0
CohereLabs/aya-expanse-8b,slimllm,2-bit,Indonesian,1000,266.58206252249107,772896.3610295618,247.7531991115508,7144.640168598413,1417499.3023764305,0,0,0,0,0
CohereLabs/aya-expanse-8b,slimllm,2-bit,Indonesian,2000,297.5917435863298,8487.007059450394,228.47965496780265,4497.698898888157,1262016.981444568,0,0,0,0,0
CohereLabs/aya-expanse-8b,slimllm,3-bit,Indonesian,1234,70.15928825967538,4.846758074537413,106.43104014234704,581.5977033876562,148.3480925509209,0,0,0,0,0
CohereLabs/aya-expanse-8b,slimllm,4-bit,Indonesian,1234,55.686326360926415,3.975950094053161,93.87097957611468,372.4620670128701,122.10572087826768,0,0,0,0,0
CohereLabs/aya-expanse-8b,slimllm,2-bit,Swahili,1234,405.9663448358049,1778942.968324588,1264.551946757189,440.4831064826536,1380742.9665140477,0,0,0,0,0
CohereLabs/aya-expanse-8b,slimllm,2-bit,Swahili,1000,428.4493001265969,39895.239005137664,1395.717011214919,450.12515166296487,1540992.5960492704,0,0,0,0,0
CohereLabs/aya-expanse-8b,slimllm,2-bit,Swahili,2000,169.2513933480935,2567.244675511374,473.19798501477,366.1435978876701,92877.06838256068,0,0,0,0,0
CohereLabs/aya-expanse-8b,slimllm,3-bit,Swahili,1234,71.44772766982928,4.7074565314844685,117.15393378732342,372.34414080441394,152.57088740880886,0,0,0,0,0
CohereLabs/aya-expanse-8b,slimllm,4-bit,Swahili,1234,55.9461151180421,3.920453575224559,97.0552224791973,337.1573833745351,123.35992946571416,0,0,0,0,0
CohereLabs/aya-expanse-8b,slimllm,2-bit,Chinese,1234,9591.055846595458,664816.9114009405,547790.7664436265,88041.95602976136,263.6726541156282,0,0,0,0,0
CohereLabs/aya-expanse-8b,slimllm,2-bit,Chinese,1000,2608.6492959536654,47933.960994626854,436945.54046908405,34314.90852670607,264.87573318073737,0,0,0,0,0
CohereLabs/aya-expanse-8b,slimllm,2-bit,Chinese,2000,1666.3003815219197,157651.55070252265,469420.3115233902,30110.857792645045,293.704176857084,0,0,0,0,0
CohereLabs/aya-expanse-8b,slimllm,3-bit,Chinese,1234,71.27624424454534,4.957356073910392,123.7017139849554,698.0110416888623,127.68943258551757,0,0,0,0,0
CohereLabs/aya-expanse-8b,slimllm,4-bit,Chinese,1234,55.43251984755515,3.954161304687964,98.4017945492255,412.2495504083473,117.61582338744348,0,0,0,0,0
CohereLabs/aya-expanse-8b,tacq,2-bit,English,1234,69.1243399490551,15.326974972778444,305.45374211551086,1488.8315461378304,352.03425215478603,0,0,0,0,0
CohereLabs/aya-expanse-8b,tacq,2-bit,English,1000,69.41724730827005,16.12671397237369,311.94523986348366,1911.110533866738,378.7899150337068,0,0,0,0,0
CohereLabs/aya-expanse-8b,tacq,2-bit,English,2000,68.8836551714933,12.764823789169624,301.2168442848938,1364.5332517455715,351.0868572958963,0,0,0,0,0
CohereLabs/aya-expanse-8b,tacq,3-bit,English,1234,56.60363853210221,4.598232981542313,104.21884960528136,488.4152689855802,132.58289849631012,0,0,0,0,0
CohereLabs/aya-expanse-8b,tacq,4-bit,English,1234,55.02221999711518,3.9803619987851575,96.78106604491153,388.5583601119019,120.3016765886676,0,0,0,0,0
CohereLabs/aya-expanse-8b,tacq,2-bit,Tamil,1234,91.79212776730316,4.032991026437342,213.5606966464045,1533.1510849563983,268.35127017393495,0,0,0,0,0
CohereLabs/aya-expanse-8b,tacq,2-bit,Tamil,1000,94.67325892297396,4.052218778920931,226.58570314725057,1613.7689431925564,278.90966735342107,0,0,0,0,0
CohereLabs/aya-expanse-8b,tacq,2-bit,Tamil,2000,93.1511942648774,4.064052678503997,235.82019433184635,1487.9956406224635,279.59141701054455,0,0,0,0,0
CohereLabs/aya-expanse-8b,tacq,3-bit,Tamil,1234,59.77830566467715,3.914036757127362,107.60092824889728,494.7851072236514,135.09282852250604,0,0,0,0,0
CohereLabs/aya-expanse-8b,tacq,4-bit,Tamil,1234,55.68906007439936,3.848132416055845,97.58616014320884,389.2916780933288,120.61881562401614,0,0,0,0,0
CohereLabs/aya-expanse-8b,tacq,2-bit,Indonesian,1234,81.00447815502984,11.747358660778923,113.63463834990196,1343.61688794671,299.0832533666769,0,0,0,0,0
CohereLabs/aya-expanse-8b,tacq,2-bit,Indonesian,1000,80.4124822682465,12.628553238740444,119.08320440131234,1543.5382367776992,271.05114909896736,0,0,0,0,0
CohereLabs/aya-expanse-8b,tacq,2-bit,Indonesian,2000,81.56878885121121,12.226416094788826,118.69507884937612,1146.9537011067698,308.14844279507054,0,0,0,0,0
CohereLabs/aya-expanse-8b,tacq,3-bit,Indonesian,1234,57.98897955294493,4.432266998234929,96.9035557194289,505.833185859943,132.2516049717701,0,0,0,0,0
CohereLabs/aya-expanse-8b,tacq,4-bit,Indonesian,1234,55.55997461562265,3.942368837924893,95.08939123492804,381.5368619307466,119.71670378007488,0,0,0,0,0
CohereLabs/aya-expanse-8b,tacq,2-bit,Swahili,1234,97.7764502227743,10.504046821252532,204.26009480028688,342.5063761963675,410.4569426079825,0,0,0,0,0
CohereLabs/aya-expanse-8b,tacq,2-bit,Swahili,1000,98.85060414179716,10.0829317942145,203.73216625108324,333.06862854194304,407.26598304682807,0,0,0,0,0
CohereLabs/aya-expanse-8b,tacq,2-bit,Swahili,2000,95.1994832505614,10.107628448463627,198.64409692988593,320.55277763963306,400.67274417600464,0,0,0,0,0
CohereLabs/aya-expanse-8b,tacq,3-bit,Swahili,1234,59.710327941304975,4.394636097648646,105.48536282588849,351.02676243969034,139.73299179983024,0,0,0,0,0
CohereLabs/aya-expanse-8b,tacq,4-bit,Swahili,1234,55.820594370413176,3.988709381701935,97.10119643365414,364.8727943863972,121.5158564685307,0,0,0,0,0
CohereLabs/aya-expanse-8b,tacq,2-bit,Chinese,1234,87.56656885552272,11.0859408420628,287.20731212296283,2165.59552615403,136.30764319260996,0,0,0,0,0
CohereLabs/aya-expanse-8b,tacq,2-bit,Chinese,1000,86.25492241088243,12.776038647497089,322.6908263776877,2640.984866752085,135.84760672160056,0,0,0,0,0
CohereLabs/aya-expanse-8b,tacq,2-bit,Chinese,2000,83.90556908669625,13.401759826283028,283.0779767338664,1899.4817843201329,135.35886875261397,0,0,0,0,0
CohereLabs/aya-expanse-8b,tacq,3-bit,Chinese,1234,58.37483783527448,4.441015860599278,106.00171965866642,561.0576413516985,119.32191084467846,0,0,0,0,0
CohereLabs/aya-expanse-8b,tacq,4-bit,Chinese,1234,55.483941144317285,3.9285278741805847,96.73971179766008,411.2013099640252,116.573490669218,0,0,0,0,0
CohereLabs/aya-expanse-8b,sinq,2-bit,,1234,360.7168542841211,85.55106888330123,1937.4126774690592,11501.34120518934,2834.5829586968653,0,0,2,5,3
CohereLabs/aya-expanse-8b,sinq,3-bit,,1234,60.296624249024894,4.628170015798349,108.03548015795631,598.4202571778146,134.50090954725115,0,0,0,1,0
CohereLabs/aya-expanse-8b,sinq,4-bit,,1234,55.87635237563514,4.002675714746172,98.20064695137752,394.0719864540578,122.26519415804842,0,0,0,0,0
meta-llama/Llama-3.1-8B-Instruct,Unquantized,32-bit,Unquantized,1234,45.105213951913754,2.3117808145580105,24.823783029258784,30.056285070405885,36.82177886769864,0,0,0,0,0
meta-llama/Llama-3.1-8B-Instruct,gptq,2-bit,English,1234,1300.394068278182,,31939.373114856695,34246.51572048312,39034.71876281616,1,1012,228,217,418
meta-llama/Llama-3.1-8B-Instruct,gptq,3-bit,English,1234,54.002998895739225,4.619366371615938,49.03458723791437,76.29943254962137,65.9069255856645,1,0,0,1,0
meta-llama/Llama-3.1-8B-Instruct,gptq,4-bit,English,1234,47.37206604271768,2.503243841409641,27.11150669401622,35.26885811944029,40.06212518066395,0,0,0,0,0
meta-llama/Llama-3.1-8B-Instruct,gptq,2-bit,Tamil,1234,8477.161407461326,9.525655641674993,38846.104052563176,46302.28919545383,31721.858571992147,11,1,396,581,263
meta-llama/Llama-3.1-8B-Instruct,gptq,3-bit,Tamil,1234,56.97535236579498,2.4778036416820894,42.82057869044083,63.39342856548177,57.59825275989799,0,0,0,0,0
meta-llama/Llama-3.1-8B-Instruct,gptq,4-bit,Tamil,1234,46.72768771393706,2.3416324354398377,27.03536820377199,34.34313726323199,39.94746603180292,0,0,0,0,0
meta-llama/Llama-3.1-8B-Instruct,gptq,2-bit,Indonesian,1234,6123.151827172624,,2767.98411293317,19466.319054666703,36546.41022608952,4,1012,3,48,442
meta-llama/Llama-3.1-8B-Instruct,gptq,3-bit,Indonesian,1234,56.64327776397757,3.8132120438341417,32.11425374671129,54.52115063310693,62.209872792866975,0,0,0,0,0
meta-llama/Llama-3.1-8B-Instruct,gptq,4-bit,Indonesian,1234,46.34042124608141,2.45482055297691,25.609484084588683,33.0182605823189,40.11579798043282,0,0,0,1,0
meta-llama/Llama-3.1-8B-Instruct,gptq,2-bit,Swahili,1234,10477.869746754355,,27130.168105774348,4066.321031965518,46577.70004589035,16,1012,140,3,803
meta-llama/Llama-3.1-8B-Instruct,gptq,3-bit,Swahili,1234,55.005955709213595,3.841755384659224,38.43052093508947,36.94105276658719,62.64082451174363,1,0,0,1,0
meta-llama/Llama-3.1-8B-Instruct,gptq,4-bit,Swahili,1234,46.679480726015946,2.4535624022755513,26.44312990472173,31.212913472627665,40.41919153808404,0,0,0,1,0
meta-llama/Llama-3.1-8B-Instruct,gptq,2-bit,Chinese,1234,7680.062328978221,57354.93475550773,35602.00993113767,42876.66974127037,3135.019061483754,8,1006,351,570,0
meta-llama/Llama-3.1-8B-Instruct,gptq,3-bit,Chinese,1234,56.12769934485404,3.669906651380947,45.4737410388893,70.28902813590487,45.390109753535015,0,0,0,0,0
meta-llama/Llama-3.1-8B-Instruct,gptq,4-bit,Chinese,1234,46.69737940073949,2.436779902493995,27.02591199418865,34.34264962591059,38.331823028050366,0,0,0,0,0
meta-llama/Llama-3.1-8B-Instruct,slimllm,2-bit,English,1234,1310.330377819445,13258750.47089376,90340.66650365356,48436.72616410772,11828255.262616524,0,0,0,0,0
meta-llama/Llama-3.1-8B-Instruct,slimllm,3-bit,English,1234,51.661761366548944,6.090120382720041,80.62498226175329,140.04612886633308,107.69968375326611,0,0,0,0,0
meta-llama/Llama-3.1-8B-Instruct,slimllm,4-bit,English,1234,43.53246232601883,2.695015451825204,28.568593767331176,36.902012251285534,41.52371434200523,0,0,0,0,0
meta-llama/Llama-3.1-8B-Instruct,slimllm,2-bit,Tamil,1234,6547.364588752019,5.138217755312099,28657.95780588389,14562.418099995286,67450.50212042508,0,0,0,0,0
meta-llama/Llama-3.1-8B-Instruct,slimllm,3-bit,Tamil,1234,20302.152824243483,349753.5370604016,147212.49065760945,82843.63261783544,896093.5354848884,0,0,0,0,0
meta-llama/Llama-3.1-8B-Instruct,slimllm,4-bit,Tamil,1234,52.83781222368168,3.0995701137846456,94.89573098503908,68.87385702978119,74.44845424299257,0,0,0,0,0
meta-llama/Llama-3.1-8B-Instruct,slimllm,2-bit,Indonesian,1234,24646.872946129828,2981071.9591295393,83638.050377727,33877.892534793005,1889791.9466534304,0,0,0,0,0
meta-llama/Llama-3.1-8B-Instruct,slimllm,3-bit,Indonesian,1234,52.60844924122413,4.954543582763,33.43762627946794,64.67723572873741,68.9011624809909,0,0,0,0,0
meta-llama/Llama-3.1-8B-Instruct,slimllm,4-bit,Indonesian,1234,44.63257897005219,2.73589934787694,26.986951676313392,37.36070303096757,44.224801008881954,0,0,0,0,0
meta-llama/Llama-3.1-8B-Instruct,slimllm,2-bit,Swahili,1234,47030.84586567484,591896.0032811111,125363.48887580636,67971.3863944888,3922541.7175676464,0,0,0,0,0
meta-llama/Llama-3.1-8B-Instruct,slimllm,3-bit,Swahili,1234,82.70567979098402,8.43895935782397,237.44908559539363,127.09771073289076,493.79021871499526,0,0,0,0,0
meta-llama/Llama-3.1-8B-Instruct,slimllm,4-bit,Swahili,1234,45.42345037685307,2.699435227969377,28.200669966248572,32.886215376682216,46.2964419642405,0,0,0,0,0
meta-llama/Llama-3.1-8B-Instruct,slimllm,2-bit,Chinese,1234,6997.865099308116,212825.01218332505,54669.471081432515,20333.921388648538,2407.566671346078,0,0,0,0,0
meta-llama/Llama-3.1-8B-Instruct,slimllm,3-bit,Chinese,1234,55.08159134650224,3.885786378299543,52.09411335754607,79.511095996154,44.49697064147745,0,0,0,0,0
meta-llama/Llama-3.1-8B-Instruct,slimllm,4-bit,Chinese,1234,44.928033645588584,2.5552773600594825,27.777874080855504,35.678429386455306,38.10782671966255,0,0,0,0,0
meta-llama/Llama-3.1-8B-Instruct,tacq,2-bit,English,1234,71.30514576347686,98.90695067150229,409.7376236391584,422.77928083465423,698.2557328838361,0,0,0,0,0
meta-llama/Llama-3.1-8B-Instruct,tacq,3-bit,English,1234,48.270659212199014,4.269030256185485,39.77258686993195,56.28301714806396,57.113640995805795,0,0,0,0,0
meta-llama/Llama-3.1-8B-Instruct,tacq,4-bit,English,1234,45.53529489054378,2.5038887851043174,27.187312402966175,34.45639204144634,40.11978034651646,0,0,0,0,0
meta-llama/Llama-3.1-8B-Instruct,tacq,2-bit,Tamil,1234,123.01588474541155,2.7908480670739975,254.872068295526,329.5926907195779,276.4184159551415,0,0,0,0,0
meta-llama/Llama-3.1-8B-Instruct,tacq,3-bit,Tamil,1234,50.73238755469208,2.430107190237954,35.06217765232834,46.87813883424103,48.481813848297634,0,0,0,0,0
meta-llama/Llama-3.1-8B-Instruct,tacq,4-bit,Tamil,1234,46.511977618498115,2.3455414316648096,27.168394874213863,33.305475964575,39.193254539378785,0,0,0,0,0
meta-llama/Llama-3.1-8B-Instruct,tacq,2-bit,Indonesian,1234,94.74434478012677,11.29038307945061,48.68202871158567,208.36690853583107,381.7390750285579,0,0,0,0,0
meta-llama/Llama-3.1-8B-Instruct,tacq,3-bit,Indonesian,1234,50.05146856026269,3.4630903395044537,28.61815854929057,43.46395323658671,52.05096429618459,0,0,0,0,0
meta-llama/Llama-3.1-8B-Instruct,tacq,4-bit,Indonesian,1234,46.84913874866605,2.4577764027271214,25.944766203782983,32.88207412459745,40.22206302059239,0,0,0,0,0
meta-llama/Llama-3.1-8B-Instruct,tacq,2-bit,Swahili,1234,108.39643652327467,15.895495700082238,135.91288843693297,43.17017923914528,1156.817652609397,0,0,0,0,0
meta-llama/Llama-3.1-8B-Instruct,tacq,3-bit,Swahili,1234,51.24193295030372,3.554055983496906,34.72114688674486,34.76547563857116,56.75686132004963,0,0,0,0,0
meta-llama/Llama-3.1-8B-Instruct,tacq,4-bit,Swahili,1234,46.16600269653527,2.4603962734256233,26.50111818574857,30.807822913419884,39.940934854364144,0,0,0,0,0
meta-llama/Llama-3.1-8B-Instruct,tacq,2-bit,Chinese,1234,110.839197487821,8.777215682377717,481.66613842844225,469.1486610057474,68.7920800131497,0,0,0,0,0
meta-llama/Llama-3.1-8B-Instruct,tacq,3-bit,Chinese,1234,50.02781890259474,3.12337323422898,35.462255073342725,50.86852359950654,41.2773219795379,0,0,0,0,0
meta-llama/Llama-3.1-8B-Instruct,tacq,4-bit,Chinese,1234,45.672605370840046,2.424910467775902,27.072293136927307,33.288619429788014,37.42432248740194,0,0,0,0,0
meta-llama/Llama-3.1-8B-Instruct,sinq,2-bit,,1234,8261.823109033307,47119.31814295601,77773.45259644293,88993.94100805935,32212.602005446563,0,0,0,0,0
meta-llama/Llama-3.1-8B-Instruct,sinq,3-bit,,1234,50.5532872435919,3.2142472124593597,36.12786783584237,54.64330014312372,50.59803774722811,0,0,0,0,0
meta-llama/Llama-3.1-8B-Instruct,sinq,4-bit,,1234,43.62848857698346,2.412915399059401,25.845251160348273,32.91864921790244,39.59553019270112,0,0,0,0,0
Qwen/Qwen3-14B,sinq,2-bit,,1234,93245.02869248876,3703.413055751137,21716.15627969842,189746.386429589,134401.75907558438,0,0,0,0,0
Qwen/Qwen3-14B,sinq,3-bit,,1234,65.45244062743137,3.086842087502747,22.252021174172388,140.25775845298824,58.400786114213446,0,0,0,0,0
