Base Model,Quantization Technique,Bit Width,Calibration Language,Random Seed,afr_Latn,dan_Latn,deu_Latn,eng_Latn,fao_Latn,isl_Latn,lim_Latn,ltz_Latn,nld_Latn,nno_Latn,nob_Latn,swe_Latn,tpi_Latn,ydd_Hebr,tam_Taml,ind_Latn,swh_Latn,cmn_Hans,afr_Latn_nancount,dan_Latn_nancount,deu_Latn_nancount,eng_Latn_nancount,fao_Latn_nancount,isl_Latn_nancount,lim_Latn_nancount,ltz_Latn_nancount,nld_Latn_nancount,nno_Latn_nancount,nob_Latn_nancount,swe_Latn_nancount,tpi_Latn_nancount,ydd_Hebr_nancount,tam_Taml_nancount,ind_Latn_nancount,swh_Latn_nancount,cmn_Hans_nancount
Qwen/Qwen3-8B,Unquantized,32-bit,Unquantized,1234,43.09116252943611,23.49218629881977,15.145733730089146,33.42869779663646,190.8696699487337,47.12589948298138,289.8737891173596,139.6169629251887,17.91725244923881,53.833882234254894,29.18934325645623,24.32331723808195,271.6523483608396,45.11552760659526,2.7416050389620468,16.69900768379095,64.53464526103139,46.980805774463015,0,0,0,0,0,0,0,0,0,0,0,0,0,0,0,0,0,0
Qwen/Qwen3-8B,gptq,2-bit,English,1234,36043.20426444294,34360.15508888779,34696.41372931571,13062.876244178611,42009.99949865079,45926.53650294636,34057.65017072542,43129.538899667314,33598.63747950198,36505.95877646896,34121.48780403433,38978.08072790483,33864.75796143913,43462.65820400416,48256.10548482944,39854.46393039143,38231.523294803,34286.23652790619,927,901,785,319,980,995,907,934,897,948,935,965,719,993,984,939,882,998
Qwen/Qwen3-8B,gptq,3-bit,English,1234,81.76972534199975,43.04281832566145,21.2170788473547,40.188511508698525,368.7859081388541,132.34008318217815,447.5552796786073,301.93287158208625,29.97172094901388,112.05674003820688,55.8613543628037,47.42633909180267,405.25957045650034,82.95360743950178,4.329966014482671,24.304463874060193,160.4175190088491,62.90124860133694,0,0,0,0,0,0,0,0,0,0,0,0,0,0,0,0,0,0
Qwen/Qwen3-8B,gptq,4-bit,English,1234,52.13270672920303,27.40486907395879,17.05139566288799,38.63377253787829,212.227060281776,56.64594220753599,338.21721454687577,171.2759215265315,20.34608147445929,64.3177906963607,34.13844323347979,28.222274973044083,309.1934141956846,48.971137709540535,2.9031441093781605,18.795383083015633,81.5190270910736,54.47198774405447,0,0,0,0,0,0,0,0,0,0,0,0,0,0,0,0,0,0
Qwen/Qwen3-8B,gptq,2-bit,Tamil,1234,36145.16829705231,46990.82186307739,43157.38541575499,45011.90015069094,38291.20551516896,34922.68451406587,40822.68717097295,29407.99999999998,43804.6022538092,45197.68129868475,40791.83147041466,27161.62787251703,50016.00000000004,15570.96517818812,8.059500068367093,48568.139986421265,,51742.18947582705,1002,1004,1001,1008,1007,1006,1009,1011,998,1004,1004,1006,1011,172,0,1003,1012,1009
Qwen/Qwen3-8B,gptq,3-bit,Tamil,1234,78.24562824251676,41.27454557879069,21.144740167948203,42.01276040614906,285.6233107828644,97.3460226569286,409.6901847801374,301.7344290085247,28.12439472659894,92.13776804273915,47.86061064702304,40.84617650018498,396.4533887816157,73.13693799786229,2.919523189827532,22.620577787849335,144.2631959091692,62.47537720471884,0,0,0,0,0,0,0,0,0,0,0,0,0,0,0,0,0,0
Qwen/Qwen3-8B,gptq,4-bit,Tamil,1234,49.23536481396209,26.58655965847765,16.471831544577455,36.874922404755154,206.14980244625147,54.78196631656676,328.7370333788049,161.79925146264324,19.728443264258505,63.609605014252104,33.267225663835205,26.944611033273624,302.57522123825805,47.357629030844464,2.789351581576123,18.04538708509607,80.63950870154706,52.04763568643273,0,0,0,0,0,0,0,0,0,0,0,0,0,0,0,0,0,0
Qwen/Qwen3-8B,gptq,2-bit,Indonesian,1234,27421.049129576775,22707.324656603363,23292.19448951855,33757.6347110466,34915.613536411925,31724.567007412697,29199.11079947262,33335.57545634603,24114.523136211286,26188.024998302448,26363.257947836675,30658.287036078287,22324.805425407925,16423.939789376604,27336.007203959947,1292.5707397003864,31265.34602617558,44669.35199474621,521,386,467,916,682,637,555,722,444,549,541,724,356,104,257,9,650,1006
Qwen/Qwen3-8B,gptq,3-bit,Indonesian,1234,73.43324049823124,41.851322242156506,20.730760884562812,42.38549443286019,307.914634643872,107.27100049346076,424.867569435003,302.9854904757904,27.71621937976398,100.62254371120082,50.10803608302637,41.105880162865624,374.29398542549507,83.92602677269515,3.915570084781495,19.171945899648552,143.3578203718125,62.97257579744268,0,0,0,0,0,0,0,0,0,0,0,0,0,0,0,0,0,0
Qwen/Qwen3-8B,gptq,4-bit,Indonesian,1234,49.66980996380332,26.681073704101635,16.719643463821672,36.30748240228997,214.19708479215697,56.50322961233845,312.8170289618388,158.28123028824874,20.019738124791623,62.50317660166229,33.29842764340958,26.95591175224703,302.6833677519785,47.31774165597318,2.869461655249416,17.537566302499595,75.50306730936799,52.100442844564874,0,0,0,0,0,0,0,0,0,0,0,0,0,0,0,0,0,0
Qwen/Qwen3-8B,gptq,2-bit,Swahili,1234,34437.713310365594,41609.588805436695,43805.40279093217,43340.99644682806,38914.5383760933,34715.51449699478,32628.647885376668,37736.26685909766,39420.883895222025,42683.5817317362,44474.998840336906,36747.48108236005,25769.158411541208,19954.446953077295,37753.455877870045,39555.25012897737,1309.6525345895232,,812,962,988,1004,824,765,766,840,947,949,974,989,560,326,679,925,16,1012
Qwen/Qwen3-8B,gptq,3-bit,Swahili,1234,74.4357388771593,39.27477047651905,21.871140493558872,44.7868655144495,311.9922126462084,99.93607209951952,441.8431755238462,261.04644162302793,29.19339852456583,96.60823039654665,51.22164752363262,41.83117214146625,375.3310491723652,73.65811592682707,3.771811375692601,22.734895653593014,79.9850898216555,66.24926590137403,0,0,0,0,0,0,0,0,0,0,0,0,0,0,0,0,0,0
Qwen/Qwen3-8B,gptq,4-bit,Swahili,1234,50.23024234015923,27.43909791456428,16.804080307332793,36.7826059110819,229.3384890665676,57.1250396826951,316.5944999028638,163.11700326577403,20.14126225070666,62.16646221822168,33.940064779900474,27.949819018556333,289.6167650281506,49.60820929687949,2.8621919820749,18.727564991763867,71.5224931252781,52.98490424001635,0,0,0,0,0,0,0,0,0,0,0,0,0,0,0,0,0,0
Qwen/Qwen3-8B,gptq,2-bit,Chinese,1234,41501.32452612342,41958.06063236431,37947.95051304438,31539.28935596854,46920.27165300395,44699.072126284256,40737.26550663724,45053.18964879744,38195.704993768435,41619.048103934445,39289.12711222031,35513.16209733798,38005.83920493423,38203.42599264302,20653.920898784057,33869.505356545866,36808.23721384521,19548.10577563764,934,945,879,857,968,980,905,939,941,952,974,985,843,695,143,932,854,559
Qwen/Qwen3-8B,gptq,3-bit,Chinese,1234,95.28984609339928,46.98970456494655,22.639233192468904,40.86535137986994,406.6097612465185,133.57805565441558,472.7311121952958,373.205333311524,32.78904071307292,118.34356690352294,59.87023982417877,49.964604436758314,395.39475330618416,81.45136384842047,4.132577114574062,24.873792937283397,151.0408219495891,56.09875378770698,0,0,0,0,0,0,0,0,0,0,0,0,0,0,0,0,0,0
Qwen/Qwen3-8B,gptq,4-bit,Chinese,1234,51.15235852394181,26.745458332474335,16.707842233582337,36.7910051844728,218.07876309293843,56.136502010381754,344.316058305154,163.40133278133342,20.092422161040577,64.02459262775183,33.52523905779565,27.55106082082988,306.5800980628549,47.30523003382702,2.9218138424187035,17.943838145445774,78.50109516814331,52.133660525483464,0,0,0,0,0,0,0,0,0,0,0,0,0,0,0,0,0,0
Qwen/Qwen3-8B,slimllm,2-bit,English,1234,5414.083648109201,4911.368909872783,2258.913618548153,136.42133324109142,10299.708960812422,6641.597823788177,5868.531560143814,7803.703165713241,4745.614768912369,6113.262243469221,5830.926322277607,6621.928466566942,4096.870229719025,129276.61539412032,7868.718125583641,2487.6444767258004,7155.155728330213,1018849.4256141403,0,0,0,0,0,0,0,0,0,0,0,0,0,0,0,0,0,0
Qwen/Qwen3-8B,slimllm,3-bit,English,1234,98.40956293542982,49.79885407312954,23.229990162903423,37.99688059550058,339.40134465222354,129.0624158444257,456.7720169276492,313.14124165405275,33.17052087041424,114.62459515387523,61.29078432580127,49.91409974031174,496.08445422260377,93.0841111310788,5.016176848088825,26.602902956456948,168.9902512101581,62.76631434224415,0,0,0,0,0,0,0,0,0,0,0,0,0,0,0,0,0,0
Qwen/Qwen3-8B,slimllm,4-bit,English,1234,48.249064440522645,26.722941218361377,16.389107719077856,34.26049753807352,216.7794853258935,59.491713061108115,319.05217766232613,172.3879655454669,19.55722374083457,62.449939551061455,32.53450132099316,27.62750939759787,302.9898477148769,51.68948145186122,2.9580739068662836,17.888351357641866,79.74317293752884,49.54453988752638,0,0,0,0,0,0,0,0,0,0,0,0,0,0,0,0,0,0
Qwen/Qwen3-8B,slimllm,2-bit,Tamil,1234,13857.502244997151,8996.461107124409,3731.223375674027,9540.97626842516,16254.63376453665,17324.079043684,13026.82985787819,13827.944120238348,5749.114072021769,13809.138827929452,12439.396171367276,14193.783364942954,6727.999717628431,1229.0204613269143,4.296939557556912,8528.090849291808,6611.650597475295,92242.3284999782,0,0,0,0,0,0,0,0,0,0,0,0,0,0,0,0,0,0
Qwen/Qwen3-8B,slimllm,3-bit,Tamil,1234,79.6074041467767,44.539519900034605,22.24252150002551,44.63405853598474,315.42248329082065,108.38410351727252,448.5891963811777,279.96835134136614,29.93258824431999,104.64532509089116,57.233560740345744,43.98927333971723,382.5140038722765,72.42810566552338,2.900773949106872,23.03524789974803,135.08245078652956,62.115039419691904,0,0,0,0,0,0,0,0,0,0,0,0,0,0,0,0,0,0
Qwen/Qwen3-8B,slimllm,4-bit,Tamil,1234,49.03202981866579,26.71596875617029,16.753590004879054,36.234922243486274,229.07998894267857,60.295068153347735,340.0611069859959,171.66681667642322,20.224448745258226,63.43732944711742,32.96584505869824,27.470182770377765,293.69905483301096,53.853244342261576,2.7768215261847855,18.0978997937216,78.92870637314043,50.70813658509969,0,0,0,0,0,0,0,0,0,0,0,0,0,0,0,0,0,0
Qwen/Qwen3-8B,slimllm,2-bit,Indonesian,1234,9460.30019307562,7551.062068360165,2601.518492451813,1875.6211876537789,12769.099110208974,11517.885937486728,9992.572268742608,10434.705266747991,7313.516366211954,8869.352848932711,9111.563297011957,8856.298766297768,4953.125580644463,148604.39944349983,27736.05120290473,213.78650585655905,4277.16331359407,603631.5192775716,0,0,0,0,0,0,0,0,0,0,0,0,0,0,0,0,0,0
Qwen/Qwen3-8B,slimllm,3-bit,Indonesian,1234,77.56162804778646,41.83020787423884,21.825247847955012,40.97976053677497,316.77989186029737,117.11614197331274,405.2102128631431,279.1002175881395,27.780651011838085,100.75150354673411,51.97114045865841,42.063315668890574,412.4522836541595,82.40060393700482,3.987144554270198,18.93958542582823,135.63880734264598,63.99228798231387,0,0,0,0,0,0,0,0,0,0,0,0,0,0,0,0,0,0
Qwen/Qwen3-8B,slimllm,4-bit,Indonesian,1234,47.772167680969986,26.349743743087146,16.39275360707951,34.63364390357048,225.1531207675684,57.92554388424968,328.86606684278,165.8851785652687,20.142894509641216,63.072816113344544,32.60764226783246,27.098206242939835,287.3606788485269,53.44384445052521,2.891498495532571,17.211146427348073,77.37940643739049,49.841061913184795,0,0,0,0,0,0,0,0,0,0,0,0,0,0,0,0,0,0
Qwen/Qwen3-8B,slimllm,2-bit,Swahili,1234,2588.8852646455293,2705.2961021436813,2145.341016364774,1295.6478871847648,3614.0759727310506,2639.5702785150197,3676.350516501177,4458.35832348682,2800.8170050177114,3444.7586050146983,3140.7972227844016,3862.515687517424,1739.783271489601,117443.57701642046,1297.831133642902,734.7904964034766,755.8347877573307,203061.65036763428,0,0,0,0,0,0,0,0,0,0,0,0,0,0,0,0,0,0
Qwen/Qwen3-8B,slimllm,3-bit,Swahili,1234,73.61440887905984,42.57485067108601,22.600255010796385,45.25536722245558,297.15127821352513,104.96900324279868,407.2231006926936,257.94896127029756,30.551304185809364,102.6959756763571,52.50963918359675,43.03305345092056,337.3414349154484,73.45266373404756,4.003746574948249,22.944875872841305,74.91642405453797,68.85531712476093,0,0,0,0,0,0,0,0,0,0,0,0,0,0,0,0,0,0
Qwen/Qwen3-8B,slimllm,4-bit,Swahili,1234,47.28451552260917,26.462712477376883,16.265028399164812,34.731502649891816,208.1439483982012,54.92537680769925,312.0882565105649,157.50093413399333,19.866853589754964,61.83220552690432,32.5326814406949,27.10669046563392,280.638893045343,49.20968279568068,2.901018056145293,17.629106620996673,63.98431315614516,49.63811238091433,0,0,0,0,0,0,0,0,0,0,0,0,0,0,0,0,0,0
Qwen/Qwen3-8B,slimllm,2-bit,Chinese,1234,30844.789937295496,12930.62290989163,5878.792101141572,4070.391396172054,16443.845414557763,14140.943408071436,17790.598580237107,21737.405119112627,17842.415731670782,22438.011773822753,20393.741795944592,27684.76306956813,12457.68118478802,95186.67105146869,6230.997726404883,17901.847298242043,14441.185177558322,296.78703265712124,0,0,0,0,0,0,0,0,0,0,0,0,0,0,0,0,0,0
Qwen/Qwen3-8B,slimllm,3-bit,Chinese,1234,102.21524130151948,58.16125204945665,24.864399627935065,44.25240759960642,376.8740287176463,143.2969464086046,493.95322236050305,375.7940020655254,33.99123191883562,130.905491036973,69.00405882491273,54.93971739467646,421.7032972735788,82.85004721017577,4.236144197464472,26.923225775353018,168.42761665887866,54.44892800519031,0,0,0,0,0,0,0,0,0,0,0,0,0,0,0,0,0,0
Qwen/Qwen3-8B,slimllm,4-bit,Chinese,1234,48.49960309880879,27.25906207880352,16.375170723963755,35.165067904624784,212.54249270189223,59.60860913883567,319.1655580323925,177.69530313073983,19.84822670745848,62.9276779050063,33.13132246563709,28.025080029226203,298.95888893927054,51.582005965018595,2.918108808024613,18.043826896466665,78.80057727981894,47.49619236241774,0,0,0,0,0,0,0,0,0,0,0,0,0,0,0,0,0,0
Qwen/Qwen3-8B,tacq,2-bit,English,1234,377.9719886437212,262.08313459344555,115.39526920298847,44.433395447277995,546.7778769719912,364.9897880821944,754.3172304513153,893.8839147461391,160.45352817401604,462.6630260534677,320.44682370162883,315.6281210808287,595.7797765541594,1484.220101680159,14.577590247018955,118.64651418890892,391.55455389931456,143.96306968977314,0,0,0,0,0,0,0,0,0,0,0,0,0,0,0,0,0,0
Qwen/Qwen3-8B,tacq,3-bit,English,1234,64.775392547958,33.85969538580866,18.560826811455023,34.71000196637057,227.12793457603135,81.639541831385,318.28217862082806,234.9285224049901,24.050498702380544,79.0704435688567,43.53627894771672,35.33416272850538,309.7806823740488,71.81147821469463,3.851372880707081,21.065717516091933,117.19922775157184,53.50473655318566,0,0,0,0,0,0,0,0,0,0,0,0,0,0,0,0,0,0
Qwen/Qwen3-8B,tacq,4-bit,English,1234,47.85199959512149,26.166945033779495,15.849158787579816,34.14786620543491,202.6493538165794,55.45691054555534,298.10410789970456,158.90093656935127,19.19500487348582,59.05462140069773,31.787116670026258,26.67497145998166,281.62882701077183,48.052454467314114,2.8703306108388182,17.424551550809138,74.33560103619857,48.76352348444983,0,0,0,0,0,0,0,0,0,0,0,0,0,0,0,0,0,0
Qwen/Qwen3-8B,tacq,2-bit,Tamil,1234,274.32587945973177,186.68215111627617,63.90507009134561,63.75770038177639,480.6445056364296,276.7512791881886,609.3803082193019,620.7829663527192,115.7319098391917,389.13929562229544,263.38426451322164,182.59231733138697,584.7247169724887,118.49024680807926,3.077032400576856,92.5156471069371,636.8126350983023,118.76359073510078,0,0,0,0,0,0,0,0,0,0,0,0,0,0,0,0,0,0
Qwen/Qwen3-8B,tacq,3-bit,Tamil,1234,59.26298946892136,30.697535212921306,18.02860147335924,38.87641164454056,208.40923889083288,71.48036046127787,309.3958410380685,204.0121216959068,22.12576339299697,74.72563565014237,39.926773386932965,31.95645193771361,323.23760302234786,55.86993608906167,2.7863205169422254,19.32588747425394,106.37671205975325,54.06093638562509,0,0,0,0,0,0,0,0,0,0,0,0,0,0,0,0,0,0
Qwen/Qwen3-8B,tacq,4-bit,Tamil,1234,45.87379521034524,25.67533506165331,15.783355370330415,34.711885279714835,194.9572334164856,51.6356442184448,294.3960493292577,152.45081245569742,18.87151494988586,58.89608265288696,31.211027986627784,25.794574963171893,277.0520182116894,48.21119594372999,2.7588628727212248,17.336806235613246,73.35113078879829,48.55678303623122,0,0,0,0,0,0,0,0,0,0,0,0,0,0,0,0,0,0
Qwen/Qwen3-8B,tacq,2-bit,Indonesian,1234,189.89093231823543,133.48947619253204,51.91881292713702,51.81595304662957,421.9935165583242,258.1708674108911,519.6942576938621,580.392009268227,77.90519839045774,262.80122221167477,156.25436128655224,142.893932056945,514.0147632805351,581.0606253988451,11.100247869754718,21.58457871856061,233.38270122549133,120.66615858362586,0,0,0,0,0,0,0,0,0,0,0,0,0,0,0,0,0,0
Qwen/Qwen3-8B,tacq,3-bit,Indonesian,1234,57.10221665203924,32.27769107985434,18.114658793939263,36.94602476929229,233.9340610470821,78.60661801219402,310.6631854255612,215.27979386098977,21.77372881945339,74.75695568927722,38.7304734547777,31.930761386333096,322.2328546377258,68.51811141273403,3.4506433531196534,17.499578886805082,102.48438721079468,54.49298709249447,0,0,0,0,0,0,0,0,0,0,0,0,0,0,0,0,0,0
Qwen/Qwen3-8B,tacq,4-bit,Indonesian,1234,46.27131371525913,25.279806642395105,15.779674212647665,35.19959948318133,191.4350024851514,52.58017656786324,301.5078178589843,155.78079804418002,18.993716166088735,58.10103424384238,31.32041275340844,25.89486245019315,281.78977145292913,50.00242187173112,2.8782140234865494,16.914091447387428,73.971753442491,48.98535116077212,0,0,0,0,0,0,0,0,0,0,0,0,0,0,0,0,0,0
Qwen/Qwen3-8B,tacq,2-bit,Swahili,1234,172.53646085953974,127.6409814172498,62.90865614048292,65.67543691473466,364.16658695887065,196.35394852471745,479.4772985147624,531.96704882878,83.84567836935207,255.8928545300215,154.08999278854645,139.26982773511347,411.3466110118316,467.733512810768,9.82957286166951,44.39996892224965,68.73769606135602,189.9219302090219,0,0,0,0,0,0,0,0,0,0,0,0,0,0,0,0,0,0
Qwen/Qwen3-8B,tacq,3-bit,Swahili,1234,55.23466441575346,31.559380077764427,18.28981404605313,37.239785457276334,196.4511685300847,64.68882619596035,304.6564496047346,195.0900748451051,22.376963155052735,76.00745292402082,39.7322849344209,32.519801882603105,290.9265605326134,60.48267763803429,3.283538191105564,19.18807320554388,66.06498211788154,53.378040343090554,0,0,0,0,0,0,0,0,0,0,0,0,0,0,0,0,0,0
Qwen/Qwen3-8B,tacq,4-bit,Swahili,1234,46.56757837504775,25.272756688968773,15.645573737385556,34.439505455526785,186.5169315807987,50.48742167857595,296.3397140052012,149.13474639515755,18.908721568499537,58.26264547670334,30.87181997635582,25.66403503565396,272.0356652211514,47.91760742685685,2.856955970571648,17.086450847287754,64.98479367432465,48.547595277331695,0,0,0,0,0,0,0,0,0,0,0,0,0,0,0,0,0,0
Qwen/Qwen3-8B,tacq,2-bit,Chinese,1234,380.4239836687652,303.5840054581041,118.65623916851172,60.22340609418394,565.6668761032295,383.7258190860357,720.4123083814566,881.7523719766177,195.12883065822805,530.587253730832,400.41607603788543,378.2951874308106,605.8617800078613,531.2773399191644,11.664860950377186,135.1630713898736,351.5301848037403,62.5364722942101,0,0,0,0,0,0,0,0,0,0,0,0,0,0,0,0,0,0
Qwen/Qwen3-8B,tacq,3-bit,Chinese,1234,67.45973892645146,35.70704852094923,18.872657032552823,36.93986125552891,244.7914645297717,86.88414637332266,335.73281927107786,224.8387408785116,24.778116995857825,86.06601236564305,43.94784067000237,36.96350406009384,340.9564577747193,73.25643690863672,3.656486823056918,21.255791442176797,117.44766444695392,48.25663455926021,0,0,0,0,0,0,0,0,0,0,0,0,0,0,0,0,0,0
Qwen/Qwen3-8B,tacq,4-bit,Chinese,1234,46.06501706740532,25.967711894290137,15.879807512071164,34.21886741877833,211.139378710086,55.71947426036374,300.42303533341754,164.6946603768294,19.431468666006744,58.90846860066944,31.8176160444075,26.551474585135225,278.7829198674346,50.02324371397811,2.9067392526734235,17.52853843219078,73.93901699076459,47.282614350761946,0,0,0,0,0,0,0,0,0,0,0,0,0,0,0,0,0,0
CohereLabs/aya-expanse-8b,Unquantized,32-bit,Unquantized,1234,393.63175662867894,97.53953028331868,38.35356321156766,53.75491287097983,922.664122235364,249.21207681546335,1335.9238514811427,1239.4256716153488,51.470288159382854,317.9313536941394,112.78882637734874,94.3518292644719,1141.1344975847474,208.5974787347853,3.7983340424873626,92.36325019157783,347.2452941767379,112.08422832375084,0,0,0,0,0,0,0,0,0,0,0,0,0,0,0,0,0,0
CohereLabs/aya-expanse-8b,gptq,2-bit,English,1234,10892.275790598562,10243.197287640738,3762.2316687089874,235.5280996643303,21175.17188427447,21133.517631258343,13839.485247651532,21234.06312794478,3740.5376474970694,13756.684007781449,11490.230489868363,12874.062161333142,14642.930749965091,42065.92649092445,29179.092456570044,7146.061890917574,21486.634404614393,21098.267208628356,17,3,1,0,50,52,13,45,6,14,13,14,13,872,59,32,55,240
CohereLabs/aya-expanse-8b,gptq,3-bit,English,1234,600.5778684187712,168.0479379616783,48.58188528296686,55.71695519826462,1198.7427932821029,412.4592359527701,1508.9304215317518,1711.8629197853545,65.54492750935275,462.8906497872699,182.5685260564008,163.9284371288458,1545.078687346018,340.3151264794464,5.489648118847672,122.9007715726655,701.9440218279792,170.1082195879009,0,0,0,0,0,0,0,1,0,0,0,0,0,0,0,0,0,0
CohereLabs/aya-expanse-8b,gptq,4-bit,English,1234,397.55561382930847,104.85294429981548,37.462203008819706,50.81587572611387,942.5566036977184,268.82705527629906,1327.9366094467964,1281.3344599076204,50.4601426489953,331.56914682052354,119.17797273358433,99.34688646728478,1157.501374913074,246.8538439280477,3.947912843975545,89.97813298135117,401.7707276043198,113.31203747484136,0,0,0,0,0,0,0,1,0,0,0,0,0,0,0,0,0,0
CohereLabs/aya-expanse-8b,gptq,2-bit,Tamil,1234,13364.332757225991,10570.853941574163,4121.511713924462,831.145208860771,18649.76423472713,15576.422164010848,16770.120750054753,24472.31334043276,4913.46936353365,14075.463692817852,12234.686512157805,12688.579021121606,15736.98178657382,11989.776798437417,6.779198137739801,6538.64580821011,21859.037272497037,11035.168408974932,26,14,5,0,54,31,34,74,4,23,24,31,15,10,0,15,84,39
CohereLabs/aya-expanse-8b,gptq,3-bit,Tamil,1234,987.1068808646314,242.2557167317466,83.25814723767128,59.99613069584962,1321.5712160769572,415.11784608271944,2052.8858596171444,3720.17474731686,98.2735925933436,639.2706381561386,279.0420757546881,219.7728084854002,2218.2594877396814,468.3113518425085,3.942702935283208,170.2862854123423,866.6806808261634,262.4745228052927,0,0,0,0,0,0,0,1,0,0,0,0,1,0,0,0,0,0
CohereLabs/aya-expanse-8b,gptq,4-bit,Tamil,1234,412.8564428922984,104.1337631911308,37.623012899133656,51.35584423315142,915.5089636986554,260.2922761456905,1339.3882395561093,1277.8327483624275,51.871023645186035,338.44037360904525,122.46924096087088,99.11800102860984,1070.3420782968542,204.79549031072773,3.79685085652883,90.78424435589244,373.873691301389,112.28023179953176,0,0,0,0,0,0,0,1,0,0,0,0,0,0,0,0,0,0
CohereLabs/aya-expanse-8b,gptq,2-bit,Indonesian,1234,9236.584561251912,7949.369738669752,2067.0047489660983,525.7959814829851,16931.914446544826,15949.41119565577,10902.134585520296,18056.814786122417,2656.7825749771146,11458.69160191753,9371.22754186577,9234.068947763502,13636.411560908316,19972.43062815842,5129.666587920575,563.1372166284996,15819.122888546435,10036.43879252835,7,4,1,0,31,26,7,31,1,14,13,8,9,35,0,0,22,35
CohereLabs/aya-expanse-8b,gptq,3-bit,Indonesian,1234,536.6183949791624,156.85424577108873,45.47730762861716,58.33115270090411,1237.4059605141408,391.89009954370545,1569.2481943337643,1804.3591194866592,62.6982549270216,450.4696387901604,171.684234488355,152.76748622665184,1530.9222509237752,377.1706675395843,4.941318377413541,100.9526209786838,601.327531947562,151.64407023590647,0,0,0,0,0,0,0,2,0,0,0,0,0,0,0,0,0,0
CohereLabs/aya-expanse-8b,gptq,4-bit,Indonesian,1234,411.13403614267776,103.17086343553434,37.9650455629369,52.13795325694668,955.726270348629,266.79987192203623,1319.1992735045426,1284.450531243226,51.43451534621762,331.34056196916464,116.88715317070344,98.5943171089334,1194.6823594299726,221.4261288915574,3.9773421895874663,90.5358520402782,365.3511067084535,113.16849690168593,0,0,0,0,0,0,0,1,0,0,0,0,0,0,0,0,0,0
CohereLabs/aya-expanse-8b,gptq,2-bit,Swahili,1234,7677.010998364548,5185.590914092971,3047.1415691401708,724.2960030826857,10001.437563116231,8216.756796135585,8623.943194204641,13531.500138288236,3500.1039812437393,7329.673681104747,5838.765576665134,6204.637702514993,7412.492245494394,19750.858672157978,1890.9888212589913,4170.777295099806,1546.3973292699843,13156.622437175069,3,2,1,0,5,1,1,18,2,3,6,4,1,78,0,14,1,76
CohereLabs/aya-expanse-8b,gptq,3-bit,Swahili,1234,496.0049497083768,144.18481662638652,46.60145760391606,56.8820363943001,1081.5004914378198,349.029036094048,1508.676122304791,1596.3510364116864,61.95115679701625,412.4869506414139,157.15701635955116,132.40312008183736,1424.4032466035771,261.03753200395994,4.902820723876676,109.5047516918972,386.51089337452976,153.62622777521628,0,0,0,0,0,0,0,1,0,0,0,0,0,0,0,0,0,0
CohereLabs/aya-expanse-8b,gptq,4-bit,Swahili,1234,398.67757867925434,100.63335468363948,37.46651419339241,50.55680554636828,933.6780468700756,263.27171906292216,1314.3615327255227,1265.0257742469823,50.62363878082889,327.50956745485104,116.3314129244634,97.1931119767616,1170.033213617373,212.34354530938592,3.9005419293931025,89.2797399615875,352.4210073126903,112.10541202070128,0,0,0,0,0,0,0,1,0,0,0,0,0,0,0,0,0,0
CohereLabs/aya-expanse-8b,gptq,2-bit,Chinese,1234,12749.39842870759,11091.558751182252,4016.0976873084896,908.806486078912,18894.572757223897,17723.886067845207,14724.149339063097,20898.85339010035,4833.121142000206,14457.070544741537,12273.125275882758,12157.502036988755,16748.04177361572,16000.400563688465,3844.228300775372,5362.628130482599,17568.374956168915,1019.2857077745504,17,7,0,0,29,37,16,42,3,18,11,17,11,11,0,6,27,0
CohereLabs/aya-expanse-8b,gptq,3-bit,Chinese,1234,588.2216647293058,158.08606808829046,44.675649721950094,56.4906538469756,1115.6196300682498,397.2913350842729,1480.1102225162292,1734.7965001842151,61.14341288121166,442.8872050598245,178.15505164313885,153.7211399192732,1638.7013501493311,318.6032929541371,5.048184786189928,108.3845929104977,628.5675488884557,124.03065873325782,0,0,0,0,0,0,0,1,0,0,0,0,0,0,0,0,0,0
CohereLabs/aya-expanse-8b,gptq,4-bit,Chinese,1234,395.5638665491553,102.4881329428347,38.0380087669433,52.41335281710519,970.993770495988,276.9858394623189,1326.9871502863173,1219.4597688444262,51.36391811853548,332.99066134066493,119.09936499617868,99.74707956604036,1219.4840249750223,219.25966667507285,3.92998358155236,92.00567212763124,381.2027339493684,113.04624726503,0,0,0,0,0,0,0,1,0,0,0,0,0,0,0,0,0,0
CohereLabs/aya-expanse-8b,slimllm,2-bit,English,1234,11572.71864689535,6484.857337489297,10295.081537424774,126.66586084857136,11908.552844354735,9507.711841980916,12426.752062049907,23467.33957458528,3466.3525108647063,9781.25519756247,7962.397243003807,9268.717081657382,8528.527395500383,27750673.323061645,737472.5431301057,65378.469956132256,8350.373145375457,6745728.273390636,0,0,0,0,0,0,0,0,0,0,0,0,0,0,0,0,0,0
CohereLabs/aya-expanse-8b,slimllm,3-bit,English,1234,625.9876685338165,191.3903869794824,52.13194735166488,70.33484756920092,1255.1797749812977,436.581668494475,1707.9621743537452,2325.0530933017308,71.70061320960006,532.6352618283939,215.35750320091756,183.2832886268959,1415.8479295362831,342.360996791158,5.190607683435735,128.2417722696128,694.409389651766,153.80799201120558,0,0,0,0,0,0,0,0,0,0,0,0,0,0,0,0,0,0
CohereLabs/aya-expanse-8b,slimllm,4-bit,English,1234,429.42981322794066,109.1002874864834,40.196845691993936,54.70677279508479,1072.700247120694,305.35603327095436,1483.246166924735,1419.530530803933,54.31990132521386,345.5396713098548,123.62018715425248,106.34002294094248,1274.5819931998794,267.29869051593835,4.0215750606607115,98.35450271803846,397.648199964526,124.48586658879024,0,0,0,0,0,0,0,0,0,0,0,0,0,0,0,0,0,0
CohereLabs/aya-expanse-8b,slimllm,2-bit,Indonesian,1234,7364.481109068756,3528.724993842198,1792.2645477182314,242.23046796335575,7892.135453972083,5852.086452326871,7410.579490807624,14702.32918351398,2249.252704875365,5339.961484553853,3906.706710401243,4386.586006097514,6146.422529852632,11267548.421620354,565648.7100779251,222.2440750172781,5041.660038092276,2213893.3745234176,0,0,0,0,0,0,0,0,0,0,0,0,0,0,0,0,0,0
CohereLabs/aya-expanse-8b,slimllm,3-bit,Indonesian,1234,611.1468006615098,176.9198886448918,50.308029075211685,70.15928825967538,1142.5690476903976,394.244245214006,1751.0963816597923,2055.929172717617,69.57634119650642,485.6957419514894,199.79158974102685,172.0881261590644,1622.433459906002,341.1374136292526,4.846758074537413,106.43104014234704,581.5977033876562,148.3480925509209,0,0,0,0,0,0,0,0,0,0,0,0,0,0,0,0,0,0
CohereLabs/aya-expanse-8b,slimllm,4-bit,Indonesian,1234,432.4826268237261,107.65429877290164,39.82675820804422,55.686326360926415,986.746756852224,278.1623633745511,1398.9099435252022,1362.2637036219278,53.85198211609926,339.20121979435163,123.43036307304804,103.84176736812728,1256.311840048384,247.62409879400835,3.975950094053161,93.87097957611468,372.4620670128701,122.10572087826768,0,0,0,0,0,0,0,0,0,0,0,0,0,0,0,0,0,0
CohereLabs/aya-expanse-8b,slimllm,2-bit,Swahili,1234,3773.4142844385183,1662.959649553859,1592.702572478317,405.9663448358049,3953.16574299547,3332.4418345672807,4821.382434705556,9657.0930503242,1682.284434192262,2572.825897230413,1887.1024310938303,2308.075173116309,3304.7883039696467,11657829.65565783,1778942.968324588,1264.551946757189,440.4831064826536,1380742.9665140477,0,0,0,0,0,0,0,0,0,0,0,0,0,0,0,0,0,0
CohereLabs/aya-expanse-8b,slimllm,3-bit,Swahili,1234,561.3473482937289,168.26808610430123,51.19861951429251,71.44772766982928,1165.455330944788,402.63728527309286,1650.214017948952,1896.6091640831012,69.44307014175557,481.8412600673455,192.47041588796156,156.27987147125214,1442.5744709333032,311.5788975390542,4.7074565314844685,117.15393378732342,372.34414080441394,152.57088740880886,0,0,0,0,0,0,0,0,0,0,0,0,0,0,0,0,0,0
CohereLabs/aya-expanse-8b,slimllm,4-bit,Swahili,1234,402.6615151083083,105.98379019743258,40.03389735226093,55.9461151180421,925.572717011274,255.06612717350347,1312.9833043068113,1318.7955786295352,54.15474313444516,329.8550828882362,121.49576707750604,101.37489492363969,1150.8850065459196,237.13704544692115,3.920453575224559,97.0552224791973,337.1573833745351,123.35992946571416,0,0,0,0,0,0,0,0,0,0,0,0,0,0,0,0,0,0
CohereLabs/aya-expanse-8b,slimllm,2-bit,Chinese,1234,132080.78978129113,31962.59719359814,118729.19663157342,9591.055846595458,54867.947956124946,51312.74840907296,114744.62908414392,105634.53807681055,50872.37176275289,52982.33765754299,40555.72519091149,51138.14882145115,128788.6432180888,3967941.7733741584,664816.9114009405,547790.7664436265,88041.95602976136,263.6726541156282,0,0,0,0,0,0,0,0,0,0,0,0,0,0,0,0,0,0
CohereLabs/aya-expanse-8b,slimllm,3-bit,Chinese,1234,606.8458787211681,175.18829425801624,50.55796445770652,71.27624424454534,1101.5528957423337,394.064326691309,1650.9119706574895,2013.1788721294,70.12655952252506,493.60649965079654,201.39718045576345,166.91562177833433,1572.1218396070662,337.0507619435844,4.957356073910392,123.7017139849554,698.0110416888623,127.68943258551757,0,0,0,0,0,0,0,0,0,0,0,0,0,0,0,0,0,0
CohereLabs/aya-expanse-8b,slimllm,4-bit,Chinese,1234,423.9152864829324,109.46360927913152,40.29816297227371,55.43251984755515,1010.1824063105722,290.5080937245768,1337.4438314533763,1393.8545738323803,54.22588072906456,349.6707101181055,125.52738021998648,105.66204567835985,1201.0588027842632,253.66503406283368,3.954161304687964,98.4017945492255,412.2495504083473,117.61582338744348,0,0,0,0,0,0,0,0,0,0,0,0,0,0,0,0,0,0
CohereLabs/aya-expanse-8b,tacq,2-bit,English,1234,1336.8509718415935,619.4588207939688,109.9543297631141,69.1243399490551,1959.447661359485,1204.0627050483242,2034.7915387409012,3492.3741996274407,156.6702543344357,1173.3980335428164,714.7896660207031,777.8797605575996,1940.3885055508017,1645.0905289391146,15.326974972778444,305.45374211551086,1488.8315461378304,352.03425215478603,0,0,0,0,0,0,0,0,0,0,0,0,0,0,0,0,0,0
CohereLabs/aya-expanse-8b,tacq,3-bit,English,1234,513.9109184497536,145.4645244259322,42.78109623109235,56.60363853210221,1150.619385045845,369.476332471163,1477.2030253581197,1698.6913704079802,58.809904524463,429.4616180206664,163.70595081277108,138.4787298318377,1431.1782836207506,271.5876102059134,4.598232981542313,104.21884960528136,488.4152689855802,132.58289849631012,0,0,0,0,0,0,0,0,0,0,0,0,0,0,0,0,0,0
CohereLabs/aya-expanse-8b,tacq,4-bit,English,1234,428.57446399089616,110.03325060655736,39.78373567112582,55.02221999711518,996.7170535167044,289.9208492846332,1413.4529543022202,1374.5101341661957,54.40953023553268,351.48139202516677,126.2388314137204,105.65799307107724,1232.8954953016205,229.0586266110801,3.9803619987851575,96.78106604491153,388.5583601119019,120.3016765886676,0,0,0,0,0,0,0,0,0,0,0,0,0,0,0,0,0,0
CohereLabs/aya-expanse-8b,tacq,2-bit,Tamil,1234,1274.2260764653895,503.34050709039553,84.02090161653899,91.79212776730316,1894.0355838866556,1027.2440165826931,2081.408519347749,3031.5579383056174,134.44836308110197,993.8185357381948,554.8197023227266,547.9349778172109,2482.80035090454,423.8423712007678,4.032991026437342,213.5606966464045,1533.1510849563983,268.35127017393495,0,0,0,0,0,0,0,0,0,0,0,0,0,0,0,0,0,0
CohereLabs/aya-expanse-8b,tacq,3-bit,Tamil,1234,495.932704153066,136.49208990413723,43.932176913069526,59.77830566467715,1082.6600021337515,352.72399477103994,1539.3886711993516,1563.455813609805,61.60551810993887,420.9070761290665,155.75177186963194,129.22278463380263,1444.7761340123438,266.09163876953096,3.914036757127362,107.60092824889728,494.7851072236514,135.09282852250604,0,0,0,0,0,0,0,0,0,0,0,0,0,0,0,0,0,0
CohereLabs/aya-expanse-8b,tacq,4-bit,Tamil,1234,429.2349691006792,105.35466027208564,39.77690392209328,55.68906007439936,976.376670303808,273.4097019149932,1398.1725692993434,1306.231196264454,53.67273325503832,339.3906012270046,120.04091006927256,101.91515780403364,1243.3786184517196,219.07158333411203,3.848132416055845,97.58616014320884,389.2916780933288,120.61881562401614,0,0,0,0,0,0,0,0,0,0,0,0,0,0,0,0,0,0
CohereLabs/aya-expanse-8b,tacq,2-bit,Indonesian,1234,1123.4647252921884,517.3983655390908,92.73786830603945,81.00447815502984,1818.742425246715,958.9594370632911,2140.7302665302163,3495.0958666355073,138.44829634970858,1008.688524219756,551.7623887565933,584.6934017439116,2101.7592709846244,1065.522358866565,11.747358660778923,113.63463834990196,1343.61688794671,299.0832533666769,0,0,0,0,0,0,0,0,0,0,0,0,0,0,0,0,0,0
CohereLabs/aya-expanse-8b,tacq,3-bit,Indonesian,1234,525.6880913688776,139.0667427426014,42.81085612727574,57.98897955294493,1193.9061705482477,361.78283529093886,1586.0982829255152,1740.761307428002,59.65238091337613,422.685356953503,157.21997255659986,138.15578984536003,1521.442174260661,285.4222890193057,4.432266998234929,96.9035557194289,505.833185859943,132.2516049717701,0,0,0,0,0,0,0,0,0,0,0,0,0,0,0,0,0,0
CohereLabs/aya-expanse-8b,tacq,4-bit,Indonesian,1234,424.1135630444636,110.11579191089614,39.713343498364786,55.55997461562265,959.0143595566066,271.6735767171756,1391.2033291987332,1389.8492821745847,53.981962782672255,350.525323183296,126.53591886407132,103.6484239637763,1243.00546373145,221.9774684268308,3.942368837924893,95.08939123492804,381.5368619307466,119.71670378007488,0,0,0,0,0,0,0,0,0,0,0,0,0,0,0,0,0,0
CohereLabs/aya-expanse-8b,tacq,2-bit,Swahili,1234,1058.5356726851455,464.48810600022927,112.77632782367674,97.7764502227743,1325.6035423793974,676.4671430306948,1835.083550579642,2783.916505530672,157.55704120851752,834.3567180056931,474.84919085690024,456.7198986896868,1705.3274016729226,701.4092675872309,10.504046821252532,204.26009480028688,342.5063761963675,410.4569426079825,0,0,0,0,0,0,0,0,0,0,0,0,0,0,0,0,0,0
CohereLabs/aya-expanse-8b,tacq,3-bit,Swahili,1234,477.5198769758403,138.47247915046194,43.992876265336214,59.710327941304975,1095.7496927397738,332.9816243742941,1350.7449484212268,1438.0821270726378,60.97030891044463,413.1837229412564,152.178428532845,130.63209752136547,1385.704005295585,282.8443678785888,4.394636097648646,105.48536282588849,351.02676243969034,139.73299179983024,0,0,0,0,0,0,0,0,0,0,0,0,0,0,0,0,0,0
CohereLabs/aya-expanse-8b,tacq,4-bit,Swahili,1234,419.341029833551,108.88012158775196,40.09023909053156,55.820594370413176,952.9845939939328,273.5538515647602,1359.3639232771666,1335.346738958465,54.43675569781982,340.6592486904032,124.63671540319037,102.7009869454565,1182.142840939916,230.94038393465073,3.988709381701935,97.10119643365414,364.8727943863972,121.5158564685307,0,0,0,0,0,0,0,0,0,0,0,0,0,0,0,0,0,0
CohereLabs/aya-expanse-8b,tacq,2-bit,Chinese,1234,1728.971358980024,870.3630819502223,119.17384103257446,87.56656885552272,2664.629199682304,1569.1465092711985,2617.366195128879,4975.798887436055,180.56878021161953,1580.5697117030084,948.7789869660016,927.705034230748,2642.4664029933892,783.7060144541264,11.0859408420628,287.20731212296283,2165.59552615403,136.30764319260996,0,0,0,0,0,0,0,0,0,0,0,0,0,0,0,0,0,0
CohereLabs/aya-expanse-8b,tacq,3-bit,Chinese,1234,573.3323929119687,151.0312596457534,43.706534888014026,58.37483783527448,1121.7438062494186,359.3099114585021,1629.250343121411,1724.0989372096778,60.814872545071935,427.3738027706016,167.4182742985029,142.0599275560186,1598.4061943563524,283.71546369011446,4.441015860599278,106.00171965866642,561.0576413516985,119.32191084467846,0,0,0,0,0,0,0,0,0,0,0,0,0,0,0,0,0,0
CohereLabs/aya-expanse-8b,tacq,4-bit,Chinese,1234,458.4392904739468,112.5124941075325,39.738700798257966,55.483941144317285,1010.2292056855804,282.7466281717146,1479.1804900612394,1442.272780631877,54.49866023959653,364.3471202531807,129.84274534663544,108.98185095310474,1255.2040530973652,234.15400173351605,3.9285278741805847,96.73971179766008,411.2013099640252,116.573490669218,0,0,0,0,0,0,0,0,0,0,0,0,0,0,0,0,0,0
meta-llama/Llama-3.1-8B-Instruct,Unquantized,32-bit,Unquantized,1234,,,,45.105213951913754,,,,,,,,,,,2.3117808145580105,24.823783029258784,30.056285070405885,36.82177886769864,0,0,0,0,0,0,0,0,0,0,0,0,0,0,0,0,0,0
meta-llama/Llama-3.1-8B-Instruct,gptq,2-bit,English,1234,,,,1300.394068278182,,,,,,,,,,,,31939.373114856695,34246.51572048312,39034.71876281616,0,0,0,1,0,0,0,0,0,0,0,0,0,0,1012,228,217,418
meta-llama/Llama-3.1-8B-Instruct,gptq,3-bit,English,1234,,,,54.002998895739225,,,,,,,,,,,4.619366371615938,49.03458723791437,76.29943254962137,65.9069255856645,0,0,0,1,0,0,0,0,0,0,0,0,0,0,0,0,1,0
meta-llama/Llama-3.1-8B-Instruct,gptq,4-bit,English,1234,,,,47.37206604271768,,,,,,,,,,,2.503243841409641,27.11150669401622,35.26885811944029,40.06212518066395,0,0,0,0,0,0,0,0,0,0,0,0,0,0,0,0,0,0
meta-llama/Llama-3.1-8B-Instruct,gptq,2-bit,Tamil,1234,,,,8477.161407461326,,,,,,,,,,,9.525655641674993,38846.104052563176,46302.28919545383,31721.858571992147,0,0,0,11,0,0,0,0,0,0,0,0,0,0,1,396,581,263
meta-llama/Llama-3.1-8B-Instruct,gptq,3-bit,Tamil,1234,,,,56.97535236579498,,,,,,,,,,,2.4778036416820894,42.82057869044083,63.39342856548177,57.59825275989799,0,0,0,0,0,0,0,0,0,0,0,0,0,0,0,0,0,0
meta-llama/Llama-3.1-8B-Instruct,gptq,4-bit,Tamil,1234,,,,46.72768771393706,,,,,,,,,,,2.3416324354398377,27.03536820377199,34.34313726323199,39.94746603180292,0,0,0,0,0,0,0,0,0,0,0,0,0,0,0,0,0,0
meta-llama/Llama-3.1-8B-Instruct,gptq,2-bit,Indonesian,1234,,,,6123.151827172624,,,,,,,,,,,,2767.98411293317,19466.319054666703,36546.41022608952,0,0,0,4,0,0,0,0,0,0,0,0,0,0,1012,3,48,442
meta-llama/Llama-3.1-8B-Instruct,gptq,3-bit,Indonesian,1234,,,,56.64327776397757,,,,,,,,,,,3.8132120438341417,32.11425374671129,54.52115063310693,62.209872792866975,0,0,0,0,0,0,0,0,0,0,0,0,0,0,0,0,0,0
meta-llama/Llama-3.1-8B-Instruct,gptq,4-bit,Indonesian,1234,,,,46.34042124608141,,,,,,,,,,,2.45482055297691,25.609484084588683,33.0182605823189,40.11579798043282,0,0,0,0,0,0,0,0,0,0,0,0,0,0,0,0,1,0
meta-llama/Llama-3.1-8B-Instruct,gptq,2-bit,Swahili,1234,,,,10477.869746754355,,,,,,,,,,,,27130.168105774348,4066.321031965518,46577.70004589035,0,0,0,16,0,0,0,0,0,0,0,0,0,0,1012,140,3,803
meta-llama/Llama-3.1-8B-Instruct,gptq,3-bit,Swahili,1234,,,,55.005955709213595,,,,,,,,,,,3.841755384659224,38.43052093508947,36.94105276658719,62.64082451174363,0,0,0,1,0,0,0,0,0,0,0,0,0,0,0,0,1,0
meta-llama/Llama-3.1-8B-Instruct,gptq,4-bit,Swahili,1234,,,,46.679480726015946,,,,,,,,,,,2.4535624022755513,26.44312990472173,31.212913472627665,40.41919153808404,0,0,0,0,0,0,0,0,0,0,0,0,0,0,0,0,1,0
meta-llama/Llama-3.1-8B-Instruct,gptq,2-bit,Chinese,1234,,,,7680.062328978221,,,,,,,,,,,57354.93475550773,35602.00993113767,42876.66974127037,3135.019061483754,0,0,0,8,0,0,0,0,0,0,0,0,0,0,1006,351,570,0
meta-llama/Llama-3.1-8B-Instruct,gptq,3-bit,Chinese,1234,,,,56.12769934485404,,,,,,,,,,,3.669906651380947,45.4737410388893,70.28902813590487,45.390109753535015,0,0,0,0,0,0,0,0,0,0,0,0,0,0,0,0,0,0
meta-llama/Llama-3.1-8B-Instruct,gptq,4-bit,Chinese,1234,,,,46.69737940073949,,,,,,,,,,,2.436779902493995,27.02591199418865,34.34264962591059,38.331823028050366,0,0,0,0,0,0,0,0,0,0,0,0,0,0,0,0,0,0
meta-llama/Llama-3.1-8B-Instruct,slimllm,2-bit,English,1234,,,,1310.330377819445,,,,,,,,,,,13258750.47089376,90340.66650365356,48436.72616410772,11828255.262616524,0,0,0,0,0,0,0,0,0,0,0,0,0,0,0,0,0,0
meta-llama/Llama-3.1-8B-Instruct,slimllm,3-bit,English,1234,,,,51.661761366548944,,,,,,,,,,,6.090120382720041,80.62498226175329,140.04612886633308,107.69968375326611,0,0,0,0,0,0,0,0,0,0,0,0,0,0,0,0,0,0
meta-llama/Llama-3.1-8B-Instruct,slimllm,4-bit,English,1234,,,,43.53246232601883,,,,,,,,,,,2.695015451825204,28.568593767331176,36.902012251285534,41.52371434200523,0,0,0,0,0,0,0,0,0,0,0,0,0,0,0,0,0,0
meta-llama/Llama-3.1-8B-Instruct,slimllm,2-bit,Tamil,1234,,,,6547.364588752019,,,,,,,,,,,5.138217755312099,28657.95780588389,14562.418099995286,67450.50212042508,0,0,0,0,0,0,0,0,0,0,0,0,0,0,0,0,0,0
meta-llama/Llama-3.1-8B-Instruct,slimllm,3-bit,Tamil,1234,,,,20302.152824243483,,,,,,,,,,,349753.5370604016,147212.49065760945,82843.63261783544,896093.5354848884,0,0,0,0,0,0,0,0,0,0,0,0,0,0,0,0,0,0
meta-llama/Llama-3.1-8B-Instruct,slimllm,4-bit,Tamil,1234,,,,52.83781222368168,,,,,,,,,,,3.0995701137846456,94.89573098503908,68.87385702978119,74.44845424299257,0,0,0,0,0,0,0,0,0,0,0,0,0,0,0,0,0,0
meta-llama/Llama-3.1-8B-Instruct,slimllm,2-bit,Indonesian,1234,,,,24646.872946129828,,,,,,,,,,,2981071.9591295393,83638.050377727,33877.892534793005,1889791.9466534304,0,0,0,0,0,0,0,0,0,0,0,0,0,0,0,0,0,0
meta-llama/Llama-3.1-8B-Instruct,slimllm,3-bit,Indonesian,1234,,,,52.60844924122413,,,,,,,,,,,4.954543582763,33.43762627946794,64.67723572873741,68.9011624809909,0,0,0,0,0,0,0,0,0,0,0,0,0,0,0,0,0,0
meta-llama/Llama-3.1-8B-Instruct,slimllm,4-bit,Indonesian,1234,,,,44.63257897005219,,,,,,,,,,,2.73589934787694,26.986951676313392,37.36070303096757,44.224801008881954,0,0,0,0,0,0,0,0,0,0,0,0,0,0,0,0,0,0
meta-llama/Llama-3.1-8B-Instruct,slimllm,2-bit,Swahili,1234,,,,47030.84586567484,,,,,,,,,,,591896.0032811111,125363.48887580636,67971.3863944888,3922541.7175676464,0,0,0,0,0,0,0,0,0,0,0,0,0,0,0,0,0,0
meta-llama/Llama-3.1-8B-Instruct,slimllm,3-bit,Swahili,1234,,,,82.70567979098402,,,,,,,,,,,8.43895935782397,237.44908559539363,127.09771073289076,493.79021871499526,0,0,0,0,0,0,0,0,0,0,0,0,0,0,0,0,0,0
meta-llama/Llama-3.1-8B-Instruct,slimllm,4-bit,Swahili,1234,,,,45.42345037685307,,,,,,,,,,,2.699435227969377,28.200669966248572,32.886215376682216,46.2964419642405,0,0,0,0,0,0,0,0,0,0,0,0,0,0,0,0,0,0
meta-llama/Llama-3.1-8B-Instruct,slimllm,2-bit,Chinese,1234,,,,6997.865099308116,,,,,,,,,,,212825.01218332505,54669.471081432515,20333.921388648538,2407.566671346078,0,0,0,0,0,0,0,0,0,0,0,0,0,0,0,0,0,0
meta-llama/Llama-3.1-8B-Instruct,slimllm,3-bit,Chinese,1234,,,,55.08159134650224,,,,,,,,,,,3.885786378299543,52.09411335754607,79.511095996154,44.49697064147745,0,0,0,0,0,0,0,0,0,0,0,0,0,0,0,0,0,0
meta-llama/Llama-3.1-8B-Instruct,slimllm,4-bit,Chinese,1234,,,,44.928033645588584,,,,,,,,,,,2.5552773600594825,27.777874080855504,35.678429386455306,38.10782671966255,0,0,0,0,0,0,0,0,0,0,0,0,0,0,0,0,0,0
meta-llama/Llama-3.1-8B-Instruct,tacq,2-bit,English,1234,,,,71.30514576347686,,,,,,,,,,,98.90695067150229,409.7376236391584,422.77928083465423,698.2557328838361,0,0,0,0,0,0,0,0,0,0,0,0,0,0,0,0,0,0
meta-llama/Llama-3.1-8B-Instruct,tacq,3-bit,English,1234,,,,48.270659212199014,,,,,,,,,,,4.269030256185485,39.77258686993195,56.28301714806396,57.113640995805795,0,0,0,0,0,0,0,0,0,0,0,0,0,0,0,0,0,0
meta-llama/Llama-3.1-8B-Instruct,tacq,4-bit,English,1234,,,,45.53529489054378,,,,,,,,,,,2.5038887851043174,27.187312402966175,34.45639204144634,40.11978034651646,0,0,0,0,0,0,0,0,0,0,0,0,0,0,0,0,0,0
meta-llama/Llama-3.1-8B-Instruct,tacq,2-bit,Tamil,1234,,,,123.01588474541155,,,,,,,,,,,2.7908480670739975,254.872068295526,329.5926907195779,276.4184159551415,0,0,0,0,0,0,0,0,0,0,0,0,0,0,0,0,0,0
meta-llama/Llama-3.1-8B-Instruct,tacq,3-bit,Tamil,1234,,,,50.73238755469208,,,,,,,,,,,2.430107190237954,35.06217765232834,46.87813883424103,48.481813848297634,0,0,0,0,0,0,0,0,0,0,0,0,0,0,0,0,0,0
meta-llama/Llama-3.1-8B-Instruct,tacq,4-bit,Tamil,1234,,,,46.511977618498115,,,,,,,,,,,2.3455414316648096,27.168394874213863,33.305475964575,39.193254539378785,0,0,0,0,0,0,0,0,0,0,0,0,0,0,0,0,0,0
meta-llama/Llama-3.1-8B-Instruct,tacq,2-bit,Indonesian,1234,,,,94.74434478012677,,,,,,,,,,,11.29038307945061,48.68202871158567,208.36690853583107,381.7390750285579,0,0,0,0,0,0,0,0,0,0,0,0,0,0,0,0,0,0
meta-llama/Llama-3.1-8B-Instruct,tacq,3-bit,Indonesian,1234,,,,50.05146856026269,,,,,,,,,,,3.4630903395044537,28.61815854929057,43.46395323658671,52.05096429618459,0,0,0,0,0,0,0,0,0,0,0,0,0,0,0,0,0,0
meta-llama/Llama-3.1-8B-Instruct,tacq,4-bit,Indonesian,1234,,,,46.84913874866605,,,,,,,,,,,2.4577764027271214,25.944766203782983,32.88207412459745,40.22206302059239,0,0,0,0,0,0,0,0,0,0,0,0,0,0,0,0,0,0
meta-llama/Llama-3.1-8B-Instruct,tacq,2-bit,Swahili,1234,,,,108.39643652327467,,,,,,,,,,,15.895495700082238,135.91288843693297,43.17017923914528,1156.817652609397,0,0,0,0,0,0,0,0,0,0,0,0,0,0,0,0,0,0
meta-llama/Llama-3.1-8B-Instruct,tacq,3-bit,Swahili,1234,,,,51.24193295030372,,,,,,,,,,,3.554055983496906,34.72114688674486,34.76547563857116,56.75686132004963,0,0,0,0,0,0,0,0,0,0,0,0,0,0,0,0,0,0
meta-llama/Llama-3.1-8B-Instruct,tacq,4-bit,Swahili,1234,,,,46.16600269653527,,,,,,,,,,,2.4603962734256233,26.50111818574857,30.807822913419884,39.940934854364144,0,0,0,0,0,0,0,0,0,0,0,0,0,0,0,0,0,0
meta-llama/Llama-3.1-8B-Instruct,tacq,2-bit,Chinese,1234,,,,110.839197487821,,,,,,,,,,,8.777215682377717,481.66613842844225,469.1486610057474,68.7920800131497,0,0,0,0,0,0,0,0,0,0,0,0,0,0,0,0,0,0
meta-llama/Llama-3.1-8B-Instruct,tacq,3-bit,Chinese,1234,,,,50.02781890259474,,,,,,,,,,,3.12337323422898,35.462255073342725,50.86852359950654,41.2773219795379,0,0,0,0,0,0,0,0,0,0,0,0,0,0,0,0,0,0
meta-llama/Llama-3.1-8B-Instruct,tacq,4-bit,Chinese,1234,,,,45.672605370840046,,,,,,,,,,,2.424910467775902,27.072293136927307,33.288619429788014,37.42432248740194,0,0,0,0,0,0,0,0,0,0,0,0,0,0,0,0,0,0
