Base Model,Quantization Technique,Bit Width,Calibration Language,Random Seed,eng_Latn,tam_Taml,ind_Latn,bem_Latn,cjk_Latn,ibo_Latn,kam_Latn,kik_Latn,kin_Latn,kmb_Latn,ktu_Latn,lin_Latn,lua_Latn,lug_Latn,nso_Latn,nya_Latn,run_Latn,sna_Latn,sot_Latn,ssw_Latn,swh_Latn,tsn_Latn,tso_Latn,tum_Latn,umb_Latn,xho_Latn,yor_Latn,zul_Latn,cmn_Hans,eng_Latn_nancount,tam_Taml_nancount,ind_Latn_nancount,bem_Latn_nancount,cjk_Latn_nancount,ibo_Latn_nancount,kam_Latn_nancount,kik_Latn_nancount,kin_Latn_nancount,kmb_Latn_nancount,ktu_Latn_nancount,lin_Latn_nancount,lua_Latn_nancount,lug_Latn_nancount,nso_Latn_nancount,nya_Latn_nancount,run_Latn_nancount,sna_Latn_nancount,sot_Latn_nancount,ssw_Latn_nancount,swh_Latn_nancount,tsn_Latn_nancount,tso_Latn_nancount,tum_Latn_nancount,umb_Latn_nancount,xho_Latn_nancount,yor_Latn_nancount,zul_Latn_nancount,cmn_Hans_nancount
Qwen/Qwen3-8B,Unquantized,32-bit,Unquantized,1234,33.42869779663646,2.7416050389620468,16.69900768379095,524.0603920924385,711.371460542558,73.7762257710537,406.4004508251788,232.6964202527532,220.45379393604517,417.6596064086099,273.97637894788727,203.61395464036408,464.0518887430749,331.15857044876435,179.3257310522175,253.442620326669,318.21762707037504,232.99496031990876,148.58080504168757,279.2930643691499,64.53464526103139,176.1000127537395,365.20206464972534,299.4748524047207,605.9881563428207,155.8231006554667,68.86221801245969,112.03374869899858,46.980805774463015,0,0,0,0,0,0,0,0,0,0,0,0,0,0,0,0,0,0,0,0,0,0,0,0,0,0,0,0,0
Qwen/Qwen3-8B,gptq,2-bit,English,1234,13062.876244178611,48256.10548482944,39854.46393039143,38497.55024108999,44515.83241551158,39576.51075138888,35065.78772419334,45300.38926230247,39652.58987738846,37738.72838919523,34082.200853567534,40306.53895062808,36919.47770026623,46180.684673587384,37124.57972037549,41053.03688418662,44857.90744799604,39695.48137615149,37539.6725242365,44392.746956837655,38231.523294803,37029.63124492535,41327.32051195631,37968.42807861671,47074.30672930949,41405.08006396405,37969.21579923659,40202.951518520174,34286.23652790619,319,984,939,0,0,0,0,0,0,0,0,0,0,0,0,0,0,0,0,0,882,0,0,0,0,0,0,0,998
Qwen/Qwen3-8B,gptq,3-bit,English,1234,40.188511508698525,4.329966014482671,24.304463874060193,669.4981760700665,882.5527828324755,161.5453956747118,490.9402975500884,315.34070517491676,419.46886415763623,529.8614015043023,363.2274822098522,299.3439326081912,597.2148266665557,537.1690712581807,298.9182873127826,419.4292190643452,538.7917786194602,389.15030368149775,280.26332334746013,418.6028563884384,160.4175190088491,301.4576570392897,468.0063651945826,413.88714566718176,799.5829902102818,303.3139723046037,115.62510480787122,227.94579604270933,62.90124860133694,0,0,0,0,0,0,0,0,0,0,0,0,0,0,0,0,0,0,0,0,0,0,0,0,0,0,0,0,0
Qwen/Qwen3-8B,gptq,4-bit,English,1234,38.63377253787829,2.9031441093781605,18.795383083015633,560.264205358435,763.792662514202,89.91064732014281,438.0385571440139,253.77313670215105,266.6611727523869,449.3189261213868,300.62732866040335,222.54076201516563,502.0188630001292,364.65352223962896,199.1077714252534,286.3302904098142,375.566398146429,267.9678425996145,175.50346016397756,313.40883872814493,81.5190270910736,201.54341359116148,397.45707175531413,316.7540195305665,648.095536328047,186.4019555641631,79.3748064770599,134.23885111250868,54.47198774405447,0,0,0,0,0,0,0,0,0,0,0,0,0,0,0,0,0,0,0,0,0,0,0,0,0,0,0,0,0
Qwen/Qwen3-8B,gptq,2-bit,Tamil,1234,45011.90015069094,8.059500068367093,48568.139986421265,,,55359.99999999995,52423.623520500325,42784.00000000003,64223.99999999996,42788.12844703544,59886.20248437862,,31181.902443564937,,56902.35285117833,,65248.0,58943.99999999998,,,,,,,,63744.00000000003,55808.00000000003,,51742.18947582705,1008,0,1003,0,0,0,0,0,0,0,0,0,0,0,0,0,0,0,0,0,1012,0,0,0,0,0,0,0,1009
Qwen/Qwen3-8B,gptq,3-bit,Tamil,1234,42.01276040614906,2.919523189827532,22.620577787849335,661.6979681849443,905.901901964676,135.24673412761766,495.81246633073374,290.26739571627024,395.5727985051971,515.2162219128056,331.58576974379235,290.3619620306892,610.2598620303315,536.1255918964229,285.1321237842445,365.7633934675724,505.3546814964014,358.85367672423524,269.9662354682945,417.95753308651416,144.2631959091692,282.4826849332302,505.5513247372095,384.60108382022406,791.9236916746682,291.86120594215924,119.33495325746895,217.76703561549377,62.47537720471884,0,0,0,0,0,0,0,0,0,0,0,0,0,0,0,0,0,0,0,0,0,0,0,0,0,0,0,0,0
Qwen/Qwen3-8B,gptq,4-bit,Tamil,1234,36.874922404755154,2.789351581576123,18.04538708509607,595.3967576984455,769.7971508494797,81.7532047637664,429.8264782406905,241.72460397609856,263.00551038303774,458.03682376717114,296.88785187518636,223.12021064657907,498.07416097765895,379.3288158346914,206.4882853725428,282.38051243526047,370.3227833764771,265.90060775122083,176.20110539828758,309.30627327214575,80.63950870154706,204.9093818492007,396.5083340552132,326.81320864306633,645.3414174543709,186.9807121863478,71.98375612183912,132.49694926972208,52.04763568643273,0,0,0,0,0,0,0,0,0,0,0,0,0,0,0,0,0,0,0,0,0,0,0,0,0,0,0,0,0
Qwen/Qwen3-8B,gptq,2-bit,Indonesian,1234,33757.6347110466,27336.007203959947,1292.5707397003864,32856.100266702575,32699.24190834037,34433.710488759854,27592.50381650441,29313.296561020896,35124.60822956868,28755.38416274319,23612.55972809794,26765.87093350328,31589.48465277982,34817.79616920661,33138.03282659148,35715.61937897337,36187.00566638474,33477.82673767176,30810.332418295788,34879.57793267551,31265.34602617558,30022.373851317057,34690.327753017795,31026.08641517926,36156.626879119896,38612.151656310765,33304.48912904504,37316.97623927612,44669.35199474621,916,257,9,0,0,0,0,0,0,0,0,0,0,0,0,0,0,0,0,0,650,0,0,0,0,0,0,0,1006
Qwen/Qwen3-8B,gptq,3-bit,Indonesian,1234,42.38549443286019,3.915570084781495,19.171945899648552,617.8889229252889,804.8234941051024,139.82769489825338,468.894053316957,280.57492494141025,415.8457962706175,464.2689610689434,320.64354111929384,268.81659586415566,563.9906276804955,530.1705494306984,270.54092708609795,391.1397138131345,522.2859458047208,436.0745959365523,249.3700829478809,422.2685232399288,143.3578203718125,271.58830546641195,442.6139859203246,370.429500419422,717.0093271926407,282.2523052672787,108.54225025860778,212.17673969753133,62.97257579744268,0,0,0,0,0,0,0,0,0,0,0,0,0,0,0,0,0,0,0,0,0,0,0,0,0,0,0,0,0
Qwen/Qwen3-8B,gptq,4-bit,Indonesian,1234,36.30748240228997,2.869461655249416,17.537566302499595,564.734203311322,746.8346413231714,83.12561449181446,416.83642547175674,238.97585363259267,267.2511966292559,447.7929242431359,294.8848355201978,225.0257678235228,501.4089396986756,379.6572041789791,211.82016734571457,282.1241881694153,374.1593925013028,258.7262284618351,175.73645554075844,305.9430266584852,75.50306730936799,205.0949177087148,393.0052081290714,315.9894358369971,643.1372876184985,184.5186915521072,76.3122422959686,133.160137281298,52.100442844564874,0,0,0,0,0,0,0,0,0,0,0,0,0,0,0,0,0,0,0,0,0,0,0,0,0,0,0,0,0
Qwen/Qwen3-8B,gptq,2-bit,Swahili,1234,43340.99644682806,37753.455877870045,39555.25012897737,9422.660307988695,13916.67784669231,14155.006886715752,8573.221665948604,9917.34222109221,10100.30435279425,7580.400171944724,4948.510189552316,6362.999519381583,11896.447735445554,13407.06360845492,13544.952637376344,9209.894989439152,11210.070529656005,11900.85690014888,12555.062630861656,14444.437655896792,1309.6525345895232,11753.91468224033,9465.926086654308,7323.938626119211,17813.22728289408,12319.262999910394,17207.653704258053,9700.61061475712,,1004,679,925,0,0,0,0,0,0,0,0,0,0,0,0,0,0,0,0,0,16,0,0,0,0,0,0,0,1012
Qwen/Qwen3-8B,gptq,3-bit,Swahili,1234,44.7868655144495,3.771811375692601,22.734895653593014,631.653837664661,885.3197612673483,111.3729062551662,478.53072476520646,272.6292981528542,309.178174264722,512.5224316140653,333.27177201748185,255.5899798736962,574.8951474862824,445.386591349153,252.97678541879029,340.0190176065836,433.7571217489127,323.6623047063738,225.46296255281337,372.912890898069,79.9850898216555,245.2247360824953,447.63873901533066,385.6388915834589,745.0438458348658,222.83679524463165,110.4612351295766,164.23619637765563,66.24926590137403,0,0,0,0,0,0,0,0,0,0,0,0,0,0,0,0,0,0,0,0,0,0,0,0,0,0,0,0,0
Qwen/Qwen3-8B,gptq,4-bit,Swahili,1234,36.7826059110819,2.8621919820749,18.727564991763867,556.1278599030699,767.3924057811761,80.71654393059784,430.8478449030374,252.29012538340737,254.9171460403003,455.4408545088036,292.57294726329656,224.5690176877708,510.91278799936384,365.0524258896674,198.0985656852847,276.32879609116884,358.20076148258164,264.2753715129163,169.76151889342069,303.5275939313286,71.5224931252781,196.60235233698225,397.7277500238619,324.4569101241006,648.7350543599007,171.85861378114794,76.36461257835025,122.75055131451096,52.98490424001635,0,0,0,0,0,0,0,0,0,0,0,0,0,0,0,0,0,0,0,0,0,0,0,0,0,0,0,0,0
Qwen/Qwen3-8B,gptq,2-bit,Chinese,1234,31539.28935596854,20653.920898784057,33869.505356545866,41754.50593962122,40906.670853198535,41321.597079571446,35898.98982648674,41450.7184822094,41855.878459050786,36692.285276051414,38513.76918697908,39004.46899781824,40422.731949971494,40649.616243594945,39411.420285962085,43176.90910740711,41133.93246414403,42262.94879867136,41020.46499249196,44315.530932583795,36808.23721384521,38068.31113914296,40649.34870143457,36283.181810370574,42871.84036182146,41010.52983236511,41920.57519792123,45752.609766988135,19548.10577563764,857,143,932,0,0,0,0,0,0,0,0,0,0,0,0,0,0,0,0,0,854,0,0,0,0,0,0,0,559
Qwen/Qwen3-8B,gptq,3-bit,Chinese,1234,40.86535137986994,4.132577114574062,24.873792937283397,660.4427207984937,863.4841844006569,173.7310415952151,485.8323171219316,305.3439699527947,430.9395355073905,512.7525145530784,352.90969342545344,289.5655923305023,633.6849069033567,564.4292172007208,313.9090514727338,420.1132635403899,559.6318339604464,432.70523655144774,273.00640190784134,452.03024379908663,151.0408219495891,292.92272516987146,488.1238238491572,385.6705467100411,779.6930411374332,330.26530810174904,124.59498246721792,251.0201051028665,56.09875378770698,0,0,0,0,0,0,0,0,0,0,0,0,0,0,0,0,0,0,0,0,0,0,0,0,0,0,0,0,0
Qwen/Qwen3-8B,gptq,4-bit,Chinese,1234,36.7910051844728,2.9218138424187035,17.943838145445774,545.9264701090958,747.9645090191838,83.7367715772322,421.7838171975082,241.2482030133529,246.0894624738259,454.6246146368708,282.5351755420196,221.49711871933897,489.34462247528074,365.2112945487953,203.3325136268282,282.14275044981434,347.7536626241327,263.91268289459083,171.19972995600227,300.21224430212857,78.50109516814331,199.82578547430563,387.735119415547,319.63606884536,633.1099739448231,176.7499167126128,78.85805215324274,130.4514202096808,52.133660525483464,0,0,0,0,0,0,0,0,0,0,0,0,0,0,0,0,0,0,0,0,0,0,0,0,0,0,0,0,0
Qwen/Qwen3-8B,slimllm,2-bit,English,1234,136.42133324109142,7868.718125583641,2487.6444767258004,5128.076762392259,7513.408559044099,4437.797443323556,6014.568254917526,7582.735671465487,5402.67406128661,5045.816392463037,5050.78002348677,4185.251419263351,5786.861005532947,6271.494035630976,5501.612068886307,5188.789491248491,5150.9175124569465,5410.757530656031,3861.715275822445,4756.931848593084,7155.155728330213,4592.613932641813,4188.306193921324,6230.1074098391755,5977.966052644677,4834.122820932751,4663.315789963068,4191.11921390022,1018849.4256141403,0,0,0,0,0,0,0,0,0,0,0,0,0,0,0,0,0,0,0,0,0,0,0,0,0,0,0,0,0
Qwen/Qwen3-8B,slimllm,3-bit,English,1234,37.99688059550058,5.016176848088825,26.602902956456948,686.7347109544567,881.1763310432677,155.46281184918362,512.241275401538,325.58498373056585,490.92939902388366,507.3510434929688,343.4737111013062,298.69099864730055,627.698791154741,640.1061501238679,330.5324261169382,442.5064383367634,603.8344355357864,446.85121080021474,325.7413625529504,519.1003940553115,168.9902512101581,354.7333833520568,525.5666775312233,399.2364378887254,828.6647564100897,365.9821391750755,135.8231178816235,273.07492486888447,62.76631434224415,0,0,0,0,0,0,0,0,0,0,0,0,0,0,0,0,0,0,0,0,0,0,0,0,0,0,0,0,0
Qwen/Qwen3-8B,slimllm,4-bit,English,1234,34.26049753807352,2.9580739068662836,17.888351357641866,560.7917769348987,743.2551329242283,90.37605059318273,415.7068218834971,267.2853671481348,270.2696713893585,414.7282239158299,273.03262182222153,219.88557328953272,505.9375844075071,388.7423963123642,209.67391619556463,289.6099539746997,369.8775489260363,271.40646381396044,172.75468116832965,307.36294355941993,79.74317293752884,203.50277426792613,390.6188026120208,314.70598740785886,630.6608975151255,181.49929330233695,78.776160756783,130.86677554401018,49.54453988752638,0,0,0,0,0,0,0,0,0,0,0,0,0,0,0,0,0,0,0,0,0,0,0,0,0,0,0,0,0
Qwen/Qwen3-8B,slimllm,2-bit,Tamil,1234,9540.97626842516,4.296939557556912,8528.090849291808,8590.977249888749,11812.413707551214,6013.098369726048,6526.170973745409,14453.994352843489,9441.758616406614,5461.18284028389,4808.372075903943,7825.244413647252,7380.860987305102,10569.841725224163,7598.526476809622,7524.404236858349,10396.169894503548,12196.332431665656,4814.473249262411,11809.368712256775,6611.650597475295,4805.5497841082015,5541.6688468720995,5988.040798774367,13430.419710045702,12867.52011709333,7892.666409660426,11697.41350289829,92242.3284999782,0,0,0,0,0,0,0,0,0,0,0,0,0,0,0,0,0,0,0,0,0,0,0,0,0,0,0,0,0
Qwen/Qwen3-8B,slimllm,3-bit,Tamil,1234,44.63405853598474,2.900773949106872,23.03524789974803,688.6705535870971,946.202991199149,136.72863139986492,485.87845930655703,309.4245582346006,411.3384341793817,538.4603564914618,358.3573702066965,311.03458700268436,645.6599057305015,556.9657782443767,308.3068986149501,391.13857380483665,535.889487266147,403.4200744426648,274.4600333009571,456.8938313279821,135.08245078652956,302.0502499979339,506.959837268976,392.7651217519646,776.2056328464869,330.63324149468474,118.4037410281579,231.63989004927444,62.115039419691904,0,0,0,0,0,0,0,0,0,0,0,0,0,0,0,0,0,0,0,0,0,0,0,0,0,0,0,0,0
Qwen/Qwen3-8B,slimllm,4-bit,Tamil,1234,36.234922243486274,2.7768215261847855,18.0978997937216,569.0568190985133,766.0491307502149,85.49600827335165,444.1182857257522,269.2495731916129,250.5193329126184,448.4029214939866,287.7643720445355,224.5060680066584,505.6915826065073,373.5645029097821,210.6958123737543,295.8056293793257,353.7346958294502,283.3503064430222,175.68384570285772,317.178710661316,78.92870637314043,204.5957093121318,399.3851557156065,327.80581749064396,661.9961852876188,190.80631866968616,78.85423424225782,133.3702315459804,50.70813658509969,0,0,0,0,0,0,0,0,0,0,0,0,0,0,0,0,0,0,0,0,0,0,0,0,0,0,0,0,0
Qwen/Qwen3-8B,slimllm,2-bit,Indonesian,1234,1875.6211876537789,27736.05120290473,213.78650585655905,4784.891131205519,8219.273286260614,9303.97968245728,7582.75134672207,12888.30722001895,4366.577004388849,4805.657872654179,3901.906367746231,3554.4991778773497,4577.186970667866,5912.901866592432,4258.8451869368355,6341.544479240645,5108.590777037613,8719.071584045028,3528.765367889494,7833.224644756929,4277.16331359407,3758.923908350196,5601.188194158402,5850.057548903498,15320.5139496399,6703.389524998519,11968.226013816417,5051.216015431999,603631.5192775716,0,0,0,0,0,0,0,0,0,0,0,0,0,0,0,0,0,0,0,0,0,0,0,0,0,0,0,0,0
Qwen/Qwen3-8B,slimllm,3-bit,Indonesian,1234,40.97976053677497,3.987144554270198,18.93958542582823,693.3648897269502,947.199318640682,138.28918792785387,507.7574372912647,336.30189725758703,409.7397271352663,520.095551892304,357.39408226865123,290.1876375998503,645.6290337454035,563.0324687075548,309.0245438689536,397.0671451281961,515.8719677419646,433.37646925552946,277.39836489300944,432.6133166355908,135.63880734264598,301.68125747074464,472.1325106725878,415.0528751137145,778.0394517208824,293.4272233607717,119.23978497342962,213.5152371927629,63.99228798231387,0,0,0,0,0,0,0,0,0,0,0,0,0,0,0,0,0,0,0,0,0,0,0,0,0,0,0,0,0
Qwen/Qwen3-8B,slimllm,4-bit,Indonesian,1234,34.63364390357048,2.891498495532571,17.211146427348073,558.5469605771024,758.8213783908608,86.59273163671607,425.2693761676931,263.82403923406866,266.9476173385259,441.9934202802892,271.6629921236447,211.25645715606987,490.91995497516285,377.5916719258148,214.0388000949232,285.84577024807396,368.7277292885225,282.4919172180351,173.68637259080433,325.5867607326804,77.37940643739049,205.36550854628445,391.3392525425407,318.0497560890383,643.5770980431678,191.78207797130432,79.98486720327386,135.48756158055969,49.841061913184795,0,0,0,0,0,0,0,0,0,0,0,0,0,0,0,0,0,0,0,0,0,0,0,0,0,0,0,0,0
Qwen/Qwen3-8B,slimllm,2-bit,Swahili,1234,1295.6478871847648,1297.831133642902,734.7904964034766,2086.586995762825,2790.0442598851087,1654.4457115168236,2336.28228328989,2885.5403990193704,1565.218743563893,1792.4007029180962,1390.5103356807556,1074.6199861567968,3056.0769934549417,1870.4962578256725,1973.7095512545557,1827.8209818144712,1729.5543459118894,2416.091411151887,1658.4337836006748,2798.9312007923704,755.8347877573307,1914.9203780854664,1894.4927275913865,2437.8806658578646,4085.7894893167386,1914.2291749314552,2890.7374050374456,1503.7274550997442,203061.65036763428,0,0,0,0,0,0,0,0,0,0,0,0,0,0,0,0,0,0,0,0,0,0,0,0,0,0,0,0,0
Qwen/Qwen3-8B,slimllm,3-bit,Swahili,1234,45.25536722245558,4.003746574948249,22.944875872841305,591.474885701473,816.805794695374,111.42345925936452,450.7011440881004,265.792217581285,298.0485840181929,480.4888062962197,315.81716844696217,233.42415125717145,551.6390008486757,439.563433312449,245.42548309230904,315.3441213116864,416.6145914623963,327.5596275074631,216.41355869435964,346.65918348591543,74.91642405453797,244.74580442071775,422.8693353518074,347.52134471942566,698.6967954485101,221.34170006934863,104.471596339108,160.75177014968895,68.85531712476093,0,0,0,0,0,0,0,0,0,0,0,0,0,0,0,0,0,0,0,0,0,0,0,0,0,0,0,0,0
Qwen/Qwen3-8B,slimllm,4-bit,Swahili,1234,34.731502649891816,2.901018056145293,17.629106620996673,538.3198578454113,726.4224253135574,83.05570792753555,430.636593789405,249.4374047426836,229.94035620727664,436.3217871195646,281.20795148641974,208.490461420506,486.78213222793664,345.1036017098332,195.9413083832116,261.2597730134053,326.3978619071685,243.4600893518816,162.4908528967477,281.959155925236,63.98431315614516,189.98296705681307,371.0076251594183,300.70568776550937,621.1840206706377,163.06771997107603,71.45510603772709,116.96519899324596,49.63811238091433,0,0,0,0,0,0,0,0,0,0,0,0,0,0,0,0,0,0,0,0,0,0,0,0,0,0,0,0,0
Qwen/Qwen3-8B,slimllm,2-bit,Chinese,1234,4070.391396172054,6230.997726404883,17901.847298242043,13883.855888286083,21328.505474817557,12649.294783181836,13524.477015414055,10619.792841154527,9047.411404617156,13938.3243841148,11717.278318693976,11677.155721752,14952.273829792884,14758.699879460528,18643.123239146735,14278.176681689083,10083.910191033374,18231.280153209245,13811.563863448486,13125.04094195805,14441.185177558322,19451.549449717655,14239.73169920237,12877.60710830044,31558.1674273125,19245.40679956076,5343.216467121172,13414.89219714486,296.78703265712124,0,0,0,0,0,0,0,0,0,0,0,0,0,0,0,0,0,0,0,0,0,0,0,0,0,0,0,0,0
Qwen/Qwen3-8B,slimllm,3-bit,Chinese,1234,44.25240759960642,4.236144197464472,26.923225775353018,716.2069436068542,946.8386666038944,158.9252039274536,500.933876041503,279.9068467911727,454.93862595470694,521.3621725574791,376.871992323111,314.2326123069793,662.6237222655751,586.4845131880969,332.0907295451111,429.115880103625,573.7955955603944,481.5617968640093,364.4315181804171,590.0606110879157,168.42761665887866,372.3120346447128,553.8729827687813,426.6447805933449,825.2074504253266,429.59937249735975,127.85406046293384,310.7804409003189,54.44892800519031,0,0,0,0,0,0,0,0,0,0,0,0,0,0,0,0,0,0,0,0,0,0,0,0,0,0,0,0,0
Qwen/Qwen3-8B,slimllm,4-bit,Chinese,1234,35.165067904624784,2.918108808024613,18.043826896466665,550.1775694783171,752.4606563055972,87.96007810910284,426.6100492710198,240.80517871790911,251.40737737439673,463.3647873175518,297.0323170552126,224.86094310065275,505.2670622621243,368.2805092344716,218.55527145370667,295.48618233031203,342.54839870499563,269.4724224538869,188.68308448589607,313.8298636489628,78.80057727981894,216.0397151025539,403.16980594427304,321.3462771361738,640.8057900747219,190.46251808857673,81.05024776377562,134.9674706496804,47.49619236241774,0,0,0,0,0,0,0,0,0,0,0,0,0,0,0,0,0,0,0,0,0,0,0,0,0,0,0,0,0
Qwen/Qwen3-8B,tacq,2-bit,English,1234,44.433395447277995,14.577590247018955,118.64651418890892,656.5590887449896,808.7556298624127,339.5819117275016,482.7480589639257,404.5984535719061,647.3876653745257,451.5415249922927,326.2145651002239,371.9110565701532,541.2001193738705,731.0805473535804,498.7701507184259,495.0654698798488,677.7354917678638,571.0737808920194,457.2498063482589,639.2869809400155,391.55455389931456,473.0908037594527,541.7668551979694,443.74482658802566,770.478023476387,627.3637322031161,281.5608315299866,457.59251124381,143.96306968977314,0,0,0,0,0,0,0,0,0,0,0,0,0,0,0,0,0,0,0,0,0,0,0,0,0,0,0,0,0
Qwen/Qwen3-8B,tacq,3-bit,English,1234,34.71000196637057,3.851372880707081,21.065717516091933,543.4803083167884,717.2256198977092,117.57663919185548,405.6064678159198,265.3005303362235,333.51251966239846,407.7329918319439,269.85088754560826,229.43167148293105,468.3650033394271,421.5643535623237,267.88027028141147,319.96115861661445,425.7520218491952,325.3045276794551,240.13038553334036,356.4285941146964,117.19922775157184,256.92499074849377,390.4625675146537,314.31538465665056,638.7620643627946,249.89848267404105,100.30178191146572,179.50825722983396,53.50473655318566,0,0,0,0,0,0,0,0,0,0,0,0,0,0,0,0,0,0,0,0,0,0,0,0,0,0,0,0,0
Qwen/Qwen3-8B,tacq,4-bit,English,1234,34.14786620543491,2.8703306108388182,17.424551550809138,530.840379488656,704.771875708624,85.18184277363119,398.3323783521169,240.2805165454228,265.8386008121345,429.58152148582616,270.8714825768423,207.49111233031428,477.48284394861497,360.8780842159678,186.45214786472488,267.58621208296654,365.10336805418535,258.3275154457244,162.41715067775812,292.7095237082799,74.33560103619857,186.51743975666193,363.206670835389,296.6871502876315,601.9699719812226,171.8999301239819,76.40974198279149,124.85689363598073,48.76352348444983,0,0,0,0,0,0,0,0,0,0,0,0,0,0,0,0,0,0,0,0,0,0,0,0,0,0,0,0,0
Qwen/Qwen3-8B,tacq,2-bit,Tamil,1234,63.75770038177639,3.077032400576856,92.5156471069371,830.785636047361,1487.2269240325147,275.6013455766274,900.2371501105424,597.6766509897618,809.0825122866745,793.6302466644418,559.4205774224635,558.0246545910029,798.1712285517067,892.9082202039446,504.1861347397642,857.2125517991532,895.4955690708557,1137.5262877990865,515.321606872456,1089.8291035169264,636.8126350983023,519.3997887625615,842.0463143838372,789.005393655895,1295.183214303753,835.3166706857311,207.54865899242105,590.7786497133283,118.76359073510078,0,0,0,0,0,0,0,0,0,0,0,0,0,0,0,0,0,0,0,0,0,0,0,0,0,0,0,0,0
Qwen/Qwen3-8B,tacq,3-bit,Tamil,1234,38.87641164454056,2.7863205169422254,19.32588747425394,533.7951534930239,708.0986690649456,110.62387254239032,396.71393062702504,252.10537558102067,315.57618796256736,399.6847796575998,269.6880224515047,230.27934512727265,470.9775016927947,419.5343163533538,246.32743268008215,315.87186782372567,400.313728277455,308.5016279509314,222.23933875085356,345.26907771806646,106.37671205975325,245.39773233744023,386.7675801788679,311.33724750816526,637.8165971797808,236.9490548653095,95.26637463874034,171.34867483255428,54.06093638562509,0,0,0,0,0,0,0,0,0,0,0,0,0,0,0,0,0,0,0,0,0,0,0,0,0,0,0,0,0
Qwen/Qwen3-8B,tacq,4-bit,Tamil,1234,34.711885279714835,2.7588628727212248,17.336806235613246,519.4779310695998,715.5058676757583,80.91136486662401,404.5959557311419,238.81857027728108,237.5026085215019,409.3457617607823,274.2501771965531,213.98364080631112,460.0391910617682,349.86049499934,193.479775387974,263.50518503837975,327.42229947247006,248.79594524939512,163.78800797650374,297.852527490056,73.35113078879829,187.03634600599497,377.5172939437524,301.6170255989209,623.1848095764157,174.38686236617053,72.4667499279512,126.3081948553922,48.55678303623122,0,0,0,0,0,0,0,0,0,0,0,0,0,0,0,0,0,0,0,0,0,0,0,0,0,0,0,0,0
Qwen/Qwen3-8B,tacq,2-bit,Indonesian,1234,51.81595304662957,11.100247869754718,21.58457871856061,560.1171883870385,712.9191516855517,286.03841171830345,440.3982133986483,355.681397910044,530.2693327103798,424.26420633582,324.6107431622774,340.41745073758193,533.8422482843367,619.2697114825634,418.42507167155173,432.3444135311083,571.6631452484627,486.822529146131,417.7833748405337,562.9724537684467,233.38270122549133,426.7336500269157,467.3090973508608,363.9593349603441,649.7462917611736,510.69100563056907,181.17669004818327,393.97202344959305,120.66615858362586,0,0,0,0,0,0,0,0,0,0,0,0,0,0,0,0,0,0,0,0,0,0,0,0,0,0,0,0,0
Qwen/Qwen3-8B,tacq,3-bit,Indonesian,1234,36.94602476929229,3.4506433531196534,17.499578886805082,528.2573732493898,701.020267924054,101.82151339441933,404.80787626833927,262.1136510976807,291.11752034528837,426.23663062481694,279.74760897950864,226.2035555533886,484.6332598897739,417.14224474324186,240.0606826363235,306.85136138305694,378.79271434429705,298.4586643231767,218.76220656583365,353.28689264240387,102.48438721079468,231.86522888083203,385.8189900784954,316.7970241700434,632.9225526372443,228.59068587565457,102.44388707054604,166.36712190502246,54.49298709249447,0,0,0,0,0,0,0,0,0,0,0,0,0,0,0,0,0,0,0,0,0,0,0,0,0,0,0,0,0
Qwen/Qwen3-8B,tacq,4-bit,Indonesian,1234,35.19959948318133,2.8782140234865494,16.914091447387428,515.5088645582434,697.3688790423984,82.33713907301296,404.6717979759555,241.00098745530804,264.63097925029285,412.14920346277785,272.5344379581992,211.41363032503168,463.6521211642834,379.2556794359799,191.870995549776,270.35168334514526,365.80624247813626,258.147646549301,163.24170180203217,296.0052801201181,73.971753442491,189.60194975180312,380.138300742504,299.93029592624856,610.8938241400137,173.80565302973866,72.40974717924954,124.41051731126056,48.98535116077212,0,0,0,0,0,0,0,0,0,0,0,0,0,0,0,0,0,0,0,0,0,0,0,0,0,0,0,0,0
Qwen/Qwen3-8B,tacq,2-bit,Swahili,1234,65.67543691473466,9.82957286166951,44.39996892224965,515.3945804680388,699.6868492192928,200.86232625805047,419.29174677278513,300.53300058342563,347.9779989120448,426.43877830705696,281.0836837625709,213.38125160785947,449.86676106306,446.3752959682324,316.4504224976703,304.0302602133481,428.2992921970388,317.7672151234939,274.79892046857907,334.3263119259096,68.73769606135602,289.03511260928497,363.01709266358773,304.1711241784828,558.7164879338369,258.5863423309907,165.78175006596655,192.18675982737616,189.9219302090219,0,0,0,0,0,0,0,0,0,0,0,0,0,0,0,0,0,0,0,0,0,0,0,0,0,0,0,0,0
Qwen/Qwen3-8B,tacq,3-bit,Swahili,1234,37.239785457276334,3.283538191105564,19.18807320554388,504.8140651554968,710.5966853921069,89.7053520352993,405.96700891023,234.02766063028284,246.73849672772005,416.9085570854588,275.988462825742,202.4693837653224,466.3279522102309,352.6545643643938,204.6178943272604,263.9203467302315,334.57968539027286,258.4915413966401,176.30780072430397,292.3627879889018,66.06498211788154,201.25347555204772,359.63255012236436,302.07102047394136,575.5382279366048,174.80900947343895,80.79403679394936,127.17158565924832,53.378040343090554,0,0,0,0,0,0,0,0,0,0,0,0,0,0,0,0,0,0,0,0,0,0,0,0,0,0,0,0,0
Qwen/Qwen3-8B,tacq,4-bit,Swahili,1234,34.439505455526785,2.856955970571648,17.086450847287754,525.6038509965491,709.9073811291445,79.42742187050413,404.70097381333306,234.08892000290595,231.64141042635583,418.88910854858136,274.7524198629901,205.76802649443144,466.49830317855947,337.3405634018004,190.6673953279918,258.46677765665675,328.07433142515504,244.3151819911545,156.8332874105857,288.4730816452837,64.98479367432465,186.46607333163817,370.4112949104599,299.7542238071212,601.4316461794243,164.74946906502342,71.32879674413843,119.8533673656404,48.547595277331695,0,0,0,0,0,0,0,0,0,0,0,0,0,0,0,0,0,0,0,0,0,0,0,0,0,0,0,0,0
Qwen/Qwen3-8B,tacq,2-bit,Chinese,1234,60.22340609418394,11.664860950377186,135.1630713898736,643.1733186856634,798.5522594208342,347.7860508009215,477.139794708555,409.2207879013792,660.358937308454,456.29241155755824,329.7240425462456,362.5720443680853,552.2479267397171,679.8794036191937,509.9968061671087,510.16867716106253,703.9842258543292,591.5840341046861,493.4156454355572,642.4801081699902,351.5301848037403,487.6349906707096,547.4918308584289,439.5761695506646,747.7757540039362,644.9130213859928,192.47622559155943,496.68312527002007,62.5364722942101,0,0,0,0,0,0,0,0,0,0,0,0,0,0,0,0,0,0,0,0,0,0,0,0,0,0,0,0,0
Qwen/Qwen3-8B,tacq,3-bit,Chinese,1234,36.93986125552891,3.656486823056918,21.255791442176797,530.308317968931,719.178583674991,110.16277242059748,405.74665147893546,252.11304897479067,325.37797206317896,417.5139636120169,279.31037635482784,240.6325701858849,481.1567932438544,432.4919669765546,252.89748689428168,316.8312439570712,414.27785939695633,337.9487549531124,233.1730856920559,373.5141104397571,117.44766444695392,251.69946715483124,417.38546194959696,319.87125990708205,626.4138829712601,254.07705846929284,109.06956486469862,180.63911155257267,48.25663455926021,0,0,0,0,0,0,0,0,0,0,0,0,0,0,0,0,0,0,0,0,0,0,0,0,0,0,0,0,0
Qwen/Qwen3-8B,tacq,4-bit,Chinese,1234,34.21886741877833,2.9067392526734235,17.52853843219078,521.1527811969129,716.2673760789154,80.89220628001878,399.1588110035322,236.72302446909063,244.45921607051807,421.2073576592848,274.3855089628966,215.60357594710675,474.67057117313175,354.28799944908116,199.87576821577693,264.40728555631756,337.60070215919245,243.1652421580132,169.69765667783528,291.5674000315047,73.93901699076459,192.2115932887277,373.6758040465842,299.78433262835273,608.0842145376475,176.940270469823,72.04016399788769,127.04956665482146,47.282614350761946,0,0,0,0,0,0,0,0,0,0,0,0,0,0,0,0,0,0,0,0,0,0,0,0,0,0,0,0,0
CohereLabs/aya-expanse-8b,Unquantized,32-bit,Unquantized,1234,53.75491287097983,3.7983340424873626,92.36325019157783,,,,,,,,,,,,,,,,,,347.2452941767379,,,,,,,,112.08422832375084,0,0,0,0,0,0,0,0,0,0,0,0,0,0,0,0,0,0,0,0,0,0,0,0,0,0,0,0,0
CohereLabs/aya-expanse-8b,gptq,2-bit,English,1234,235.5280996643303,29179.092456570044,7146.061890917574,,,,,,,,,,,,,,,,,,21486.634404614393,,,,,,,,21098.267208628356,0,59,32,0,0,0,0,0,0,0,0,0,0,0,0,0,0,0,0,0,55,0,0,0,0,0,0,0,240
CohereLabs/aya-expanse-8b,gptq,3-bit,English,1234,55.71695519826462,5.489648118847672,122.9007715726655,,,,,,,,,,,,,,,,,,701.9440218279792,,,,,,,,170.1082195879009,0,0,0,0,0,0,0,0,0,0,0,0,0,0,0,0,0,0,0,0,0,0,0,0,0,0,0,0,0
CohereLabs/aya-expanse-8b,gptq,4-bit,English,1234,50.81587572611387,3.947912843975545,89.97813298135117,,,,,,,,,,,,,,,,,,401.7707276043198,,,,,,,,113.31203747484136,0,0,0,0,0,0,0,0,0,0,0,0,0,0,0,0,0,0,0,0,0,0,0,0,0,0,0,0,0
CohereLabs/aya-expanse-8b,gptq,2-bit,Tamil,1234,831.145208860771,6.779198137739801,6538.64580821011,,,,,,,,,,,,,,,,,,21859.037272497037,,,,,,,,11035.168408974932,0,0,15,0,0,0,0,0,0,0,0,0,0,0,0,0,0,0,0,0,84,0,0,0,0,0,0,0,39
CohereLabs/aya-expanse-8b,gptq,3-bit,Tamil,1234,59.99613069584962,3.942702935283208,170.2862854123423,,,,,,,,,,,,,,,,,,866.6806808261634,,,,,,,,262.4745228052927,0,0,0,0,0,0,0,0,0,0,0,0,0,0,0,0,0,0,0,0,0,0,0,0,0,0,0,0,0
CohereLabs/aya-expanse-8b,gptq,4-bit,Tamil,1234,51.35584423315142,3.79685085652883,90.78424435589244,,,,,,,,,,,,,,,,,,373.873691301389,,,,,,,,112.28023179953176,0,0,0,0,0,0,0,0,0,0,0,0,0,0,0,0,0,0,0,0,0,0,0,0,0,0,0,0,0
CohereLabs/aya-expanse-8b,gptq,2-bit,Indonesian,1234,525.7959814829851,5129.666587920575,563.1372166284996,,,,,,,,,,,,,,,,,,15819.122888546435,,,,,,,,10036.43879252835,0,0,0,0,0,0,0,0,0,0,0,0,0,0,0,0,0,0,0,0,22,0,0,0,0,0,0,0,35
CohereLabs/aya-expanse-8b,gptq,3-bit,Indonesian,1234,58.33115270090411,4.941318377413541,100.9526209786838,,,,,,,,,,,,,,,,,,601.327531947562,,,,,,,,151.64407023590647,0,0,0,0,0,0,0,0,0,0,0,0,0,0,0,0,0,0,0,0,0,0,0,0,0,0,0,0,0
CohereLabs/aya-expanse-8b,gptq,4-bit,Indonesian,1234,52.13795325694668,3.9773421895874663,90.5358520402782,,,,,,,,,,,,,,,,,,365.3511067084535,,,,,,,,113.16849690168593,0,0,0,0,0,0,0,0,0,0,0,0,0,0,0,0,0,0,0,0,0,0,0,0,0,0,0,0,0
CohereLabs/aya-expanse-8b,gptq,2-bit,Swahili,1234,724.2960030826857,1890.9888212589913,4170.777295099806,,,,,,,,,,,,,,,,,,1546.3973292699843,,,,,,,,13156.622437175069,0,0,14,0,0,0,0,0,0,0,0,0,0,0,0,0,0,0,0,0,1,0,0,0,0,0,0,0,76
CohereLabs/aya-expanse-8b,gptq,3-bit,Swahili,1234,56.8820363943001,4.902820723876676,109.5047516918972,,,,,,,,,,,,,,,,,,386.51089337452976,,,,,,,,153.62622777521628,0,0,0,0,0,0,0,0,0,0,0,0,0,0,0,0,0,0,0,0,0,0,0,0,0,0,0,0,0
CohereLabs/aya-expanse-8b,gptq,4-bit,Swahili,1234,50.55680554636828,3.9005419293931025,89.2797399615875,,,,,,,,,,,,,,,,,,352.4210073126903,,,,,,,,112.10541202070128,0,0,0,0,0,0,0,0,0,0,0,0,0,0,0,0,0,0,0,0,0,0,0,0,0,0,0,0,0
CohereLabs/aya-expanse-8b,gptq,2-bit,Chinese,1234,908.806486078912,3844.228300775372,5362.628130482599,,,,,,,,,,,,,,,,,,17568.374956168915,,,,,,,,1019.2857077745504,0,0,6,0,0,0,0,0,0,0,0,0,0,0,0,0,0,0,0,0,27,0,0,0,0,0,0,0,0
CohereLabs/aya-expanse-8b,gptq,3-bit,Chinese,1234,56.4906538469756,5.048184786189928,108.3845929104977,,,,,,,,,,,,,,,,,,628.5675488884557,,,,,,,,124.03065873325782,0,0,0,0,0,0,0,0,0,0,0,0,0,0,0,0,0,0,0,0,0,0,0,0,0,0,0,0,0
CohereLabs/aya-expanse-8b,gptq,4-bit,Chinese,1234,52.41335281710519,3.92998358155236,92.00567212763124,,,,,,,,,,,,,,,,,,381.2027339493684,,,,,,,,113.04624726503,0,0,0,0,0,0,0,0,0,0,0,0,0,0,0,0,0,0,0,0,0,0,0,0,0,0,0,0,0
CohereLabs/aya-expanse-8b,slimllm,2-bit,English,1234,126.66586084857136,737472.5431301057,65378.469956132256,,,,,,,,,,,,,,,,,,8350.373145375457,,,,,,,,6745728.273390636,0,0,0,0,0,0,0,0,0,0,0,0,0,0,0,0,0,0,0,0,0,0,0,0,0,0,0,0,0
CohereLabs/aya-expanse-8b,slimllm,3-bit,English,1234,70.33484756920092,5.190607683435735,128.2417722696128,,,,,,,,,,,,,,,,,,694.409389651766,,,,,,,,153.80799201120558,0,0,0,0,0,0,0,0,0,0,0,0,0,0,0,0,0,0,0,0,0,0,0,0,0,0,0,0,0
CohereLabs/aya-expanse-8b,slimllm,4-bit,English,1234,54.70677279508479,4.0215750606607115,98.35450271803846,,,,,,,,,,,,,,,,,,397.648199964526,,,,,,,,124.48586658879024,0,0,0,0,0,0,0,0,0,0,0,0,0,0,0,0,0,0,0,0,0,0,0,0,0,0,0,0,0
CohereLabs/aya-expanse-8b,slimllm,2-bit,Indonesian,1234,242.23046796335575,565648.7100779251,222.2440750172781,,,,,,,,,,,,,,,,,,5041.660038092276,,,,,,,,2213893.3745234176,0,0,0,0,0,0,0,0,0,0,0,0,0,0,0,0,0,0,0,0,0,0,0,0,0,0,0,0,0
CohereLabs/aya-expanse-8b,slimllm,3-bit,Indonesian,1234,70.15928825967538,4.846758074537413,106.43104014234704,,,,,,,,,,,,,,,,,,581.5977033876562,,,,,,,,148.3480925509209,0,0,0,0,0,0,0,0,0,0,0,0,0,0,0,0,0,0,0,0,0,0,0,0,0,0,0,0,0
CohereLabs/aya-expanse-8b,slimllm,4-bit,Indonesian,1234,55.686326360926415,3.975950094053161,93.87097957611468,,,,,,,,,,,,,,,,,,372.4620670128701,,,,,,,,122.10572087826768,0,0,0,0,0,0,0,0,0,0,0,0,0,0,0,0,0,0,0,0,0,0,0,0,0,0,0,0,0
CohereLabs/aya-expanse-8b,slimllm,2-bit,Swahili,1234,405.9663448358049,1778942.968324588,1264.551946757189,,,,,,,,,,,,,,,,,,440.4831064826536,,,,,,,,1380742.9665140477,0,0,0,0,0,0,0,0,0,0,0,0,0,0,0,0,0,0,0,0,0,0,0,0,0,0,0,0,0
CohereLabs/aya-expanse-8b,slimllm,3-bit,Swahili,1234,71.44772766982928,4.7074565314844685,117.15393378732342,,,,,,,,,,,,,,,,,,372.34414080441394,,,,,,,,152.57088740880886,0,0,0,0,0,0,0,0,0,0,0,0,0,0,0,0,0,0,0,0,0,0,0,0,0,0,0,0,0
CohereLabs/aya-expanse-8b,slimllm,4-bit,Swahili,1234,55.9461151180421,3.920453575224559,97.0552224791973,,,,,,,,,,,,,,,,,,337.1573833745351,,,,,,,,123.35992946571416,0,0,0,0,0,0,0,0,0,0,0,0,0,0,0,0,0,0,0,0,0,0,0,0,0,0,0,0,0
CohereLabs/aya-expanse-8b,slimllm,2-bit,Chinese,1234,9591.055846595458,664816.9114009405,547790.7664436265,,,,,,,,,,,,,,,,,,88041.95602976136,,,,,,,,263.6726541156282,0,0,0,0,0,0,0,0,0,0,0,0,0,0,0,0,0,0,0,0,0,0,0,0,0,0,0,0,0
CohereLabs/aya-expanse-8b,slimllm,3-bit,Chinese,1234,71.27624424454534,4.957356073910392,123.7017139849554,,,,,,,,,,,,,,,,,,698.0110416888623,,,,,,,,127.68943258551757,0,0,0,0,0,0,0,0,0,0,0,0,0,0,0,0,0,0,0,0,0,0,0,0,0,0,0,0,0
CohereLabs/aya-expanse-8b,slimllm,4-bit,Chinese,1234,55.43251984755515,3.954161304687964,98.4017945492255,,,,,,,,,,,,,,,,,,412.2495504083473,,,,,,,,117.61582338744348,0,0,0,0,0,0,0,0,0,0,0,0,0,0,0,0,0,0,0,0,0,0,0,0,0,0,0,0,0
CohereLabs/aya-expanse-8b,tacq,2-bit,English,1234,69.1243399490551,15.326974972778444,305.45374211551086,,,,,,,,,,,,,,,,,,1488.8315461378304,,,,,,,,352.03425215478603,0,0,0,0,0,0,0,0,0,0,0,0,0,0,0,0,0,0,0,0,0,0,0,0,0,0,0,0,0
CohereLabs/aya-expanse-8b,tacq,3-bit,English,1234,56.60363853210221,4.598232981542313,104.21884960528136,,,,,,,,,,,,,,,,,,488.4152689855802,,,,,,,,132.58289849631012,0,0,0,0,0,0,0,0,0,0,0,0,0,0,0,0,0,0,0,0,0,0,0,0,0,0,0,0,0
CohereLabs/aya-expanse-8b,tacq,4-bit,English,1234,55.02221999711518,3.9803619987851575,96.78106604491153,,,,,,,,,,,,,,,,,,388.5583601119019,,,,,,,,120.3016765886676,0,0,0,0,0,0,0,0,0,0,0,0,0,0,0,0,0,0,0,0,0,0,0,0,0,0,0,0,0
CohereLabs/aya-expanse-8b,tacq,2-bit,Tamil,1234,91.79212776730316,4.032991026437342,213.5606966464045,,,,,,,,,,,,,,,,,,1533.1510849563983,,,,,,,,268.35127017393495,0,0,0,0,0,0,0,0,0,0,0,0,0,0,0,0,0,0,0,0,0,0,0,0,0,0,0,0,0
CohereLabs/aya-expanse-8b,tacq,3-bit,Tamil,1234,59.77830566467715,3.914036757127362,107.60092824889728,,,,,,,,,,,,,,,,,,494.7851072236514,,,,,,,,135.09282852250604,0,0,0,0,0,0,0,0,0,0,0,0,0,0,0,0,0,0,0,0,0,0,0,0,0,0,0,0,0
CohereLabs/aya-expanse-8b,tacq,4-bit,Tamil,1234,55.68906007439936,3.848132416055845,97.58616014320884,,,,,,,,,,,,,,,,,,389.2916780933288,,,,,,,,120.61881562401614,0,0,0,0,0,0,0,0,0,0,0,0,0,0,0,0,0,0,0,0,0,0,0,0,0,0,0,0,0
CohereLabs/aya-expanse-8b,tacq,2-bit,Indonesian,1234,81.00447815502984,11.747358660778923,113.63463834990196,,,,,,,,,,,,,,,,,,1343.61688794671,,,,,,,,299.0832533666769,0,0,0,0,0,0,0,0,0,0,0,0,0,0,0,0,0,0,0,0,0,0,0,0,0,0,0,0,0
CohereLabs/aya-expanse-8b,tacq,3-bit,Indonesian,1234,57.98897955294493,4.432266998234929,96.9035557194289,,,,,,,,,,,,,,,,,,505.833185859943,,,,,,,,132.2516049717701,0,0,0,0,0,0,0,0,0,0,0,0,0,0,0,0,0,0,0,0,0,0,0,0,0,0,0,0,0
CohereLabs/aya-expanse-8b,tacq,4-bit,Indonesian,1234,55.55997461562265,3.942368837924893,95.08939123492804,,,,,,,,,,,,,,,,,,381.5368619307466,,,,,,,,119.71670378007488,0,0,0,0,0,0,0,0,0,0,0,0,0,0,0,0,0,0,0,0,0,0,0,0,0,0,0,0,0
CohereLabs/aya-expanse-8b,tacq,2-bit,Swahili,1234,97.7764502227743,10.504046821252532,204.26009480028688,,,,,,,,,,,,,,,,,,342.5063761963675,,,,,,,,410.4569426079825,0,0,0,0,0,0,0,0,0,0,0,0,0,0,0,0,0,0,0,0,0,0,0,0,0,0,0,0,0
CohereLabs/aya-expanse-8b,tacq,3-bit,Swahili,1234,59.710327941304975,4.394636097648646,105.48536282588849,,,,,,,,,,,,,,,,,,351.02676243969034,,,,,,,,139.73299179983024,0,0,0,0,0,0,0,0,0,0,0,0,0,0,0,0,0,0,0,0,0,0,0,0,0,0,0,0,0
CohereLabs/aya-expanse-8b,tacq,4-bit,Swahili,1234,55.820594370413176,3.988709381701935,97.10119643365414,,,,,,,,,,,,,,,,,,364.8727943863972,,,,,,,,121.5158564685307,0,0,0,0,0,0,0,0,0,0,0,0,0,0,0,0,0,0,0,0,0,0,0,0,0,0,0,0,0
CohereLabs/aya-expanse-8b,tacq,2-bit,Chinese,1234,87.56656885552272,11.0859408420628,287.20731212296283,,,,,,,,,,,,,,,,,,2165.59552615403,,,,,,,,136.30764319260996,0,0,0,0,0,0,0,0,0,0,0,0,0,0,0,0,0,0,0,0,0,0,0,0,0,0,0,0,0
CohereLabs/aya-expanse-8b,tacq,3-bit,Chinese,1234,58.37483783527448,4.441015860599278,106.00171965866642,,,,,,,,,,,,,,,,,,561.0576413516985,,,,,,,,119.32191084467846,0,0,0,0,0,0,0,0,0,0,0,0,0,0,0,0,0,0,0,0,0,0,0,0,0,0,0,0,0
CohereLabs/aya-expanse-8b,tacq,4-bit,Chinese,1234,55.483941144317285,3.9285278741805847,96.73971179766008,,,,,,,,,,,,,,,,,,411.2013099640252,,,,,,,,116.573490669218,0,0,0,0,0,0,0,0,0,0,0,0,0,0,0,0,0,0,0,0,0,0,0,0,0,0,0,0,0
meta-llama/Llama-3.1-8B-Instruct,Unquantized,32-bit,Unquantized,1234,45.105213951913754,2.3117808145580105,24.823783029258784,,,,,,,,,,,,,,,,,,30.056285070405885,,,,,,,,36.82177886769864,0,0,0,0,0,0,0,0,0,0,0,0,0,0,0,0,0,0,0,0,0,0,0,0,0,0,0,0,0
meta-llama/Llama-3.1-8B-Instruct,gptq,2-bit,English,1234,1300.394068278182,,31939.373114856695,,,,,,,,,,,,,,,,,,34246.51572048312,,,,,,,,39034.71876281616,1,1012,228,0,0,0,0,0,0,0,0,0,0,0,0,0,0,0,0,0,217,0,0,0,0,0,0,0,418
meta-llama/Llama-3.1-8B-Instruct,gptq,3-bit,English,1234,54.002998895739225,4.619366371615938,49.03458723791437,,,,,,,,,,,,,,,,,,76.29943254962137,,,,,,,,65.9069255856645,1,0,0,0,0,0,0,0,0,0,0,0,0,0,0,0,0,0,0,0,1,0,0,0,0,0,0,0,0
meta-llama/Llama-3.1-8B-Instruct,gptq,4-bit,English,1234,47.37206604271768,2.503243841409641,27.11150669401622,,,,,,,,,,,,,,,,,,35.26885811944029,,,,,,,,40.06212518066395,0,0,0,0,0,0,0,0,0,0,0,0,0,0,0,0,0,0,0,0,0,0,0,0,0,0,0,0,0
meta-llama/Llama-3.1-8B-Instruct,gptq,2-bit,Tamil,1234,8477.161407461326,9.525655641674993,38846.104052563176,,,,,,,,,,,,,,,,,,46302.28919545383,,,,,,,,31721.858571992147,11,1,396,0,0,0,0,0,0,0,0,0,0,0,0,0,0,0,0,0,581,0,0,0,0,0,0,0,263
meta-llama/Llama-3.1-8B-Instruct,gptq,3-bit,Tamil,1234,56.97535236579498,2.4778036416820894,42.82057869044083,,,,,,,,,,,,,,,,,,63.39342856548177,,,,,,,,57.59825275989799,0,0,0,0,0,0,0,0,0,0,0,0,0,0,0,0,0,0,0,0,0,0,0,0,0,0,0,0,0
meta-llama/Llama-3.1-8B-Instruct,gptq,4-bit,Tamil,1234,46.72768771393706,2.3416324354398377,27.03536820377199,,,,,,,,,,,,,,,,,,34.34313726323199,,,,,,,,39.94746603180292,0,0,0,0,0,0,0,0,0,0,0,0,0,0,0,0,0,0,0,0,0,0,0,0,0,0,0,0,0
meta-llama/Llama-3.1-8B-Instruct,gptq,2-bit,Indonesian,1234,6123.151827172624,,2767.98411293317,,,,,,,,,,,,,,,,,,19466.319054666703,,,,,,,,36546.41022608952,4,1012,3,0,0,0,0,0,0,0,0,0,0,0,0,0,0,0,0,0,48,0,0,0,0,0,0,0,442
meta-llama/Llama-3.1-8B-Instruct,gptq,3-bit,Indonesian,1234,56.64327776397757,3.8132120438341417,32.11425374671129,,,,,,,,,,,,,,,,,,54.52115063310693,,,,,,,,62.209872792866975,0,0,0,0,0,0,0,0,0,0,0,0,0,0,0,0,0,0,0,0,0,0,0,0,0,0,0,0,0
meta-llama/Llama-3.1-8B-Instruct,gptq,4-bit,Indonesian,1234,46.34042124608141,2.45482055297691,25.609484084588683,,,,,,,,,,,,,,,,,,33.0182605823189,,,,,,,,40.11579798043282,0,0,0,0,0,0,0,0,0,0,0,0,0,0,0,0,0,0,0,0,1,0,0,0,0,0,0,0,0
meta-llama/Llama-3.1-8B-Instruct,gptq,2-bit,Swahili,1234,10477.869746754355,,27130.168105774348,,,,,,,,,,,,,,,,,,4066.321031965518,,,,,,,,46577.70004589035,16,1012,140,0,0,0,0,0,0,0,0,0,0,0,0,0,0,0,0,0,3,0,0,0,0,0,0,0,803
meta-llama/Llama-3.1-8B-Instruct,gptq,3-bit,Swahili,1234,55.005955709213595,3.841755384659224,38.43052093508947,,,,,,,,,,,,,,,,,,36.94105276658719,,,,,,,,62.64082451174363,1,0,0,0,0,0,0,0,0,0,0,0,0,0,0,0,0,0,0,0,1,0,0,0,0,0,0,0,0
meta-llama/Llama-3.1-8B-Instruct,gptq,4-bit,Swahili,1234,46.679480726015946,2.4535624022755513,26.44312990472173,,,,,,,,,,,,,,,,,,31.212913472627665,,,,,,,,40.41919153808404,0,0,0,0,0,0,0,0,0,0,0,0,0,0,0,0,0,0,0,0,1,0,0,0,0,0,0,0,0
meta-llama/Llama-3.1-8B-Instruct,gptq,2-bit,Chinese,1234,7680.062328978221,57354.93475550773,35602.00993113767,,,,,,,,,,,,,,,,,,42876.66974127037,,,,,,,,3135.019061483754,8,1006,351,0,0,0,0,0,0,0,0,0,0,0,0,0,0,0,0,0,570,0,0,0,0,0,0,0,0
meta-llama/Llama-3.1-8B-Instruct,gptq,3-bit,Chinese,1234,56.12769934485404,3.669906651380947,45.4737410388893,,,,,,,,,,,,,,,,,,70.28902813590487,,,,,,,,45.390109753535015,0,0,0,0,0,0,0,0,0,0,0,0,0,0,0,0,0,0,0,0,0,0,0,0,0,0,0,0,0
meta-llama/Llama-3.1-8B-Instruct,gptq,4-bit,Chinese,1234,46.69737940073949,2.436779902493995,27.02591199418865,,,,,,,,,,,,,,,,,,34.34264962591059,,,,,,,,38.331823028050366,0,0,0,0,0,0,0,0,0,0,0,0,0,0,0,0,0,0,0,0,0,0,0,0,0,0,0,0,0
meta-llama/Llama-3.1-8B-Instruct,slimllm,2-bit,English,1234,1310.330377819445,13258750.47089376,90340.66650365356,,,,,,,,,,,,,,,,,,48436.72616410772,,,,,,,,11828255.262616524,0,0,0,0,0,0,0,0,0,0,0,0,0,0,0,0,0,0,0,0,0,0,0,0,0,0,0,0,0
meta-llama/Llama-3.1-8B-Instruct,slimllm,3-bit,English,1234,51.661761366548944,6.090120382720041,80.62498226175329,,,,,,,,,,,,,,,,,,140.04612886633308,,,,,,,,107.69968375326611,0,0,0,0,0,0,0,0,0,0,0,0,0,0,0,0,0,0,0,0,0,0,0,0,0,0,0,0,0
meta-llama/Llama-3.1-8B-Instruct,slimllm,4-bit,English,1234,43.53246232601883,2.695015451825204,28.568593767331176,,,,,,,,,,,,,,,,,,36.902012251285534,,,,,,,,41.52371434200523,0,0,0,0,0,0,0,0,0,0,0,0,0,0,0,0,0,0,0,0,0,0,0,0,0,0,0,0,0
meta-llama/Llama-3.1-8B-Instruct,slimllm,2-bit,Tamil,1234,6547.364588752019,5.138217755312099,28657.95780588389,,,,,,,,,,,,,,,,,,14562.418099995286,,,,,,,,67450.50212042508,0,0,0,0,0,0,0,0,0,0,0,0,0,0,0,0,0,0,0,0,0,0,0,0,0,0,0,0,0
meta-llama/Llama-3.1-8B-Instruct,slimllm,3-bit,Tamil,1234,20302.152824243483,349753.5370604016,147212.49065760945,,,,,,,,,,,,,,,,,,82843.63261783544,,,,,,,,896093.5354848884,0,0,0,0,0,0,0,0,0,0,0,0,0,0,0,0,0,0,0,0,0,0,0,0,0,0,0,0,0
meta-llama/Llama-3.1-8B-Instruct,slimllm,4-bit,Tamil,1234,52.83781222368168,3.0995701137846456,94.89573098503908,,,,,,,,,,,,,,,,,,68.87385702978119,,,,,,,,74.44845424299257,0,0,0,0,0,0,0,0,0,0,0,0,0,0,0,0,0,0,0,0,0,0,0,0,0,0,0,0,0
meta-llama/Llama-3.1-8B-Instruct,slimllm,2-bit,Indonesian,1234,24646.872946129828,2981071.9591295393,83638.050377727,,,,,,,,,,,,,,,,,,33877.892534793005,,,,,,,,1889791.9466534304,0,0,0,0,0,0,0,0,0,0,0,0,0,0,0,0,0,0,0,0,0,0,0,0,0,0,0,0,0
meta-llama/Llama-3.1-8B-Instruct,slimllm,3-bit,Indonesian,1234,52.60844924122413,4.954543582763,33.43762627946794,,,,,,,,,,,,,,,,,,64.67723572873741,,,,,,,,68.9011624809909,0,0,0,0,0,0,0,0,0,0,0,0,0,0,0,0,0,0,0,0,0,0,0,0,0,0,0,0,0
meta-llama/Llama-3.1-8B-Instruct,slimllm,4-bit,Indonesian,1234,44.63257897005219,2.73589934787694,26.986951676313392,,,,,,,,,,,,,,,,,,37.36070303096757,,,,,,,,44.224801008881954,0,0,0,0,0,0,0,0,0,0,0,0,0,0,0,0,0,0,0,0,0,0,0,0,0,0,0,0,0
meta-llama/Llama-3.1-8B-Instruct,slimllm,2-bit,Swahili,1234,47030.84586567484,591896.0032811111,125363.48887580636,,,,,,,,,,,,,,,,,,67971.3863944888,,,,,,,,3922541.7175676464,0,0,0,0,0,0,0,0,0,0,0,0,0,0,0,0,0,0,0,0,0,0,0,0,0,0,0,0,0
meta-llama/Llama-3.1-8B-Instruct,slimllm,3-bit,Swahili,1234,82.70567979098402,8.43895935782397,237.44908559539363,,,,,,,,,,,,,,,,,,127.09771073289076,,,,,,,,493.79021871499526,0,0,0,0,0,0,0,0,0,0,0,0,0,0,0,0,0,0,0,0,0,0,0,0,0,0,0,0,0
meta-llama/Llama-3.1-8B-Instruct,slimllm,4-bit,Swahili,1234,45.42345037685307,2.699435227969377,28.200669966248572,,,,,,,,,,,,,,,,,,32.886215376682216,,,,,,,,46.2964419642405,0,0,0,0,0,0,0,0,0,0,0,0,0,0,0,0,0,0,0,0,0,0,0,0,0,0,0,0,0
meta-llama/Llama-3.1-8B-Instruct,slimllm,2-bit,Chinese,1234,6997.865099308116,212825.01218332505,54669.471081432515,,,,,,,,,,,,,,,,,,20333.921388648538,,,,,,,,2407.566671346078,0,0,0,0,0,0,0,0,0,0,0,0,0,0,0,0,0,0,0,0,0,0,0,0,0,0,0,0,0
meta-llama/Llama-3.1-8B-Instruct,slimllm,3-bit,Chinese,1234,55.08159134650224,3.885786378299543,52.09411335754607,,,,,,,,,,,,,,,,,,79.511095996154,,,,,,,,44.49697064147745,0,0,0,0,0,0,0,0,0,0,0,0,0,0,0,0,0,0,0,0,0,0,0,0,0,0,0,0,0
meta-llama/Llama-3.1-8B-Instruct,slimllm,4-bit,Chinese,1234,44.928033645588584,2.5552773600594825,27.777874080855504,,,,,,,,,,,,,,,,,,35.678429386455306,,,,,,,,38.10782671966255,0,0,0,0,0,0,0,0,0,0,0,0,0,0,0,0,0,0,0,0,0,0,0,0,0,0,0,0,0
meta-llama/Llama-3.1-8B-Instruct,tacq,2-bit,English,1234,71.30514576347686,98.90695067150229,409.7376236391584,,,,,,,,,,,,,,,,,,422.77928083465423,,,,,,,,698.2557328838361,0,0,0,0,0,0,0,0,0,0,0,0,0,0,0,0,0,0,0,0,0,0,0,0,0,0,0,0,0
meta-llama/Llama-3.1-8B-Instruct,tacq,3-bit,English,1234,48.270659212199014,4.269030256185485,39.77258686993195,,,,,,,,,,,,,,,,,,56.28301714806396,,,,,,,,57.113640995805795,0,0,0,0,0,0,0,0,0,0,0,0,0,0,0,0,0,0,0,0,0,0,0,0,0,0,0,0,0
meta-llama/Llama-3.1-8B-Instruct,tacq,4-bit,English,1234,45.53529489054378,2.5038887851043174,27.187312402966175,,,,,,,,,,,,,,,,,,34.45639204144634,,,,,,,,40.11978034651646,0,0,0,0,0,0,0,0,0,0,0,0,0,0,0,0,0,0,0,0,0,0,0,0,0,0,0,0,0
meta-llama/Llama-3.1-8B-Instruct,tacq,2-bit,Tamil,1234,123.01588474541155,2.7908480670739975,254.872068295526,,,,,,,,,,,,,,,,,,329.5926907195779,,,,,,,,276.4184159551415,0,0,0,0,0,0,0,0,0,0,0,0,0,0,0,0,0,0,0,0,0,0,0,0,0,0,0,0,0
meta-llama/Llama-3.1-8B-Instruct,tacq,3-bit,Tamil,1234,50.73238755469208,2.430107190237954,35.06217765232834,,,,,,,,,,,,,,,,,,46.87813883424103,,,,,,,,48.481813848297634,0,0,0,0,0,0,0,0,0,0,0,0,0,0,0,0,0,0,0,0,0,0,0,0,0,0,0,0,0
meta-llama/Llama-3.1-8B-Instruct,tacq,4-bit,Tamil,1234,46.511977618498115,2.3455414316648096,27.168394874213863,,,,,,,,,,,,,,,,,,33.305475964575,,,,,,,,39.193254539378785,0,0,0,0,0,0,0,0,0,0,0,0,0,0,0,0,0,0,0,0,0,0,0,0,0,0,0,0,0
meta-llama/Llama-3.1-8B-Instruct,tacq,2-bit,Indonesian,1234,94.74434478012677,11.29038307945061,48.68202871158567,,,,,,,,,,,,,,,,,,208.36690853583107,,,,,,,,381.7390750285579,0,0,0,0,0,0,0,0,0,0,0,0,0,0,0,0,0,0,0,0,0,0,0,0,0,0,0,0,0
meta-llama/Llama-3.1-8B-Instruct,tacq,3-bit,Indonesian,1234,50.05146856026269,3.4630903395044537,28.61815854929057,,,,,,,,,,,,,,,,,,43.46395323658671,,,,,,,,52.05096429618459,0,0,0,0,0,0,0,0,0,0,0,0,0,0,0,0,0,0,0,0,0,0,0,0,0,0,0,0,0
meta-llama/Llama-3.1-8B-Instruct,tacq,4-bit,Indonesian,1234,46.84913874866605,2.4577764027271214,25.944766203782983,,,,,,,,,,,,,,,,,,32.88207412459745,,,,,,,,40.22206302059239,0,0,0,0,0,0,0,0,0,0,0,0,0,0,0,0,0,0,0,0,0,0,0,0,0,0,0,0,0
meta-llama/Llama-3.1-8B-Instruct,tacq,2-bit,Swahili,1234,108.39643652327467,15.895495700082238,135.91288843693297,,,,,,,,,,,,,,,,,,43.17017923914528,,,,,,,,1156.817652609397,0,0,0,0,0,0,0,0,0,0,0,0,0,0,0,0,0,0,0,0,0,0,0,0,0,0,0,0,0
meta-llama/Llama-3.1-8B-Instruct,tacq,3-bit,Swahili,1234,51.24193295030372,3.554055983496906,34.72114688674486,,,,,,,,,,,,,,,,,,34.76547563857116,,,,,,,,56.75686132004963,0,0,0,0,0,0,0,0,0,0,0,0,0,0,0,0,0,0,0,0,0,0,0,0,0,0,0,0,0
meta-llama/Llama-3.1-8B-Instruct,tacq,4-bit,Swahili,1234,46.16600269653527,2.4603962734256233,26.50111818574857,,,,,,,,,,,,,,,,,,30.807822913419884,,,,,,,,39.940934854364144,0,0,0,0,0,0,0,0,0,0,0,0,0,0,0,0,0,0,0,0,0,0,0,0,0,0,0,0,0
meta-llama/Llama-3.1-8B-Instruct,tacq,2-bit,Chinese,1234,110.839197487821,8.777215682377717,481.66613842844225,,,,,,,,,,,,,,,,,,469.1486610057474,,,,,,,,68.7920800131497,0,0,0,0,0,0,0,0,0,0,0,0,0,0,0,0,0,0,0,0,0,0,0,0,0,0,0,0,0
meta-llama/Llama-3.1-8B-Instruct,tacq,3-bit,Chinese,1234,50.02781890259474,3.12337323422898,35.462255073342725,,,,,,,,,,,,,,,,,,50.86852359950654,,,,,,,,41.2773219795379,0,0,0,0,0,0,0,0,0,0,0,0,0,0,0,0,0,0,0,0,0,0,0,0,0,0,0,0,0
meta-llama/Llama-3.1-8B-Instruct,tacq,4-bit,Chinese,1234,45.672605370840046,2.424910467775902,27.072293136927307,,,,,,,,,,,,,,,,,,33.288619429788014,,,,,,,,37.42432248740194,0,0,0,0,0,0,0,0,0,0,0,0,0,0,0,0,0,0,0,0,0,0,0,0,0,0,0,0,0
