Base Model,Quantization Technique,Bit Width,Calibration Language,Random Seed,eng_Latn,tam_Taml,ace_Latn,ban_Latn,bjn_Latn,bug_Latn,ceb_Latn,fij_Latn,ilo_Latn,ind_Latn,jav_Latn,min_Latn,plt_Latn,mri_Latn,pag_Latn,smo_Latn,sun_Latn,fil_Latn,war_Latn,zsm_Latn,swh_Latn,cmn_Hans,eng_Latn_nancount,tam_Taml_nancount,ace_Latn_nancount,ban_Latn_nancount,bjn_Latn_nancount,bug_Latn_nancount,ceb_Latn_nancount,fij_Latn_nancount,ilo_Latn_nancount,ind_Latn_nancount,jav_Latn_nancount,min_Latn_nancount,plt_Latn_nancount,mri_Latn_nancount,pag_Latn_nancount,smo_Latn_nancount,sun_Latn_nancount,fil_Latn_nancount,war_Latn_nancount,zsm_Latn_nancount,swh_Latn_nancount,cmn_Hans_nancount
Qwen/Qwen3-8B,Unquantized,32-bit,Unquantized,1234,33.42869779663646,2.7416050389620468,582.9225655507875,336.3248793368007,215.0287168198829,605.4485281451383,38.731684475696674,202.4318261312299,85.19334513103948,16.69900768379095,64.01211027562054,233.67285786443765,94.15414127554538,34.89556041847336,646.0491986231139,98.54693259816504,75.96288473711978,21.005349881610965,65.3739847378647,24.072715867584066,64.53464526103139,46.980805774463015,0,0,0,0,0,0,0,0,0,0,0,0,0,0,0,0,0,0,0,0,0,0
Qwen/Qwen3-8B,gptq,2-bit,English,1234,13062.876244178611,48256.10548482944,45805.841348301125,45046.41855288322,44105.69136620947,46737.68344360191,42388.00513371405,31011.74299241636,42886.43558367441,39854.46393039143,44137.489331039615,46781.55834924229,38615.52081133565,33410.57009888159,37246.01990661056,29155.838496691205,44129.123674927345,42511.87633915888,40420.50657548038,40304.16485063,38231.523294803,34286.23652790619,319,984,951,981,964,948,954,627,896,939,981,966,939,678,894,517,961,947,933,937,882,998
Qwen/Qwen3-8B,gptq,3-bit,English,1234,40.188511508698525,4.329966014482671,799.7737186826291,500.9965603755876,332.7264229024918,823.688297301911,95.93440176432624,313.6453220114608,243.048284557728,24.304463874060193,152.15114166630826,389.2002896173601,195.46344593711757,57.3935453365008,934.4849398139282,181.2909321240112,189.38599648640735,49.404571983201805,130.53766142903422,37.12105480301929,160.4175190088491,62.90124860133694,0,0,0,0,0,0,0,0,0,0,0,0,0,0,0,0,0,0,0,0,0,0
Qwen/Qwen3-8B,gptq,4-bit,English,1234,38.63377253787829,2.9031441093781605,619.3774082717814,376.9175582138575,241.3661123177683,637.5785723760109,48.92098076937317,228.61164462248848,106.9185358831618,18.795383083015633,78.99789783189627,263.8002807590477,108.86889697314668,39.25974294222558,717.0666401594727,110.49749095590352,92.6891096694226,25.217601754292645,76.27629741548968,27.410853908258712,81.5190270910736,54.47198774405447,0,0,0,0,0,0,0,0,0,0,0,0,0,0,0,0,0,0,0,0,0,0
Qwen/Qwen3-8B,gptq,2-bit,Tamil,1234,45011.90015069094,8.059500068367093,46382.14757813019,,27499.976797988827,,49249.64403963508,44782.49276429365,41961.90243421095,48568.139986421265,32978.53182250153,57129.527496733295,52831.99999999999,52289.00108142981,43463.303039126586,49256.05652100052,45634.9140922084,47544.03739657406,44832.0,48006.46325539978,,51742.18947582705,1008,0,1009,1012,1007,1012,1004,1006,1006,1003,1009,1010,1011,1006,1006,1010,1008,1006,1011,997,1012,1009
Qwen/Qwen3-8B,gptq,3-bit,Tamil,1234,42.01276040614906,2.919523189827532,829.3771823794203,469.38020457241913,293.57010367545524,777.5474654734682,75.59710618066913,284.60030858368145,186.4725784644589,22.620577787849335,124.31842073822106,344.51672222342455,176.98342433169685,53.563487332194086,860.8027949424587,153.77284784411825,154.51668765585413,38.583328052456054,113.90569621183896,34.34153382337112,144.2631959091692,62.47537720471884,0,0,0,0,0,0,0,0,0,0,0,0,0,0,0,0,0,0,0,0,0,0
Qwen/Qwen3-8B,gptq,4-bit,Tamil,1234,36.874922404755154,2.789351581576123,614.8463091768408,378.06411309206953,241.10217574141475,652.3864873551327,44.41773098373088,228.05171945786984,103.12119655625058,18.04538708509607,74.38346992340632,266.6664989113429,109.6043921288581,38.95690288322065,710.7861251890233,113.51968699092488,89.09053155135189,23.459601565189896,73.9133750285961,26.047883351198355,80.63950870154706,52.04763568643273,0,0,0,0,0,0,0,0,0,0,0,0,0,0,0,0,0,0,0,0,0,0
Qwen/Qwen3-8B,gptq,2-bit,Indonesian,1234,33757.6347110466,27336.007203959947,20861.854420032367,15137.672920083574,8769.362635385747,21272.2936117415,17495.6717124467,23135.3288001673,24948.584458964597,1292.5707397003864,9789.936245041945,11834.43193841208,30274.080722018574,27766.449516053868,28325.073133398724,21589.850397288465,10213.33113795028,14495.882187198897,24542.00970630448,1778.4130885994668,31265.34602617558,44669.35199474621,916,257,363,244,101,368,243,365,429,9,122,138,616,474,611,332,103,164,384,16,650,1006
Qwen/Qwen3-8B,gptq,3-bit,Indonesian,1234,42.38549443286019,3.915570084781495,699.9322658573668,393.857384362799,260.2455785169354,686.3439537563512,69.44163423139172,275.9506066510266,175.0118129603801,19.171945899648552,91.0018635265487,290.4455582617931,186.50520752123327,51.69844839835546,825.079572428903,148.44101222694283,110.0409641262736,38.3134226813388,111.84808279041404,27.848352106923016,143.3578203718125,62.97257579744268,0,0,0,0,0,0,0,0,0,0,0,0,0,0,0,0,0,0,0,0,0,0
Qwen/Qwen3-8B,gptq,4-bit,Indonesian,1234,36.30748240228997,2.869461655249416,586.1252260859458,347.562226914874,224.87127836582607,630.5109679667155,45.83742461645125,212.85386714276729,101.72287797267283,17.537566302499595,70.16262885909917,250.17774680075905,104.12365972219514,38.50418606056019,708.6166981854224,109.77687642605255,82.72963307958467,23.81942922034428,73.4829100858308,25.49478075400444,75.50306730936799,52.100442844564874,0,0,0,0,0,0,0,0,0,0,0,0,0,0,0,0,0,0,0,0,0,0
Qwen/Qwen3-8B,gptq,2-bit,Swahili,1234,43340.99644682806,37753.455877870045,31810.88364249161,36043.180318966915,30375.855310303017,28261.960909471556,31853.579421732426,10841.513634382143,28815.428120317047,39555.25012897737,30298.60824992822,31488.739752704336,23125.10168597997,16667.367760099623,30711.55614588672,15359.704673392424,27547.188074078756,36095.66119124223,28722.22546443155,40448.142963195685,1309.6525345895232,,1004,679,665,782,757,573,630,135,523,925,639,747,390,259,733,198,562,707,574,921,16,1012
Qwen/Qwen3-8B,gptq,3-bit,Swahili,1234,44.7868655144495,3.771811375692601,728.9574290102415,476.1675510386518,309.67213827163874,738.613522350456,67.81235677845814,265.63005931684813,170.77013151187575,22.734895653593014,106.99247350419608,344.5209695277227,140.81633181427418,49.374151492268155,901.3037237083328,139.3860496873125,130.8228831756617,34.42161564943614,107.63694529055992,33.572351746742704,79.9850898216555,66.24926590137403,0,0,0,0,0,0,0,0,0,0,0,0,0,0,0,0,0,0,0,0,0,0
Qwen/Qwen3-8B,gptq,4-bit,Swahili,1234,36.7826059110819,2.8621919820749,612.4503905891453,374.33345694282787,235.0280717229318,655.968372331612,43.530488190323545,213.60005972037928,100.08911541094736,18.727564991763867,73.0576103093344,262.4244053974547,102.23927003694652,38.80100228512995,690.6804639769728,107.2165596819088,87.9762181466482,23.435722571200557,71.98829043388672,26.811915689423948,71.5224931252781,52.98490424001635,0,0,0,0,0,0,0,0,0,0,0,0,0,0,0,0,0,0,0,0,0,0
Qwen/Qwen3-8B,gptq,2-bit,Chinese,1234,31539.28935596854,20653.920898784057,45005.74992480463,43821.73099912237,42804.243287712015,44101.58462657058,43951.40463594895,28519.523409562837,42154.87252666363,33869.505356545866,42278.577560608115,43866.11715872505,41360.33037516729,33935.834183665356,40816.804180034,29005.891463421165,41736.15617567796,43963.29952914894,44120.4641283172,42564.476601483875,36808.23721384521,19548.10577563764,857,143,939,980,930,942,949,497,908,932,963,926,899,647,962,542,938,956,947,933,854,559
Qwen/Qwen3-8B,gptq,3-bit,Chinese,1234,40.86535137986994,4.132577114574062,767.9588378914258,500.4519016279014,315.3939518090757,797.0246107883102,89.60485368222237,296.81787486489833,228.86110261690348,24.873792937283397,151.77440605671472,375.9408134063753,197.5652543236772,56.083431102426125,871.7347026392754,159.76788275090485,176.6472242309088,46.81271957114912,142.79681691947803,38.268900230844906,151.0408219495891,56.09875378770698,0,0,0,0,0,0,0,0,0,0,0,0,0,0,0,0,0,0,0,0,0,0
Qwen/Qwen3-8B,gptq,4-bit,Chinese,1234,36.7910051844728,2.9218138424187035,629.6980779947938,389.5405505095549,236.65278146073916,658.6134496783413,45.72083353245522,223.29385559753564,105.71253721161668,17.943838145445774,75.00017094232636,265.8912955959799,112.16789271373732,38.13092493031483,706.3225315025534,112.60306447927968,89.1234805352704,24.5844273900517,76.14591123075513,25.969222681099826,78.50109516814331,52.133660525483464,0,0,0,0,0,0,0,0,0,0,0,0,0,0,0,0,0,0,0,0,0,0
Qwen/Qwen3-8B,slimllm,2-bit,English,1234,136.42133324109142,7868.718125583641,6895.703331700723,6337.455721217403,4323.295397443293,6237.03414127249,7470.137396044241,5461.191466677909,4833.260473857392,2487.6444767258004,7146.648059463839,4991.107564537642,6163.66777433829,1954.9304440875649,6411.104635188156,2350.5956827277796,5390.890120311923,3635.010178936016,10166.9419323479,2777.0099392058064,7155.155728330213,1018849.4256141403,0,0,0,0,0,0,0,0,0,0,0,0,0,0,0,0,0,0,0,0,0,0
Qwen/Qwen3-8B,slimllm,3-bit,English,1234,37.99688059550058,5.016176848088825,854.6277182946322,562.421397888078,336.87203081444824,831.750031300102,106.26145085103876,299.0964362923796,316.4757784939564,26.602902956456948,180.71206341512135,429.4755847005554,221.78287210353963,62.90761862503342,980.2167687017286,177.05081743515572,209.23775468997815,53.97818817205703,157.39568054864736,40.78205488721109,168.9902512101581,62.76631434224415,0,0,0,0,0,0,0,0,0,0,0,0,0,0,0,0,0,0,0,0,0,0
Qwen/Qwen3-8B,slimllm,4-bit,English,1234,34.26049753807352,2.9580739068662836,631.7756326911186,362.095345556767,229.1866570071705,644.2188720691502,45.768730082905606,224.5787678668878,110.64345854195828,17.888351357641866,74.96473514896991,259.6974290862248,112.87793937242182,37.30319861381474,675.6057360365322,107.59014175892872,91.66378957802011,24.12603094105157,74.90916383032956,25.9685460588228,79.74317293752884,49.54453988752638,0,0,0,0,0,0,0,0,0,0,0,0,0,0,0,0,0,0,0,0,0,0
Qwen/Qwen3-8B,slimllm,2-bit,Tamil,1234,9540.97626842516,4.296939557556912,16215.43306495738,22923.064668974686,15134.655042074246,15140.761726305933,7364.584668798165,3580.111586148405,10421.286205218568,8528.090849291808,17180.58266194257,13884.14054266332,11616.17346557514,2405.863463533622,15921.280083022028,5127.083285282824,16186.522792245572,4718.623536154653,13446.544480101977,9195.53424895494,6611.650597475295,92242.3284999782,0,0,0,0,0,0,0,0,0,0,0,0,0,0,0,0,0,0,0,0,0,0
Qwen/Qwen3-8B,slimllm,3-bit,Tamil,1234,44.63405853598474,2.900773949106872,792.6421302489769,496.9725528762086,310.86831407628864,795.0862046138064,85.48807840086991,314.7452477566731,218.7628109484834,23.03524789974803,132.61022775694403,373.7023932663523,174.8309600186322,56.19085662721179,1000.2917925282748,172.01945857885755,156.04032076098034,39.26876140968871,137.2317236429952,33.26850952667247,135.08245078652956,62.115039419691904,0,0,0,0,0,0,0,0,0,0,0,0,0,0,0,0,0,0,0,0,0,0
Qwen/Qwen3-8B,slimllm,4-bit,Tamil,1234,36.234922243486274,2.7768215261847855,614.477478116041,363.3593954717194,228.02589326931593,647.0523872022463,45.83809382923132,225.66243749234988,100.0974686003348,18.0978997937216,72.7403583693351,253.9777793312878,106.4687869711572,37.92473887177401,697.783871335739,103.53825954885856,88.37056538795697,24.340507805771015,73.83064504513217,25.686603420436356,78.92870637314043,50.70813658509969,0,0,0,0,0,0,0,0,0,0,0,0,0,0,0,0,0,0,0,0,0,0
Qwen/Qwen3-8B,slimllm,2-bit,Indonesian,1234,1875.6211876537789,27736.05120290473,4035.536880689859,3521.2861065197703,1556.3916604695837,5145.8237619924075,3775.843975014988,6250.00646052077,4761.487822678959,213.78650585655905,3017.4012112426544,1821.902795321132,7668.599861561674,5522.051872321272,9708.03891115108,8174.944824846496,2071.2906347804496,2122.0322880237586,3994.928464976227,344.479476652621,4277.16331359407,603631.5192775716,0,0,0,0,0,0,0,0,0,0,0,0,0,0,0,0,0,0,0,0,0,0
Qwen/Qwen3-8B,slimllm,3-bit,Indonesian,1234,40.97976053677497,3.987144554270198,697.0854639950079,404.2967669242064,249.34853449331152,758.9229203554639,72.58795918123245,300.2784715240681,204.2578997074195,18.93958542582823,90.97807424804454,288.1013738695032,173.43861594107034,51.87792771754678,850.9022784475486,157.02812609268392,113.8767547915238,36.53665657933082,106.19710805297308,27.761781647155587,135.63880734264598,63.99228798231387,0,0,0,0,0,0,0,0,0,0,0,0,0,0,0,0,0,0,0,0,0,0
Qwen/Qwen3-8B,slimllm,4-bit,Indonesian,1234,34.63364390357048,2.891498495532571,628.1138103545529,357.7234453374908,226.09324453438276,650.4347586507216,44.47550544846714,211.49128968814424,101.45160791613388,17.211146427348073,71.01471227834229,250.7266952737574,110.08567477362668,36.505856909828175,691.4837443651973,104.613953845989,85.11583300224733,23.25825991881155,71.85329655902082,24.96890589707951,77.37940643739049,49.841061913184795,0,0,0,0,0,0,0,0,0,0,0,0,0,0,0,0,0,0,0,0,0,0
Qwen/Qwen3-8B,slimllm,2-bit,Swahili,1234,1295.6478871847648,1297.831133642902,3089.7903662490926,2563.5187472314637,1828.4576130226528,2703.9656726024323,1354.9570589815708,688.4167166838263,1557.119601995886,734.7904964034766,1987.2803621286853,1785.875714060585,2100.7703472432804,991.7748006580974,3674.527877891247,1684.868093583898,1847.0820903867009,809.0139189753148,1627.0813475278462,925.6260505836902,755.8347877573307,203061.65036763428,0,0,0,0,0,0,0,0,0,0,0,0,0,0,0,0,0,0,0,0,0,0
Qwen/Qwen3-8B,slimllm,3-bit,Swahili,1234,45.25536722245558,4.003746574948249,707.1129915275759,455.8537898315775,292.39200119718157,706.5583156280703,67.09603396198091,254.90096764623263,169.15907019269406,22.944875872841305,105.2655012505994,336.92148364938316,131.8052431993681,45.92028938813351,811.6639058863476,131.72941475847435,133.06289813172378,35.719076056568035,102.76003234622688,33.01950583048499,74.91642405453797,68.85531712476093,0,0,0,0,0,0,0,0,0,0,0,0,0,0,0,0,0,0,0,0,0,0
Qwen/Qwen3-8B,slimllm,4-bit,Swahili,1234,34.731502649891816,2.901018056145293,594.1699487324319,357.427065836438,223.1046536268269,634.549430140432,43.75008386434741,206.8376618759937,99.51529467074678,17.629106620996673,69.93138416712796,248.98573567195163,95.3329715625131,36.09349546384079,674.5054838886517,101.5083040705307,83.88501047679478,22.806853899623416,70.56339081376885,25.813782523940446,63.98431315614516,49.63811238091433,0,0,0,0,0,0,0,0,0,0,0,0,0,0,0,0,0,0,0,0,0,0
Qwen/Qwen3-8B,slimllm,2-bit,Chinese,1234,4070.391396172054,6230.997726404883,16836.857613133834,17923.975258114177,11594.309640984002,12137.91060837348,8656.234891669996,42297.82901556226,9042.166933597558,17901.847298242043,19473.123396150164,11152.126934641485,8074.42491209123,10190.597178018726,23239.45626802627,35224.67367859166,13343.195543010384,4736.497784073289,11057.929581339147,13378.129988554623,14441.185177558322,296.78703265712124,0,0,0,0,0,0,0,0,0,0,0,0,0,0,0,0,0,0,0,0,0,0
Qwen/Qwen3-8B,slimllm,3-bit,Chinese,1234,44.25240759960642,4.236144197464472,818.2341165960202,630.3544056295756,355.47895962816875,844.054804923063,122.36394725030954,331.23780048064293,337.8384477995282,26.923225775353018,172.84797034937762,430.7380715252057,233.24572271523084,58.86018927397141,1011.1784868859484,167.43476975633004,241.4792585849677,61.75437301081485,172.1935886940825,41.62670456746205,168.42761665887866,54.44892800519031,0,0,0,0,0,0,0,0,0,0,0,0,0,0,0,0,0,0,0,0,0,0
Qwen/Qwen3-8B,slimllm,4-bit,Chinese,1234,35.165067904624784,2.918108808024613,602.2791042973698,363.6293047098613,229.6779537509884,639.709203068354,47.18053763587811,218.0463242532082,106.40292298708448,18.043826896466665,76.35782661524392,250.34462478314333,109.95509829594208,38.19891709540271,693.4311319822293,106.92304380243348,90.59302476729604,24.738162945734665,74.7773891118716,25.596982848239243,78.80057727981894,47.49619236241774,0,0,0,0,0,0,0,0,0,0,0,0,0,0,0,0,0,0,0,0,0,0
Qwen/Qwen3-8B,tacq,2-bit,English,1234,44.433395447277995,14.577590247018955,939.5840517268468,803.2219216419556,464.7910115939979,873.8394424215023,290.20941469934655,347.8683762954851,469.9858088288318,118.64651418890892,543.2377948382361,602.9145175690117,706.4311343978771,106.19788814855632,972.6883986745956,263.7001373829167,543.9582002918443,214.55035827307003,369.0698098152643,155.9008324823262,391.55455389931456,143.96306968977314,0,0,0,0,0,0,0,0,0,0,0,0,0,0,0,0,0,0,0,0,0,0
Qwen/Qwen3-8B,tacq,3-bit,English,1234,34.71000196637057,3.851372880707081,664.380055553405,417.50939560147634,247.9663733152182,650.09687690815,70.5115470303307,237.06745476176263,158.10204843044912,21.065717516091933,120.27834404082344,307.1743947843469,155.93326194621278,44.84389518739796,732.5675180020951,121.29498257831476,134.9849732747414,35.89635512496954,99.38833657413164,30.458597332650747,117.19922775157184,53.50473655318566,0,0,0,0,0,0,0,0,0,0,0,0,0,0,0,0,0,0,0,0,0,0
Qwen/Qwen3-8B,tacq,4-bit,English,1234,34.14786620543491,2.8703306108388182,566.7182595513149,341.2412748775976,216.6183909366208,599.4619459097119,43.61541606802425,202.83726469443252,98.23617688241464,17.424551550809138,71.4949673754219,234.94968928730623,104.27954045873857,36.54541423316083,649.8449100351494,103.02570405214722,83.61263864395355,22.982873255666977,69.94654142194237,25.425854333389633,74.33560103619857,48.76352348444983,0,0,0,0,0,0,0,0,0,0,0,0,0,0,0,0,0,0,0,0,0,0
Qwen/Qwen3-8B,tacq,2-bit,Tamil,1234,63.75770038177639,3.077032400576856,1029.979281508944,932.2829812234536,599.1653011729152,918.2216328238226,278.43420846777127,358.46827640965546,530.3610935271316,92.5156471069371,629.247487611463,722.5272765619512,489.1047804232688,391.942406561018,1123.4067990833744,266.8723616781612,591.0334900001579,173.64340841839837,344.2745381895932,129.61052976436906,636.8126350983023,118.76359073510078,0,0,0,0,0,0,0,0,0,0,0,0,0,0,0,0,0,0,0,0,0,0
Qwen/Qwen3-8B,tacq,3-bit,Tamil,1234,38.87641164454056,2.7863205169422254,591.945796035871,380.12953577423053,223.54558555937885,641.5258803325557,54.941048869836926,229.37056078480495,151.97984831673665,19.32588747425394,98.03417216392442,262.9970604926264,127.49663766782798,43.061336364674496,667.7196787346445,121.90284848737724,119.86288503223324,28.641543336769104,86.93725718189185,27.755998391915952,106.37671205975325,54.06093638562509,0,0,0,0,0,0,0,0,0,0,0,0,0,0,0,0,0,0,0,0,0,0
Qwen/Qwen3-8B,tacq,4-bit,Tamil,1234,34.711885279714835,2.7588628727212248,567.5916819580985,344.63962044011964,214.64082992321696,607.2442868580723,41.61382149692413,212.43831288268947,93.69905619677056,17.336806235613246,69.86453515675248,234.36994260383773,98.23078610611532,36.04553368954162,670.7669963683038,102.95761967367312,84.03903371436277,22.439912270493434,69.35204745360873,24.86858064473962,73.35113078879829,48.55678303623122,0,0,0,0,0,0,0,0,0,0,0,0,0,0,0,0,0,0,0,0,0,0
Qwen/Qwen3-8B,tacq,2-bit,Indonesian,1234,51.81595304662957,11.100247869754718,640.2874365322583,401.3136236810123,222.0845162085076,642.013800264129,171.6056738222853,301.6728569119251,342.5673384820276,21.58457871856061,161.41001551624456,280.9700548490371,420.36184300846975,77.02001619990506,840.0901442966211,217.65678142628843,173.6921649556473,94.82863048619276,215.7044470631008,31.998800372663897,233.38270122549133,120.66615858362586,0,0,0,0,0,0,0,0,0,0,0,0,0,0,0,0,0,0,0,0,0,0
Qwen/Qwen3-8B,tacq,3-bit,Indonesian,1234,36.94602476929229,3.4506433531196534,593.0181633142088,349.2319092333509,220.71535515757927,615.4026151715927,57.82655124153008,223.25182040465043,146.7207164216094,17.499578886805082,78.81191812267325,251.21941365227988,138.2591377439289,42.04048366213575,694.4240417787289,125.36797438487729,93.45590969594056,29.34126237657186,87.41456230140479,25.83760116744758,102.48438721079468,54.49298709249447,0,0,0,0,0,0,0,0,0,0,0,0,0,0,0,0,0,0,0,0,0,0
Qwen/Qwen3-8B,tacq,4-bit,Indonesian,1234,35.19959948318133,2.8782140234865494,572.3760004355737,331.2121111398882,213.4215995947414,610.2072294290492,42.65020336184491,206.55263482432252,93.07730544451384,16.914091447387428,66.17545644072607,235.5395836819996,100.12129586002015,35.96617168550742,636.5861880449261,102.97215609082852,79.00645097220368,22.529239019657226,69.07836191317435,24.562674389330816,73.971753442491,48.98535116077212,0,0,0,0,0,0,0,0,0,0,0,0,0,0,0,0,0,0,0,0,0,0
Qwen/Qwen3-8B,tacq,2-bit,Swahili,1234,65.67543691473466,9.82957286166951,622.7118370974312,451.8391144585952,280.6974184395048,676.6387041096528,127.5842946832758,260.76161601163676,257.7143945166149,44.39996892224965,186.18610748209355,356.087103797423,215.48911194870388,63.5079538067919,743.1169060826672,167.6215612174959,215.43598763407792,93.1434760825592,165.9250874443527,63.57990058255665,68.73769606135602,189.9219302090219,0,0,0,0,0,0,0,0,0,0,0,0,0,0,0,0,0,0,0,0,0,0
Qwen/Qwen3-8B,tacq,3-bit,Swahili,1234,37.239785457276334,3.283538191105564,603.0499909684618,359.0014399233486,227.8975138395444,623.7497495204624,51.37554854678008,224.3300516265841,119.87579402352183,19.18807320554388,80.4329142745014,261.49087217113527,110.91551689723704,38.86325053534987,661.2355272172898,106.85187970907668,102.0795001477126,27.607880783878567,78.98144722137572,27.44270060973411,66.06498211788154,53.378040343090554,0,0,0,0,0,0,0,0,0,0,0,0,0,0,0,0,0,0,0,0,0,0
Qwen/Qwen3-8B,tacq,4-bit,Swahili,1234,34.439505455526785,2.856955970571648,582.7079870094832,339.0207045796685,215.3035070341603,603.5573453567392,41.784108372855975,209.60032516892915,91.8101463550892,17.086450847287754,67.8515708247707,237.23075989708985,96.56989746720228,35.92512712451882,651.4868414729715,100.48380945352858,81.47366302320525,22.19779889550915,68.00383976465582,24.87771517070213,64.98479367432465,48.547595277331695,0,0,0,0,0,0,0,0,0,0,0,0,0,0,0,0,0,0,0,0,0,0
Qwen/Qwen3-8B,tacq,2-bit,Chinese,1234,60.22340609418394,11.664860950377186,1000.5936257990112,879.3245100438738,520.246418803433,946.275313299186,347.89805769158494,353.8730854168,523.58751390716,135.1630713898736,638.9959221902719,687.2691398031268,710.1269007409765,115.24385933237969,1136.6344552206142,296.87217996156545,598.7579610790642,240.41834206304011,391.336112713405,165.43948309355207,351.5301848037403,62.5364722942101,0,0,0,0,0,0,0,0,0,0,0,0,0,0,0,0,0,0,0,0,0,0
Qwen/Qwen3-8B,tacq,3-bit,Chinese,1234,36.93986125552891,3.656486823056918,625.4852004273497,442.5977023596244,258.50819771538715,670.3530908956988,69.39387772600453,241.41049931512688,171.45980438293836,21.255791442176797,118.3037497874051,307.24876550076834,150.7305944279124,43.986310873001415,730.1643319373111,124.61266580969712,140.95103854190717,35.478416467144164,103.25081151745428,30.694672956061627,117.44766444695392,48.25663455926021,0,0,0,0,0,0,0,0,0,0,0,0,0,0,0,0,0,0,0,0,0,0
Qwen/Qwen3-8B,tacq,4-bit,Chinese,1234,34.21886741877833,2.9067392526734235,576.9856499657144,343.71492790121613,218.34799731322084,604.4923341623652,43.519354320235045,212.62759823363984,96.56706639809316,17.52853843219078,73.30830543837514,240.0665897043793,98.5769393243772,37.50396423027958,649.9187863868948,103.65645798629126,86.98746383309575,23.52999255235141,69.90603637255857,25.041053136896046,73.93901699076459,47.282614350761946,0,0,0,0,0,0,0,0,0,0,0,0,0,0,0,0,0,0,0,0,0,0
CohereLabs/aya-expanse-8b,Unquantized,32-bit,Unquantized,1234,53.75491287097983,3.7983340424873626,2369.2928257401036,2836.39585600538,2019.975644502665,3796.902049374877,336.94518439843785,506.10110767354377,1047.905358285373,92.36325019157783,1047.033565072274,2094.95835521194,480.90160627562705,125.59724598648162,5700.283615518962,526.2586467134952,1311.3815933594926,95.80877753442678,631.3120700429805,204.09525380218597,347.2452941767379,112.08422832375084,0,0,0,0,0,0,0,0,0,0,0,0,0,0,0,0,0,0,0,0,0,0
CohereLabs/aya-expanse-8b,gptq,2-bit,English,1234,235.5280996643303,29179.092456570044,25753.831114818953,25619.549554776982,20781.597947299542,26869.250899373088,14559.398851914955,14382.358222307248,17496.812312246824,7146.061890917574,24782.371868119168,22349.376860536053,21813.893944412317,10671.731686339654,23009.929332434174,10117.462588105467,24346.033588497743,14003.279345474262,15414.868397216982,10349.25990192867,21486.634404614393,21098.267208628356,0,59,105,132,62,116,15,10,18,32,96,81,29,4,89,1,102,9,14,28,55,240
CohereLabs/aya-expanse-8b,gptq,3-bit,English,1234,55.71695519826462,5.489648118847672,2702.5573366634176,2990.75855142507,2129.4094780034807,4402.507685537285,488.2226386501659,819.3458956961617,1340.5927124842224,122.9007715726655,1560.5165831262666,2370.243405189805,788.4117615851831,224.68456092523348,5495.218063304146,720.6763756185169,1824.8856192987323,170.59302411404244,854.8605418676916,285.3309618956425,701.9440218279792,170.1082195879009,0,0,1,1,0,1,0,0,0,0,0,0,0,0,8,0,0,0,0,0,0,0
CohereLabs/aya-expanse-8b,gptq,4-bit,English,1234,50.81587572611387,3.947912843975545,2352.7585523058424,2846.0798464630457,1909.2826115090377,3797.6469451234016,350.7685797683614,550.742905631792,1130.184364667907,89.97813298135117,1124.0305417357342,2089.033455317887,544.2486648115107,139.8152640750566,5543.290485856156,566.8998050267413,1420.440589570915,105.05930226920248,662.2455852090687,203.93836387073284,401.7707276043198,113.31203747484136,0,0,2,2,0,3,0,0,0,0,1,0,0,0,6,0,1,0,0,0,0,0
CohereLabs/aya-expanse-8b,gptq,2-bit,Tamil,1234,831.145208860771,6.779198137739801,26046.22233131312,24294.934187798193,18111.042576973123,27643.524833359537,12872.558274205574,13985.036320289595,20339.5832563031,6538.64580821011,24168.03591536347,23367.960257467577,24264.308126440785,5779.66250668145,26581.9533968389,9010.831562988771,24067.74613454176,12772.459211279183,14599.779370124155,8970.29357107736,21859.037272497037,11035.168408974932,0,0,154,131,57,175,11,10,31,15,119,124,64,0,169,0,117,10,11,21,84,39
CohereLabs/aya-expanse-8b,gptq,3-bit,Tamil,1234,59.99613069584962,3.942702935283208,3868.502979768256,4197.9292684923,2714.2072604354903,5740.31024665604,1471.3374498394355,931.958760141113,3401.7012227435393,170.2862854123423,2123.9781937869298,3217.2907012651312,951.31972872637,251.72366474537984,7450.585872712642,961.5231116981204,3096.0517522034206,730.0188954563188,1983.1325169594493,399.3706732413892,866.6806808261634,262.4745228052927,0,0,1,4,0,7,0,0,0,0,0,0,0,0,7,0,0,0,0,0,0,0
CohereLabs/aya-expanse-8b,gptq,4-bit,Tamil,1234,51.35584423315142,3.79685085652883,2349.8419310396625,2786.0309180620907,1948.2378747176112,3640.821817579844,346.4733599443808,532.1689928526878,1007.6748062050384,90.78424435589244,1069.0595032226734,2042.2415713469536,512.4174809356854,131.63042239934464,5267.7296800892145,514.3969720809869,1356.0834771110776,102.12855077997428,631.6886429945508,204.0676466062033,373.873691301389,112.28023179953176,0,0,4,1,0,4,0,0,0,0,1,0,0,0,5,0,1,0,0,0,0,0
CohereLabs/aya-expanse-8b,gptq,2-bit,Indonesian,1234,525.7959814829851,5129.666587920575,17304.69845615227,13174.543297489758,7468.794660128579,19966.89354963417,7092.15405184115,11176.526160878944,12886.691571808047,563.1372166284996,11749.55697645469,10138.219061492278,17467.68233768068,5536.82279139129,20866.52125089292,8243.12129118481,11932.179638175774,5786.682076465317,8792.275764479133,1349.4952180399127,15819.122888546435,10036.43879252835,0,0,44,12,5,55,5,5,7,0,21,14,19,4,71,1,18,2,3,1,22,35
CohereLabs/aya-expanse-8b,gptq,3-bit,Indonesian,1234,58.33115270090411,4.941318377413541,2852.184275511402,3187.196081906125,2108.9602151312083,4390.472031092358,515.7946614546496,854.3290972570519,1663.141760827902,100.9526209786838,1356.521965019757,2423.1306835977484,834.893524360949,193.67640736931168,5984.156533458649,824.2111762131639,1693.0085736798897,165.41402841302985,976.294353857484,229.12725697314073,601.327531947562,151.64407023590647,0,0,1,1,0,4,0,0,0,0,2,0,0,0,5,0,0,0,0,0,0,0
CohereLabs/aya-expanse-8b,gptq,4-bit,Indonesian,1234,52.13795325694668,3.9773421895874663,2328.0026191699385,2778.7065330932496,1968.507594787154,3806.0429578359,352.53806421364834,515.9327471542176,1103.7631119087814,90.5358520402782,1078.2043383038651,2075.082612424383,524.7390339160904,130.01004503310477,5329.141531858531,525.724535527155,1318.508793478867,101.9659489189144,644.0974994855691,201.66190096668507,365.3511067084535,113.16849690168593,0,0,3,3,0,3,0,0,0,0,1,0,0,0,7,0,0,0,0,0,0,0
CohereLabs/aya-expanse-8b,gptq,2-bit,Swahili,1234,724.2960030826857,1890.9888212589913,12613.49917517666,11787.000957501248,9013.908456156372,14395.897990675689,3654.352825738264,4182.024204646202,7300.411551235713,4170.777295099806,9596.048547218326,10240.733537544793,7928.610919370234,1672.6599258009228,13368.05649484126,3612.3466006675944,10435.013958085014,2756.914766206248,4137.8692421300675,4996.8049126837595,1546.3973292699843,13156.622437175069,0,0,20,20,6,22,1,0,2,14,13,12,2,0,27,0,14,1,1,11,1,76
CohereLabs/aya-expanse-8b,gptq,3-bit,Swahili,1234,56.8820363943001,4.902820723876676,2459.4211767579063,2871.2157847832145,1989.1075209584496,3799.041023937126,401.0286702503618,632.6461123684978,1322.3636498559515,109.5047516918972,1216.8550656468817,2150.9388198503034,643.9732956855775,171.16248239758323,5285.282633038288,600.7700914893003,1469.312116131642,128.80474463095987,723.4686844190188,240.51110126488604,386.51089337452976,153.62622777521628,0,0,2,2,0,1,0,0,0,0,1,0,0,0,4,0,0,0,0,0,0,0
CohereLabs/aya-expanse-8b,gptq,4-bit,Swahili,1234,50.55680554636828,3.9005419293931025,2293.0840116681484,2774.568790800696,1946.0456144119212,3726.9268378637303,347.60764710314385,521.4837804499845,1127.8235539875466,89.2797399615875,1070.9152212696424,2066.9843705733892,497.8696074905744,135.99035424068316,5249.316739473266,527.4201156628794,1340.7149096037265,98.80954985093685,664.05158072532,198.4292918056823,352.4210073126903,112.10541202070128,0,0,3,2,0,2,0,0,0,0,1,0,0,0,7,0,1,0,0,0,0,0
CohereLabs/aya-expanse-8b,gptq,2-bit,Chinese,1234,908.806486078912,3844.228300775372,25672.679327280344,23582.428834908085,18122.41146648853,24402.489707469827,11363.678692882111,13759.734360187687,16457.08998169582,5362.628130482599,22489.91849137156,20827.309907625287,20733.371928184624,7999.175681294144,24451.311353801473,11545.404218815249,23495.129665345892,10519.88606628696,12451.489388321052,8204.947830059551,17568.374956168915,1019.2857077745504,0,0,89,86,42,67,6,5,15,6,73,60,31,5,98,2,71,8,11,13,27,0
CohereLabs/aya-expanse-8b,gptq,3-bit,Chinese,1234,56.4906538469756,5.048184786189928,2761.9119890353477,3171.64573839261,2210.7592025113613,4230.155959359511,539.2687845653433,853.2929460431092,1833.8845617814616,108.3845929104977,1526.7814911006978,2441.1133908960596,891.3364625835129,224.2369168603308,5459.112968999078,795.9484321476939,1788.0274804401358,176.62261781580898,885.83757063709,250.19700607972416,628.5675488884557,124.03065873325782,0,0,1,1,0,3,0,0,0,0,0,0,0,0,4,0,0,0,0,0,0,0
CohereLabs/aya-expanse-8b,gptq,4-bit,Chinese,1234,52.41335281710519,3.92998358155236,2534.8123050025247,2902.308718934447,2005.9241830915585,3914.046617215136,362.8807807422584,572.5967066939627,1107.6000151945543,92.00567212763124,1142.1389227679438,2139.7734554728063,528.5189184602808,139.62959754863977,5582.836576107893,573.4962336067138,1416.1884616074012,103.15098547757457,655.9929799836481,204.48794868726904,381.2027339493684,113.04624726503,0,0,2,4,0,4,0,0,0,0,1,0,0,0,7,0,0,0,0,0,0,0
CohereLabs/aya-expanse-8b,slimllm,2-bit,English,1234,126.66586084857136,737472.5431301057,21238.88870303795,27986.19081371973,25124.89619651188,22543.99979297264,5477.965904473385,6332.342632626323,9078.210994511324,65378.469956132256,25520.423559831244,23658.02401987593,10365.997681341869,3479.22727383845,15842.217376308376,5064.056482681596,24976.21783992066,4721.339104784571,5674.008503563412,64725.997346912794,8350.373145375457,6745728.273390636,0,0,0,0,0,0,0,0,0,0,0,0,0,0,0,0,0,0,0,0,0,0
CohereLabs/aya-expanse-8b,slimllm,3-bit,English,1234,70.33484756920092,5.190607683435735,2905.438853750141,3230.8308084468854,2237.189327605163,4596.976376972482,519.7076622194127,889.1731872885931,1612.2797150869549,128.2417722696128,1675.073650626718,2550.264716676386,783.0286522128005,243.87948646429376,5976.638577880777,811.8760604526984,2021.4269687976168,186.83934614544648,893.1256558261391,284.3470336593502,694.409389651766,153.80799201120558,0,0,0,0,0,0,0,0,0,0,0,0,0,0,0,0,0,0,0,0,0,0
CohereLabs/aya-expanse-8b,slimllm,4-bit,English,1234,54.70677279508479,4.0215750606607115,2536.3714626606748,2987.0748238574947,2101.571551179817,4125.301796060993,415.8157464009235,574.5444437042008,1208.8614601031964,98.35450271803846,1229.486578801876,2294.795102733175,546.7873997829704,141.54241279827474,5788.896565623755,605.9078264975278,1529.7844236097326,107.91546629568106,801.4693957743898,216.9516874941158,397.648199964526,124.48586658879024,0,0,0,0,0,0,0,0,0,0,0,0,0,0,0,0,0,0,0,0,0,0
CohereLabs/aya-expanse-8b,slimllm,2-bit,Indonesian,1234,242.23046796335575,565648.7100779251,7627.402361360017,5940.126338751157,3663.078583213617,8151.779172458242,2839.81023128076,3271.02053664581,5922.512400927155,222.2440750172781,4654.716829152285,4433.068075501685,6796.500900258175,2257.009505507755,11860.06836097534,3531.6415029723794,4666.4009580720385,2025.9858581607675,3538.0090936128695,547.4472135037693,5041.660038092276,2213893.3745234176,0,0,0,0,0,0,0,0,0,0,0,0,0,0,0,0,0,0,0,0,0,0
CohereLabs/aya-expanse-8b,slimllm,3-bit,Indonesian,1234,70.15928825967538,4.846758074537413,2847.7985894114663,3163.570474256501,2135.6081259480575,4628.2119101519775,497.1120699156695,729.0354380109593,1525.3397749037902,106.43104014234704,1439.9558816887993,2331.739256770971,767.8063541829571,228.64284480295257,6019.626779103045,849.2249375508301,1714.8175212576743,166.0320726946062,780.4046299367354,234.92298230984696,581.5977033876562,148.3480925509209,0,0,0,0,0,0,0,0,0,0,0,0,0,0,0,0,0,0,0,0,0,0
CohereLabs/aya-expanse-8b,slimllm,4-bit,Indonesian,1234,55.686326360926415,3.975950094053161,2357.944677139364,2843.1092394886505,1976.5237996279116,3750.182954890188,352.3686430718751,531.7854258697448,1011.1123557379804,93.87097957611468,1074.7099893164302,2075.6400252811172,518.74650926803,131.13511709428093,5457.168182912955,531.6742948721662,1296.0992064388586,102.41478122071554,680.6376829359966,204.34822756947625,372.4620670128701,122.10572087826768,0,0,0,0,0,0,0,0,0,0,0,0,0,0,0,0,0,0,0,0,0,0
CohereLabs/aya-expanse-8b,slimllm,2-bit,Swahili,1234,405.9663448358049,1778942.968324588,5106.101795826104,7322.307391852209,4868.527868708826,8924.449761931442,1191.961607580486,1059.9409917860687,3292.296189770575,1264.551946757189,4707.245637207419,5141.266472683267,1897.0269340594991,628.2598991636729,9361.86956670917,1042.6696652048224,5324.801631123461,860.6137299567476,1850.7839158253364,1950.2854767619003,440.4831064826536,1380742.9665140477,0,0,0,0,0,0,0,0,0,0,0,0,0,0,0,0,0,0,0,0,0,0
CohereLabs/aya-expanse-8b,slimllm,3-bit,Swahili,1234,71.44772766982928,4.7074565314844685,2632.2091673527902,2981.1611681800905,2043.127877251071,4222.615394320529,441.9436753919543,625.5740343275611,1227.9394744836738,117.15393378732342,1380.018031646201,2196.011563717729,563.9359436011733,176.46848868593997,5394.18243414046,673.5515989617946,1713.1370580311072,130.48456740024884,745.9887194750544,247.04758115544703,372.34414080441394,152.57088740880886,0,0,0,0,0,0,0,0,0,0,0,0,0,0,0,0,0,0,0,0,0,0
CohereLabs/aya-expanse-8b,slimllm,4-bit,Swahili,1234,55.9461151180421,3.920453575224559,2246.352362771002,2706.4181262703487,1887.5468920083808,3586.202493378208,357.41716666168713,504.9778063531833,1044.9604416028776,97.0552224791973,1044.279205484958,1978.5271751877024,487.7292851691452,133.68169841403852,5313.542861180276,514.2287605427827,1241.2291963664036,99.6352431897527,648.6503519952538,210.89550910300528,337.1573833745351,123.35992946571416,0,0,0,0,0,0,0,0,0,0,0,0,0,0,0,0,0,0,0,0,0,0
CohereLabs/aya-expanse-8b,slimllm,2-bit,Chinese,1234,9591.055846595458,664816.9114009405,175950.17612898228,349851.35895803396,282534.0608925021,185427.05252403577,72162.90373307,79289.78717554506,166808.51506989874,547790.7664436265,240033.03265463293,284814.46459445736,84371.70094971995,17803.589409774486,246958.1518084836,57753.47361956968,261868.86090090012,84511.9885109697,70368.15249025567,646722.3000493429,88041.95602976136,263.6726541156282,0,0,0,0,0,0,0,0,0,0,0,0,0,0,0,0,0,0,0,0,0,0
CohereLabs/aya-expanse-8b,slimllm,3-bit,Chinese,1234,71.27624424454534,4.957356073910392,2733.6429835353697,2958.415235031898,2096.0191721404335,3908.819303867759,526.1680515171021,761.7667388904114,1615.4645253590966,123.7017139849554,1596.355427081606,2249.3445552392077,793.9667473099632,227.71775937714668,5372.487604083825,745.1413344109709,1882.4886896039552,180.56081939944949,834.001918963937,269.22439085049245,698.0110416888623,127.68943258551757,0,0,0,0,0,0,0,0,0,0,0,0,0,0,0,0,0,0,0,0,0,0
CohereLabs/aya-expanse-8b,slimllm,4-bit,Chinese,1234,55.43251984755515,3.954161304687964,2445.890132907443,2904.2952954938073,2089.096751933791,3971.157123675627,376.6042809089432,569.916471142034,1076.436608711514,98.4017945492255,1171.951376011792,2150.446500275818,510.2236767072098,145.2160877671673,5346.595821949722,606.4360562136295,1377.139010947829,105.2412444729696,683.3734279953298,214.5884469259751,412.2495504083473,117.61582338744348,0,0,0,0,0,0,0,0,0,0,0,0,0,0,0,0,0,0,0,0,0,0
CohereLabs/aya-expanse-8b,tacq,2-bit,English,1234,69.1243399490551,15.326974972778444,3693.7757943692304,4608.254390098062,2992.894112212504,4733.781540843872,1072.0822739174446,1212.3385724839,2260.2082389002726,305.45374211551086,3559.272849061362,3418.937628132587,2024.790171982622,622.2621304355215,5030.892095365728,956.1349033411716,3616.9040378747777,685.5903717285249,1287.9887252249332,646.7798433794144,1488.8315461378304,352.03425215478603,0,0,0,0,0,0,0,0,0,0,0,0,0,0,0,0,0,0,0,0,0,0
CohereLabs/aya-expanse-8b,tacq,3-bit,English,1234,56.60363853210221,4.598232981542313,2452.3381690063097,2873.828625030826,1931.5805021716656,3840.90775942415,461.7785141387988,667.8631538307388,1367.331510224255,104.21884960528136,1410.612510943694,2102.824435564839,719.1824167905937,189.6983119821432,4994.757971501111,677.4846480842269,1606.9412397768915,149.95665987539735,822.5091762585926,232.38914212974956,488.4152689855802,132.58289849631012,0,0,0,0,0,0,0,0,0,0,0,0,0,0,0,0,0,0,0,0,0,0
CohereLabs/aya-expanse-8b,tacq,4-bit,English,1234,55.02221999711518,3.9803619987851575,2400.5792596918373,2907.99703377352,2039.5517519406328,3900.594526103673,371.1680205572323,562.1169667910743,1097.0597184788037,96.78106604491153,1122.0214334248908,2140.284754841889,541.9612228258196,145.6367940605547,5549.941369605201,564.5578064328394,1394.9531591957018,106.27506085646696,668.0959245865838,212.2469324156947,388.5583601119019,120.3016765886676,0,0,0,0,0,0,0,0,0,0,0,0,0,0,0,0,0,0,0,0,0,0
CohereLabs/aya-expanse-8b,tacq,2-bit,Tamil,1234,91.79212776730316,4.032991026437342,3455.816647052824,3850.292555607203,2583.319967022774,4254.198503949581,929.2613818146616,1169.766543742151,2299.097442612045,213.5606966464045,2634.9562192989224,2882.306984001313,1630.7148289108602,478.54110991597554,5746.980258898246,1103.8438983941028,2791.1137475018622,509.24218425171097,1371.4075764177894,453.1859756776986,1533.1510849563983,268.35127017393495,0,0,0,0,0,0,0,0,0,0,0,0,0,0,0,0,0,0,0,0,0,0
CohereLabs/aya-expanse-8b,tacq,3-bit,Tamil,1234,59.77830566467715,3.914036757127362,2631.9578189926087,2925.0120163663037,2072.196639704368,4072.263793069441,427.69796093020864,645.4439202252034,1234.331067359279,107.60092824889728,1314.1302107818228,2284.0070267942674,670.6785636866281,186.3006781637378,5541.307914159712,683.3661437099768,1560.3620060466442,134.3383434073805,728.5109850086782,233.47043943562736,494.7851072236514,135.09282852250604,0,0,0,0,0,0,0,0,0,0,0,0,0,0,0,0,0,0,0,0,0,0
CohereLabs/aya-expanse-8b,tacq,4-bit,Tamil,1234,55.68906007439936,3.848132416055845,2492.5803410390063,2958.477556534117,2105.571779442293,3932.053929559426,361.0546576255245,564.2874557291468,1078.516077847353,97.58616014320884,1156.0404868278908,2178.66423282263,533.527871465674,141.3004680109314,5820.779225274289,587.7874134536926,1459.096574847926,104.32530480519404,664.8184351829408,215.75377453477824,389.2916780933288,120.61881562401614,0,0,0,0,0,0,0,0,0,0,0,0,0,0,0,0,0,0,0,0,0,0
CohereLabs/aya-expanse-8b,tacq,2-bit,Indonesian,1234,81.00447815502984,11.747358660778923,3043.1120210429035,2754.3596323428987,2006.4513761365235,4134.9144028301225,802.369826054571,1044.080871851476,2394.580670484697,113.63463834990196,1703.0358213525165,2217.4434530619046,1764.5845338444246,426.065686729087,5839.114786955041,897.9126426354355,1927.5793558274609,427.8970843180017,1246.9608825300138,258.78432457661575,1343.61688794671,299.0832533666769,0,0,0,0,0,0,0,0,0,0,0,0,0,0,0,0,0,0,0,0,0,0
CohereLabs/aya-expanse-8b,tacq,3-bit,Indonesian,1234,57.98897955294493,4.432266998234929,2533.4436353568826,2834.182689340053,2032.1810048512511,3937.410221415479,467.1696815895771,740.5528307005732,1446.433365723424,96.9035557194289,1235.0461633818534,2191.384267756118,775.5648427007274,180.04921321109447,5986.026796634884,708.3218423119424,1461.757469774249,130.21395528245824,806.9939904398234,217.66570068831905,505.833185859943,132.2516049717701,0,0,0,0,0,0,0,0,0,0,0,0,0,0,0,0,0,0,0,0,0,0
CohereLabs/aya-expanse-8b,tacq,4-bit,Indonesian,1234,55.55997461562265,3.942368837924893,2438.247386957074,2887.6216587649233,2020.7787597454071,3807.966189476439,370.5239488449962,530.7445627939542,1107.195924372027,95.08939123492804,1102.576298623588,2185.7657356041655,550.8418658947547,134.9801441290882,5666.866820699086,538.5364897123889,1373.479972692105,102.66408719468043,672.4294137558769,210.7842971938749,381.5368619307466,119.71670378007488,0,0,0,0,0,0,0,0,0,0,0,0,0,0,0,0,0,0,0,0,0,0
CohereLabs/aya-expanse-8b,tacq,2-bit,Swahili,1234,97.7764502227743,10.504046821252532,2325.2953795439375,2911.515261676379,1998.5581915619027,3784.404931941822,519.6274648482481,653.8546415102008,1434.1330494301017,204.26009480028688,1723.9685880356114,2144.2351747361067,821.7668870506254,245.7892710560025,4723.8016100275245,707.1999012479831,1834.1793082070903,261.79152357798836,764.8920331354104,391.1463675435229,342.5063761963675,410.4569426079825,0,0,0,0,0,0,0,0,0,0,0,0,0,0,0,0,0,0,0,0,0,0
CohereLabs/aya-expanse-8b,tacq,3-bit,Swahili,1234,59.710327941304975,4.394636097648646,2287.3017450775064,2682.8631999089935,1870.904288207992,3542.749934932883,395.1291010688744,611.6506549961395,1079.7969568275205,105.48536282588849,1148.929243037675,2027.6147686936392,547.7015043218945,158.94212292030488,5078.024586634517,573.3124920162168,1370.8598724281471,117.84801145589468,668.2916059915393,228.2831523862223,351.02676243969034,139.73299179983024,0,0,0,0,0,0,0,0,0,0,0,0,0,0,0,0,0,0,0,0,0,0
CohereLabs/aya-expanse-8b,tacq,4-bit,Swahili,1234,55.820594370413176,3.988709381701935,2388.6286984832714,2903.954861540003,2058.177271057305,3766.11206737919,373.5805610290144,550.0358973149882,1182.2439062902715,97.10119643365414,1106.749652966554,2140.875555090352,517.0332837027138,140.40594559578787,5616.999393730598,567.3001303209377,1376.1716181621518,105.23016321038614,689.3377504885484,215.2559722909184,364.8727943863972,121.5158564685307,0,0,0,0,0,0,0,0,0,0,0,0,0,0,0,0,0,0,0,0,0,0
CohereLabs/aya-expanse-8b,tacq,2-bit,Chinese,1234,87.56656885552272,11.0859408420628,4432.08316532543,4745.433854975025,3315.616462378697,5464.438109720661,1157.5498990318422,1452.5871685323016,2847.761328199379,287.20731212296283,3867.5168296160946,3855.4069760372,2623.708490698695,546.763738138296,6114.426893129776,1408.4673979665715,3784.137979303559,697.5888666091741,1558.5464250193652,635.4235406111247,2165.59552615403,136.30764319260996,0,0,0,0,0,0,0,0,0,0,0,0,0,0,0,0,0,0,0,0,0,0
CohereLabs/aya-expanse-8b,tacq,3-bit,Chinese,1234,58.37483783527448,4.441015860599278,2635.9738906229463,2989.3408900537597,2109.2046368657793,4034.93700295628,469.73973808930293,744.31119062642,1453.7491617886742,106.00171965866642,1462.6140572393497,2371.967551110447,794.2353755111633,197.45372967532583,5252.108929997898,652.8932640083442,1631.2051416117586,144.6147739537027,759.3594841927926,240.05449640570407,561.0576413516985,119.32191084467846,0,0,0,0,0,0,0,0,0,0,0,0,0,0,0,0,0,0,0,0,0,0
CohereLabs/aya-expanse-8b,tacq,4-bit,Chinese,1234,55.483941144317285,3.9285278741805847,2524.9119088857115,3044.601729644582,2115.421621943251,3958.3789706072134,375.288963583172,555.7584277648659,1142.7303832062812,96.73971179766008,1155.5121317878932,2202.118514432072,540.2909223667432,143.23888330752754,5662.857928224849,565.2853348864005,1494.6475182608767,109.65642784044005,684.2185448410131,216.5429732527659,411.2013099640252,116.573490669218,0,0,0,0,0,0,0,0,0,0,0,0,0,0,0,0,0,0,0,0,0,0
meta-llama/Llama-3.1-8B-Instruct,Unquantized,32-bit,Unquantized,1234,45.105213951913754,2.3117808145580105,329.4238582623118,208.5123360440963,179.99461588680876,666.4463768864923,67.40548710385418,109.1043624521696,103.6347198044446,24.823783029258784,104.4746757375628,141.17882280910314,70.63133573340085,29.813827848068673,912.8661530778094,56.92488856583113,103.1989288988004,23.924728155414993,117.6964237763392,29.226180232230377,30.056285070405885,36.82177886769864,0,0,0,0,0,0,0,0,0,0,0,0,0,0,0,0,0,0,0,0,0,0
meta-llama/Llama-3.1-8B-Instruct,gptq,2-bit,English,1234,1300.394068278182,,37867.00594343839,37887.234686574266,32874.42343920758,37542.87601732547,40575.25277332828,27277.94406095139,32364.159666403713,31939.373114856695,38229.69868448131,36467.39764077867,37637.1892055424,25449.84793323795,35136.61679039142,24717.600791696594,36357.8688081917,38195.00236761191,39474.27488985394,34424.104544452566,34246.51572048312,39034.71876281616,1,1012,218,288,183,249,353,82,143,228,323,238,223,40,231,43,222,247,383,250,217,418
meta-llama/Llama-3.1-8B-Instruct,gptq,3-bit,English,1234,54.002998895739225,4.619366371615938,808.6241339220721,523.9264969571468,392.1532969862924,1073.860256640181,185.03493337363113,321.03519504739154,354.6640251829086,49.03458723791437,334.89297271438573,381.20324427358827,238.07687828966397,74.62721367219189,1436.3686872677413,168.5678770239555,332.98671905981445,64.78630216707842,302.3718121838184,60.27833819742396,76.29943254962137,65.9069255856645,1,0,0,0,0,0,0,0,1,0,1,0,1,0,0,0,0,0,0,1,1,0
meta-llama/Llama-3.1-8B-Instruct,gptq,4-bit,English,1234,47.37206604271768,2.503243841409641,393.1914899506217,253.26239803164023,209.36975111444897,709.1284765734406,80.22329866871966,133.3166500064365,135.65410546448365,27.11150669401622,127.5076710354656,165.83401569554343,91.2324576653159,35.864105831233054,961.7069063819936,70.51093518204854,129.73859571504346,28.276430384664227,143.21578457322093,32.593182300821,35.26885811944029,40.06212518066395,0,0,0,0,0,0,0,0,0,0,1,0,1,0,0,0,0,0,0,0,0,0
meta-llama/Llama-3.1-8B-Instruct,gptq,2-bit,Tamil,1234,8477.161407461326,9.525655641674993,46391.56134224554,47455.61883166588,44831.84569740732,47529.77116100454,45804.24285561467,43657.6231570191,43310.74421978069,38846.104052563176,47857.07187793808,46757.9515910606,50054.856457098795,38063.179114919934,45156.878417985405,36535.3591808205,45546.69900826112,42787.77117638084,47974.43712888661,38764.931157617546,46302.28919545383,31721.858571992147,11,1,602,666,594,650,600,457,485,396,701,673,752,238,664,265,582,441,675,405,581,263
meta-llama/Llama-3.1-8B-Instruct,gptq,3-bit,Tamil,1234,56.97535236579498,2.4778036416820894,662.5236516777927,482.7162983500949,340.4260934834891,968.9085802134916,164.53850025236935,240.85946098984505,272.0903471671103,42.82057869044083,265.64571768286527,340.49823001724246,178.46322936319032,64.35755385071761,1292.100389721029,141.5034981294893,264.68934685635526,55.42702752571936,277.79313575793367,52.47529184412944,63.39342856548177,57.59825275989799,0,0,0,0,0,0,0,0,0,0,0,0,0,0,0,0,0,0,0,0,0,0
meta-llama/Llama-3.1-8B-Instruct,gptq,4-bit,Tamil,1234,46.72768771393706,2.3416324354398377,407.24215643234754,241.8239631849476,204.56666204084115,706.2383851292458,78.00847401927145,132.31129597256844,128.47315587368254,27.03536820377199,123.93353295303316,167.51410140919634,87.04738096637301,34.754270941992075,939.4026195647124,69.48787645896724,126.67386060626448,27.65378719278449,137.80954008921103,32.46765772915543,34.34313726323199,39.94746603180292,0,0,0,0,0,0,0,0,0,0,0,0,0,0,0,0,0,0,0,0,0,0
meta-llama/Llama-3.1-8B-Instruct,gptq,2-bit,Indonesian,1234,6123.151827172624,,25140.092058912574,18582.073969232883,10302.39264201049,23421.6145875604,21580.991528545583,19569.51342613063,22963.908466465982,2767.98411293317,18137.004913110595,14685.968158811052,29152.327883769005,15825.749422227143,28223.04003576699,21945.272654581237,16820.8683338617,14094.259233760777,27570.804802125047,3150.712799662183,19466.319054666703,36546.41022608952,4,1012,84,26,10,60,61,20,53,3,27,20,95,18,129,24,37,12,110,1,48,442
meta-llama/Llama-3.1-8B-Instruct,gptq,3-bit,Indonesian,1234,56.64327776397757,3.8132120438341417,561.5989119425404,349.9162645541952,260.2592796095148,863.3443208974497,147.41790104721596,232.7322893113999,246.26825115467517,32.11425374671129,198.31385211289273,247.578735715445,187.55822620696185,59.5366340203482,1326.3267171141745,135.4781180374324,194.98694548850992,48.82791254522565,267.4264041077299,39.28564628466831,54.52115063310693,62.209872792866975,0,0,0,0,0,0,0,0,0,0,0,0,0,0,0,0,0,0,0,0,0,0
meta-llama/Llama-3.1-8B-Instruct,gptq,4-bit,Indonesian,1234,46.34042124608141,2.45482055297691,366.52716175542395,233.05351915557267,191.37437536981815,716.4104779385068,75.41417139375174,126.6600242381394,119.54378134507613,25.609484084588683,116.8681872801092,156.27097149381564,86.74353782562288,33.706110593813825,983.6730401031076,66.22846296725727,117.41410840311794,26.853459105007765,134.74395045796422,30.65424625030855,33.0182605823189,40.11579798043282,0,0,0,0,0,0,0,0,1,0,1,0,1,0,0,0,0,0,0,1,1,0
meta-llama/Llama-3.1-8B-Instruct,gptq,2-bit,Swahili,1234,10477.869746754355,,32083.60669635,32167.49996643551,27199.080428718386,33412.00291790493,30990.36041465675,19944.852425156052,28945.4869956105,27130.168105774348,31957.910907220576,28734.867991846822,36320.49897872003,16441.221933293484,34212.49286784433,19112.44726433732,29836.589068594058,27977.11381387842,37208.60457998813,26408.39727118997,4066.321031965518,46577.70004589035,16,1012,196,207,102,206,163,31,104,140,183,146,227,14,246,29,145,120,296,103,3,803
meta-llama/Llama-3.1-8B-Instruct,gptq,3-bit,Swahili,1234,55.005955709213595,3.841755384659224,572.2952521599819,423.7036573900863,296.6540554174526,885.3819661180066,137.03709592183188,244.44187581907076,226.66588285605752,38.43052093508947,203.37043601788423,278.04181382664535,153.82977387555124,55.177181468259114,1303.8130053413677,125.92655498827646,225.292876707242,47.79714418215288,246.57715011016228,45.64664419660622,36.94105276658719,62.64082451174363,1,0,0,0,0,0,0,0,1,0,1,0,1,0,0,0,0,0,0,1,1,0
meta-llama/Llama-3.1-8B-Instruct,gptq,4-bit,Swahili,1234,46.679480726015946,2.4535624022755513,365.4641391765997,242.59291929198864,199.90195386976555,685.893430600194,77.03710088062817,125.25488821734604,124.575470896819,26.44312990472173,124.10011899948566,163.04304531253115,85.11385772196127,33.199918442029784,991.297474633162,65.08434258912706,123.7267015311235,27.126534449415793,136.32476842305908,31.415090496566062,31.212913472627665,40.41919153808404,0,0,0,0,0,0,0,0,1,0,1,0,1,0,0,0,0,0,0,1,1,0
meta-llama/Llama-3.1-8B-Instruct,gptq,2-bit,Chinese,1234,7680.062328978221,57354.93475550773,44546.82438708341,44104.54635012823,39390.28094184602,45036.31970262006,46113.31807766375,39488.35981652739,38995.24233299044,35602.00993113767,42435.37046933565,41317.63458951673,46795.96337374136,37256.95129603961,43170.17123176639,37444.81470734424,43116.54767362712,43304.61447593796,45760.33969449963,36523.659796265165,42876.66974127037,3135.019061483754,8,1006,604,577,419,571,644,330,372,351,551,529,642,290,580,240,525,512,719,361,570,0
meta-llama/Llama-3.1-8B-Instruct,gptq,3-bit,Chinese,1234,56.12769934485404,3.669906651380947,693.5923825669267,540.7897328120428,368.89329712865486,1010.0934735113142,190.34166139789832,298.08430148630384,389.06960445932754,45.4737410388893,295.06595927572323,388.2936185495237,221.14378721951152,67.29410167208907,1452.0917452441638,143.88708661372405,316.7551599263607,63.29784142243612,344.09532034468543,55.90775615896674,70.28902813590487,45.390109753535015,0,0,0,0,0,0,0,0,1,0,1,0,1,0,0,0,0,0,0,1,0,0
meta-llama/Llama-3.1-8B-Instruct,gptq,4-bit,Chinese,1234,46.69737940073949,2.436779902493995,402.2471198121041,256.4751977756324,215.30068671025944,716.6602600920194,81.01219338161071,130.4977905051827,135.7938825002997,27.02591199418865,126.86238754015258,175.1476447934465,90.34385555073212,35.26682491503747,1003.7876446020872,71.89039157963288,129.0251971126672,28.074147525494116,144.86362018887127,31.94601488900412,34.34264962591059,38.331823028050366,0,0,0,0,0,0,0,0,0,0,0,0,0,0,0,0,0,0,0,0,0,0
meta-llama/Llama-3.1-8B-Instruct,slimllm,2-bit,English,1234,1310.330377819445,13258750.47089376,50198.61515263579,58599.42531974799,47695.80277310856,44756.5920472019,55824.878451020915,33828.92362276699,46326.23472244171,90340.66650365356,50312.39196243218,53329.370583132186,54558.76676267823,26837.34160902988,33639.0011939967,18419.117762395068,50879.234090780286,44914.83682587058,66971.21278171625,88061.44127813634,48436.72616410772,11828255.262616524,0,0,0,0,0,0,0,0,0,0,0,0,0,0,0,0,0,0,0,0,0,0
meta-llama/Llama-3.1-8B-Instruct,slimllm,3-bit,English,1234,51.661761366548944,6.090120382720041,1088.8394018865383,907.3608977541968,608.9292947020599,1308.619487197542,363.8593933057299,444.336336402046,762.5205594011312,80.62498226175329,677.0410205738335,660.0512499824471,394.95283645450945,111.8562760387139,1826.7188505476545,253.42156679911628,650.5211261063637,143.83088721604457,664.1190805726548,105.81364082952868,140.04612886633308,107.69968375326611,0,0,0,0,0,0,0,0,0,0,0,0,0,0,0,0,0,0,0,0,0,0
meta-llama/Llama-3.1-8B-Instruct,slimllm,4-bit,English,1234,43.53246232601883,2.695015451825204,398.0184753072498,292.11112255732075,223.90626255318824,709.8171818866298,85.60992256462517,152.0250301580964,141.08431006173078,28.568593767331176,141.24384461674694,185.1903653010118,104.85018077433838,38.37930880786145,1019.6977929172684,80.49530599591559,141.19126164662984,30.410781337659664,147.24626033235708,33.398735755398754,36.902012251285534,41.52371434200523,0,0,0,0,0,0,0,0,0,0,0,0,0,0,0,0,0,0,0,0,0,0
meta-llama/Llama-3.1-8B-Instruct,slimllm,2-bit,Tamil,1234,6547.364588752019,5.138217755312099,31317.369811047596,28643.60472054587,20615.25668583807,24931.010442659484,24672.309374783916,17880.699047161237,22753.206192282916,28657.95780588389,28649.091539586912,23923.11642958258,21936.80278881255,8533.756870433404,27158.396216080193,11424.446497206422,27123.80228830552,19362.72903165639,30654.293423108084,29654.31784761239,14562.418099995286,67450.50212042508,0,0,0,0,0,0,0,0,0,0,0,0,0,0,0,0,0,0,0,0,0,0
meta-llama/Llama-3.1-8B-Instruct,slimllm,3-bit,Tamil,1234,20302.152824243483,349753.5370604016,83353.68194271524,96160.57623156677,87754.75336824416,70512.5562783178,84862.69425013973,53902.26328786236,54743.07905731592,147212.49065760945,96213.89537506016,85530.17208842473,68415.19540258187,49880.86317604438,74112.09924139763,38725.43231245299,86011.38503798106,78277.35554276367,109198.45796836508,140070.98602480674,82843.63261783544,896093.5354848884,0,0,0,0,0,0,0,0,0,0,0,0,0,0,0,0,0,0,0,0,0,0
meta-llama/Llama-3.1-8B-Instruct,slimllm,4-bit,Tamil,1234,52.83781222368168,3.0995701137846456,1033.3968620353933,980.0943402234134,598.0250867369801,1140.8097816065515,268.4025110758402,405.89589130168014,951.3845991863268,94.89573098503908,856.8382759827689,705.5488187424864,596.206178174243,70.8062779193353,1688.8540367705837,271.7832833710677,726.6647700659815,91.11266437986608,573.2176324593637,113.50378800999115,68.87385702978119,74.44845424299257,0,0,0,0,0,0,0,0,0,0,0,0,0,0,0,0,0,0,0,0,0,0
meta-llama/Llama-3.1-8B-Instruct,slimllm,2-bit,Indonesian,1234,24646.872946129828,2981071.9591295393,37598.36762815711,49560.37546394472,49263.75485125922,45453.70349977413,44909.8630578252,20864.505316754217,31592.215723709294,83638.050377727,50258.10912670658,46348.41139352818,43349.94958135243,33197.24902801801,43221.99487928042,31486.93876050747,41533.97126619389,36819.72793490095,49241.58532263493,78558.44602749152,33877.892534793005,1889791.9466534304,0,0,0,0,0,0,0,0,0,0,0,0,0,0,0,0,0,0,0,0,0,0
meta-llama/Llama-3.1-8B-Instruct,slimllm,3-bit,Indonesian,1234,52.60844924122413,4.954543582763,578.231456319114,415.45756201652216,294.49917685033137,773.9511752013138,194.1318690188385,247.35406720736356,390.6406411570591,33.43762627946794,267.96676054712907,290.29951498546666,225.21044823240928,80.8299075009324,1236.9358995853388,169.13833497037243,250.83411123292825,65.97559572139657,362.4532729625059,43.25794970659388,64.67723572873741,68.9011624809909,0,0,0,0,0,0,0,0,0,0,0,0,0,0,0,0,0,0,0,0,0,0
meta-llama/Llama-3.1-8B-Instruct,slimllm,4-bit,Indonesian,1234,44.63257897005219,2.73589934787694,417.1585644365042,273.91610228705747,221.01556366880135,705.7054449005577,100.37427463703906,199.25530821756564,224.56007937501704,26.986951676313392,138.24107284317475,184.04229821507917,99.703714916827,41.141917734519,1172.4651306908906,80.72561313626875,140.43431556302104,33.52399504124634,178.8207940742664,32.38626730268724,37.36070303096757,44.224801008881954,0,0,0,0,0,0,0,0,0,0,0,0,0,0,0,0,0,0,0,0,0,0
meta-llama/Llama-3.1-8B-Instruct,slimllm,2-bit,Swahili,1234,47030.84586567484,591896.0032811111,81903.88524537346,121827.60225086968,98543.65426137186,112953.22406726926,82394.28824798315,40130.22510547916,75289.5227398663,125363.48887580636,102078.4563420018,100163.39816589074,83568.82970395367,40360.325618144736,87809.20874295435,46736.910847327235,86922.56840162093,62649.87470102341,86041.00814764287,118511.84518439091,67971.3863944888,3922541.7175676464,0,0,0,0,0,0,0,0,0,0,0,0,0,0,0,0,0,0,0,0,0,0
meta-llama/Llama-3.1-8B-Instruct,slimllm,3-bit,Swahili,1234,82.70567979098402,8.43895935782397,1279.848674392069,1361.7011938802395,857.8586450387421,1420.489206807573,529.7411567889799,511.8847628042443,1101.6797482382235,237.44908559539363,1259.3253632678734,1026.8487875041026,654.7304408202951,135.5603670291266,1861.9603492859144,411.3984658151955,1120.9880296139631,204.19355652085855,1084.4038995586811,272.8698633616918,127.09771073289076,493.79021871499526,0,0,0,0,0,0,0,0,0,0,0,0,0,0,0,0,0,0,0,0,0,0
meta-llama/Llama-3.1-8B-Instruct,slimllm,4-bit,Swahili,1234,45.42345037685307,2.699435227969377,439.42026352884386,326.52180542802205,242.2839969378165,708.4415628564125,105.62525897388446,159.84841459017167,237.0281648681961,28.200669966248572,154.92173407755712,205.1309842921353,102.71073605005144,38.48180336746045,1148.188853427455,77.84838813142217,151.1545135758026,33.8267071798914,189.08430871299737,33.867518076300215,32.886215376682216,46.2964419642405,0,0,0,0,0,0,0,0,0,0,0,0,0,0,0,0,0,0,0,0,0,0
meta-llama/Llama-3.1-8B-Instruct,slimllm,2-bit,Chinese,1234,6997.865099308116,212825.01218332505,27687.74938163854,35261.803540703324,27063.45573557791,32022.45198393315,36678.78606782027,29706.922844690904,29372.20010942965,54669.471081432515,33145.970658457176,33147.79717823225,42541.05992239059,27319.2748009426,25576.887755660053,30007.52085266477,31662.530137534817,29269.295841550276,51161.1978142778,54287.16618759142,20333.921388648538,2407.566671346078,0,0,0,0,0,0,0,0,0,0,0,0,0,0,0,0,0,0,0,0,0,0
meta-llama/Llama-3.1-8B-Instruct,slimllm,3-bit,Chinese,1234,55.08159134650224,3.885786378299543,811.5436269314761,656.4673950271049,443.70464066129176,1002.4274269150272,297.6102624518747,408.5122158514669,741.4432056283356,52.09411335754607,441.8555026004515,501.5754618817652,314.34533140903505,76.84837001673199,1691.202341199966,211.95915759441425,404.4147834527307,92.71052849523956,606.2181382839617,63.14265624392118,79.511095996154,44.49697064147745,0,0,0,0,0,0,0,0,0,0,0,0,0,0,0,0,0,0,0,0,0,0
meta-llama/Llama-3.1-8B-Instruct,slimllm,4-bit,Chinese,1234,44.928033645588584,2.5552773600594825,428.6213380361893,290.71481628414057,222.66009192676137,726.433870008999,87.8408064964913,157.44974143158072,179.86627513809196,27.777874080855504,148.66536960101777,199.187965488017,104.03229848518392,37.80046065929157,1059.638700022441,79.45144229476686,152.27432311136957,31.487537784765035,166.1143986060333,33.15705916447404,35.678429386455306,38.10782671966255,0,0,0,0,0,0,0,0,0,0,0,0,0,0,0,0,0,0,0,0,0,0
meta-llama/Llama-3.1-8B-Instruct,tacq,2-bit,English,1234,71.30514576347686,98.90695067150229,1412.2320577313408,1476.9276111028328,974.981238843471,1547.0517879619297,716.9835496307564,750.9831846670751,1184.9642308889474,409.7376236391584,1308.6157744054906,1087.0719200151975,1302.717173574213,260.1140225214221,2074.725249963038,590.2353740447544,1165.346418213727,382.555985624024,1333.459868005716,474.4408083498066,422.77928083465423,698.2557328838361,0,0,0,0,0,0,0,0,0,0,0,0,0,0,0,0,0,0,0,0,0,0
meta-llama/Llama-3.1-8B-Instruct,tacq,3-bit,English,1234,48.270659212199014,4.269030256185485,649.0221519135777,417.1355256164655,305.27716781948436,886.7210419961996,136.4795088470872,234.31992334361584,270.38380801399853,39.77258686993195,262.030936636192,303.7051173928094,157.23603256765526,55.356674889405085,1170.1217007809694,124.57407971067104,257.52806670227085,50.34568279061833,238.46606314370675,48.26647380156147,56.28301714806396,57.113640995805795,0,0,0,0,0,0,0,0,0,0,0,0,0,0,0,0,0,0,0,0,0,0
meta-llama/Llama-3.1-8B-Instruct,tacq,4-bit,English,1234,45.53529489054378,2.5038887851043174,403.99055951026537,259.66433434920106,208.3525205041926,713.7010166055113,78.86640769831568,140.7206081327232,131.89185777916268,27.187312402966175,140.6623160003708,179.35684197891007,86.26716582360181,34.57098922601412,983.9459884437842,70.5163847703522,132.2713377836933,27.885285745913873,135.98966478446428,32.049327078015,34.45639204144634,40.11978034651646,0,0,0,0,0,0,0,0,0,0,0,0,0,0,0,0,0,0,0,0,0,0
meta-llama/Llama-3.1-8B-Instruct,tacq,2-bit,Tamil,1234,123.01588474541155,2.7908480670739975,1103.5400980151494,1079.1240769081562,732.5167140675155,1177.0271788355346,519.5809259424411,538.9399571414104,891.0357832092157,254.872068295526,908.2893098273304,887.0098185676497,760.7980406958161,175.85048567936943,1724.6265724348866,421.3699605540805,857.7463485190741,292.21654953864555,927.7567641669788,284.35219281752046,329.5926907195779,276.4184159551415,0,0,0,0,0,0,0,0,0,0,0,0,0,0,0,0,0,0,0,0,0,0
meta-llama/Llama-3.1-8B-Instruct,tacq,3-bit,Tamil,1234,50.73238755469208,2.430107190237954,519.366228424913,336.9143634844004,268.70551474683424,795.5329836108804,119.3786210321054,199.40477956453043,223.6570203004113,35.06217765232834,198.39834910300615,241.25357396097425,150.86688243811696,49.415065755386465,1224.5715046304074,109.69495571762822,192.31488221526232,42.72024968484936,219.53845330976105,42.82782522515604,46.87813883424103,48.481813848297634,0,0,0,0,0,0,0,0,0,0,0,0,0,0,0,0,0,0,0,0,0,0
meta-llama/Llama-3.1-8B-Instruct,tacq,4-bit,Tamil,1234,46.511977618498115,2.3455414316648096,390.82785515075534,259.0787451907365,206.2035726637946,705.9198195164314,77.44372186698256,135.41247970733846,135.15756307984134,27.168394874213863,129.43400203806254,165.4192494759581,86.74213794052596,33.95022864397263,1021.1775708285286,68.50153843109601,126.40576308587816,27.48600561920147,138.07506190414855,32.06477794377141,33.305475964575,39.193254539378785,0,0,0,0,0,0,0,0,0,0,0,0,0,0,0,0,0,0,0,0,0,0
meta-llama/Llama-3.1-8B-Instruct,tacq,2-bit,Indonesian,1234,94.74434478012677,11.29038307945061,700.0318156836621,582.9787033424996,352.9472578913874,875.7355192992519,442.9444299285022,482.1088309574104,785.8219741258965,48.68202871158567,434.7298466993157,417.3341030800246,923.377456212251,174.91782784063616,1531.975480896752,402.73641242932104,396.4944768117916,199.44716421280825,744.1554537158945,63.85139619238488,208.36690853583107,381.7390750285579,0,0,0,0,0,0,0,0,0,0,0,0,0,0,0,0,0,0,0,0,0,0
meta-llama/Llama-3.1-8B-Instruct,tacq,3-bit,Indonesian,1234,50.05146856026269,3.4630903395044537,461.6600782039513,299.1576162169077,230.4450780601476,714.6151062136885,110.36283091789367,194.90929095938276,214.4888437839504,28.61815854929057,159.7500827036831,203.29644339113364,138.47584049887308,47.590502116869224,1038.924843734534,109.24508663363407,158.62382171186334,36.90310433945778,190.49027796743275,35.50745394664081,43.46395323658671,52.05096429618459,0,0,0,0,0,0,0,0,0,0,0,0,0,0,0,0,0,0,0,0,0,0
meta-llama/Llama-3.1-8B-Instruct,tacq,4-bit,Indonesian,1234,46.84913874866605,2.4577764027271214,386.607422850293,248.8791261224895,197.68909819538015,702.2871261553155,78.35075023850652,145.05998057705,136.43613115228655,25.944766203782983,123.70787479819543,166.50286602727428,86.9632032617975,33.872133854404915,988.9699527166472,69.88674622666261,124.22573774057688,26.917508308304768,142.16758913559613,30.847001696719477,32.88207412459745,40.22206302059239,0,0,0,0,0,0,0,0,0,0,0,0,0,0,0,0,0,0,0,0,0,0
meta-llama/Llama-3.1-8B-Instruct,tacq,2-bit,Swahili,1234,108.39643652327467,15.895495700082238,945.7911142128556,868.3848090951672,543.0039859841554,1019.6945554115952,387.9829375935525,433.1797358623704,693.3242260201334,135.91288843693297,696.5875545220742,666.7382757329781,518.2017325269538,125.0806001861149,1522.896581584171,270.29070497440296,670.5721111364861,153.02254270179006,670.2456201617862,149.59140537263409,43.17017923914528,1156.817652609397,0,0,0,0,0,0,0,0,0,0,0,0,0,0,0,0,0,0,0,0,0,0
meta-llama/Llama-3.1-8B-Instruct,tacq,3-bit,Swahili,1234,51.24193295030372,3.554055983496906,517.2844586878264,367.72769727852034,265.8889325648391,764.0228900940759,118.7770258672433,194.2459481033902,224.91559458116689,34.72114688674486,207.89312181031045,249.45461685785384,130.18706259110854,45.05405202796763,1147.2752751027456,98.74229767761295,200.85591528386024,38.71917371266021,217.78771330070632,41.40382621156155,34.76547563857116,56.75686132004963,0,0,0,0,0,0,0,0,0,0,0,0,0,0,0,0,0,0,0,0,0,0
meta-llama/Llama-3.1-8B-Instruct,tacq,4-bit,Swahili,1234,46.16600269653527,2.4603962734256233,367.9194677414533,241.917764099694,200.8208728378226,677.6988765789148,75.80441188782729,136.76141967756982,121.6753724691908,26.50111818574857,122.70584382678386,167.32854873215976,84.92753882906993,34.00844312530883,962.9339385868848,67.69997230344678,120.63940080413782,26.70654863108147,136.61800699091827,31.870686423928724,30.807822913419884,39.940934854364144,0,0,0,0,0,0,0,0,0,0,0,0,0,0,0,0,0,0,0,0,0,0
meta-llama/Llama-3.1-8B-Instruct,tacq,2-bit,Chinese,1234,110.839197487821,8.777215682377717,1501.1050951409668,1616.3871869867,1070.789742918859,1588.7822900918154,792.4036797744025,631.4855746450149,1163.63644026796,481.66613842844225,1440.353593243491,1198.0507459375283,1326.7433713168684,226.13940570297223,2134.91992869306,554.2334164110206,1301.8856143074777,446.36418213545426,1375.5956836366026,530.4462280216077,469.1486610057474,68.7920800131497,0,0,0,0,0,0,0,0,0,0,0,0,0,0,0,0,0,0,0,0,0,0
meta-llama/Llama-3.1-8B-Instruct,tacq,3-bit,Chinese,1234,50.02781890259474,3.12337323422898,547.4642834170461,409.22750246527727,286.7351771325789,787.7114486629833,137.00148011243076,218.94861385261743,252.7292267427874,35.462255073342725,241.5889945680688,275.9864643893271,169.30019058828066,53.44005064458833,1147.4326975779295,123.35038457745212,227.28128494441412,47.58818336243973,239.34634786522497,42.824175987005354,50.86852359950654,41.2773219795379,0,0,0,0,0,0,0,0,0,0,0,0,0,0,0,0,0,0,0,0,0,0
meta-llama/Llama-3.1-8B-Instruct,tacq,4-bit,Chinese,1234,45.672605370840046,2.424910467775902,397.3126018053648,261.86349941726263,208.4396318080646,697.5986676499765,82.09443032167229,137.6947332471091,136.54366915921293,27.072293136927307,138.82516959687902,177.81125966912936,88.78953163908476,35.08123550720539,991.1810997465232,72.61070600011168,130.7558129470135,27.56704552655859,144.14842523582118,32.119722834123834,33.288619429788014,37.42432248740194,0,0,0,0,0,0,0,0,0,0,0,0,0,0,0,0,0,0,0,0,0,0
