Base Model,Quantization Technique,Bit Width,Calibration Language,Random Seed,eng_Latn,tam_Taml,ind_Latn,swh_Latn,bod_Tibt,dzo_Tibt,kac_Latn,lus_Latn,mni_Beng,mya_Mymr,yue_Hant,cmn_Hans,eng_Latn_nancount,tam_Taml_nancount,ind_Latn_nancount,swh_Latn_nancount,bod_Tibt_nancount,dzo_Tibt_nancount,kac_Latn_nancount,lus_Latn_nancount,mni_Beng_nancount,mya_Mymr_nancount,yue_Hant_nancount,cmn_Hans_nancount
Qwen/Qwen3-8B,Unquantized,32-bit,Unquantized,1234,33.42869779663646,2.7416050389620468,16.69900768379095,64.53464526103139,4.524315105598505,5.759527046191064,364.7808960249768,330.11834111229047,16.789392011845027,2.3217866856100606,59.96218970609658,46.980805774463015,0,0,0,0,0,0,0,0,0,0,0,0
Qwen/Qwen3-8B,gptq,2-bit,English,1234,13062.876244178611,48256.10548482944,39854.46393039143,38231.523294803,49586.14450850351,51834.873392806825,33157.67002458208,34603.917180110024,36922.49997063522,55538.90547561898,42128.5074029451,34286.23652790619,319,984,939,882,950,990,669,717,717,983,1010,998
Qwen/Qwen3-8B,gptq,3-bit,English,1234,40.188511508698525,4.329966014482671,24.304463874060193,160.4175190088491,6.356205235705665,7.541024649572562,428.7719873729323,512.7387095777399,18.41149592251109,3.58060989629073,95.20331022592244,62.90124860133694,0,0,0,0,0,0,0,0,0,0,0,0
Qwen/Qwen3-8B,gptq,4-bit,English,1234,38.63377253787829,2.9031441093781605,18.795383083015633,81.5190270910736,4.776853536422277,5.917848168510363,394.9841709688851,370.94840596870904,16.7552145850757,2.4811765636249343,68.83809663884848,54.47198774405447,0,0,0,0,0,0,0,0,0,0,0,0
Qwen/Qwen3-8B,gptq,2-bit,Tamil,1234,45011.90015069094,8.059500068367093,48568.139986421265,,1277.026255152162,1232.59848020539,43689.55195486325,52032.00000000001,214.8661263849786,525.9548870366133,53381.917774597554,51742.18947582705,1008,0,1003,1012,0,0,1009,1011,0,0,1009,1009
Qwen/Qwen3-8B,gptq,3-bit,Tamil,1234,42.01276040614906,2.919523189827532,22.620577787849335,144.2631959091692,5.538398985549602,7.010948919560646,479.8668072051379,504.6339620736809,17.550232785538455,2.879957498065702,95.7605002016386,62.47537720471884,0,0,0,0,0,0,0,0,0,0,0,0
Qwen/Qwen3-8B,gptq,4-bit,Tamil,1234,36.874922404755154,2.789351581576123,18.04538708509607,80.63950870154706,4.739129613971137,5.954844434585091,394.3888689541504,384.74836247254336,17.720744948515858,2.4017023042425523,68.00947290189126,52.04763568643273,0,0,0,0,0,0,0,0,0,0,0,0
Qwen/Qwen3-8B,gptq,2-bit,Indonesian,1234,33757.6347110466,27336.007203959947,1292.5707397003864,31265.34602617558,22634.95516430671,21837.521821949544,20776.3100781642,27899.196187971524,3141.1258731420135,9969.234316327607,37767.22472502563,44669.35199474621,916,257,9,650,107,98,320,512,2,5,1009,1006
Qwen/Qwen3-8B,gptq,3-bit,Indonesian,1234,42.38549443286019,3.915570084781495,19.171945899648552,143.3578203718125,6.494277325425669,8.010656294591241,443.26508568211455,493.8080558485446,18.662616890528213,3.3709197168591696,95.23439250420375,62.97257579744268,0,0,0,0,0,0,0,0,0,0,0,0
Qwen/Qwen3-8B,gptq,4-bit,Indonesian,1234,36.30748240228997,2.869461655249416,17.537566302499595,75.50306730936799,4.739002494401372,6.004303933803644,386.7994325763883,377.01218753702625,17.243207435183308,2.409370484960384,66.27154522657612,52.100442844564874,0,0,0,0,0,0,0,0,0,0,0,0
Qwen/Qwen3-8B,gptq,2-bit,Swahili,1234,43340.99644682806,37753.455877870045,39555.25012897737,1309.6525345895232,27702.574596856157,29094.145812281964,16276.228491254078,28505.11719304802,13222.17596427276,55322.26294827255,59424.00000000005,,1004,679,925,16,237,214,245,576,116,976,1011,1012
Qwen/Qwen3-8B,gptq,3-bit,Swahili,1234,44.7868655144495,3.771811375692601,22.734895653593014,79.9850898216555,5.951337242570193,7.325863466709754,450.3805442730865,470.7892595583405,19.29175337829204,3.215731995817602,98.35833598909468,66.24926590137403,0,0,0,0,0,0,0,0,0,0,0,0
Qwen/Qwen3-8B,gptq,4-bit,Swahili,1234,36.7826059110819,2.8621919820749,18.727564991763867,71.5224931252781,4.656656290560205,5.6841207256534885,404.15162107162627,381.7542163669968,17.236564172167213,2.4215982333883344,66.74506541347685,52.98490424001635,0,0,0,0,0,0,0,0,0,0,0,0
Qwen/Qwen3-8B,gptq,2-bit,Chinese,1234,31539.28935596854,20653.920898784057,33869.505356545866,36808.23721384521,17976.334817506802,14095.680284319344,34684.53044238449,36256.02053658208,15859.762739570271,12363.898791730824,28641.850710334387,19548.10577563764,857,143,932,854,50,17,721,786,99,17,698,559
Qwen/Qwen3-8B,gptq,3-bit,Chinese,1234,40.86535137986994,4.132577114574062,24.873792937283397,151.0408219495891,6.272252522139904,7.747098553894118,449.14920371769534,517.431333837328,18.635594214878218,3.4806574470054517,81.90455501938906,56.09875378770698,0,0,0,0,0,0,0,0,0,0,0,0
Qwen/Qwen3-8B,gptq,4-bit,Chinese,1234,36.7910051844728,2.9218138424187035,17.943838145445774,78.50109516814331,4.609834878902158,5.76657133990513,399.7919180363289,376.8522627289306,17.0687253567156,2.4616273750211617,65.60573992362113,52.133660525483464,0,0,0,0,0,0,0,0,0,0,0,0
Qwen/Qwen3-8B,slimllm,2-bit,English,1234,136.42133324109142,7868.718125583641,2487.6444767258004,7155.155728330213,1415.8360967826145,1436.3522766931574,2866.7997490189905,3764.929557434345,19927.52350744817,18424.056978274308,511826.5843699361,1018849.4256141403,0,0,0,0,0,0,0,0,0,0,0,0
Qwen/Qwen3-8B,slimllm,3-bit,English,1234,37.99688059550058,5.016176848088825,26.602902956456948,168.9902512101581,7.12510651658596,8.509573016060592,492.4825731837126,593.8135737207372,19.44231025683934,4.434503730618144,98.25272487186284,62.76631434224415,0,0,0,0,0,0,0,0,0,0,0,0
Qwen/Qwen3-8B,slimllm,4-bit,English,1234,34.26049753807352,2.9580739068662836,17.888351357641866,79.74317293752884,4.7395816733846265,5.932894625148151,396.68623326972977,372.5697053442885,16.964036970124447,2.520515816809359,66.1678304662437,49.54453988752638,0,0,0,0,0,0,0,0,0,0,0,0
Qwen/Qwen3-8B,slimllm,2-bit,Tamil,1234,9540.97626842516,4.296939557556912,8528.090849291808,6611.650597475295,24.79665709857787,24.750239344311485,3035.4265593451787,5691.121663216095,23.05550860042987,13.23497937378562,152242.88239390624,92242.3284999782,0,0,0,0,0,0,0,0,0,0,0,0
Qwen/Qwen3-8B,slimllm,3-bit,Tamil,1234,44.63405853598474,2.900773949106872,23.03524789974803,135.08245078652956,5.44176978710993,6.832639270299879,505.3175604689526,535.2236598387748,18.25287981394328,2.8426317288229077,82.59781591239992,62.115039419691904,0,0,0,0,0,0,0,0,0,0,0,0
Qwen/Qwen3-8B,slimllm,4-bit,Tamil,1234,36.234922243486274,2.7768215261847855,18.0978997937216,78.92870637314043,4.621041434492292,5.718780183785661,390.91930555697655,367.13845107591106,17.166518930421425,2.407560710949995,66.23797317361895,50.70813658509969,0,0,0,0,0,0,0,0,0,0,0,0
Qwen/Qwen3-8B,slimllm,2-bit,Indonesian,1234,1875.6211876537789,27736.05120290473,213.78650585655905,4277.16331359407,1031.6163028639298,1163.1463446059863,3405.450864308704,5503.768872158936,20996.19090741144,26143.96192389006,3150957.4363677716,603631.5192775716,0,0,0,0,0,0,0,0,0,0,0,0
Qwen/Qwen3-8B,slimllm,3-bit,Indonesian,1234,40.97976053677497,3.987144554270198,18.93958542582823,135.63880734264598,6.553495343986731,7.870943036909781,465.2593972027504,502.0312271621244,17.8485901520015,3.4762162512151735,96.96785066096726,63.99228798231387,0,0,0,0,0,0,0,0,0,0,0,0
Qwen/Qwen3-8B,slimllm,4-bit,Indonesian,1234,34.63364390357048,2.891498495532571,17.211146427348073,77.37940643739049,4.645777640865968,5.728740053505788,384.4813718498753,361.11678405588145,17.279355921993467,2.450749708988082,69.60928650809835,49.841061913184795,0,0,0,0,0,0,0,0,0,0,0,0
Qwen/Qwen3-8B,slimllm,2-bit,Swahili,1234,1295.6478871847648,1297.831133642902,734.7904964034766,755.8347877573307,316.9292415839194,352.4419866963345,1140.396850818551,1742.9116247554505,11910.063396561978,415.9724688543708,187078.83252016784,203061.65036763428,0,0,0,0,0,0,0,0,0,0,0,0
Qwen/Qwen3-8B,slimllm,3-bit,Swahili,1234,45.25536722245558,4.003746574948249,22.944875872841305,74.91642405453797,5.7352414932270355,6.845092864028892,428.7174967806024,485.19946818680944,16.719665000377244,3.635124709097527,113.40321354193044,68.85531712476093,0,0,0,0,0,0,0,0,0,0,0,0
Qwen/Qwen3-8B,slimllm,4-bit,Swahili,1234,34.731502649891816,2.901018056145293,17.629106620996673,63.98431315614516,4.843528151647982,5.863219581773101,378.40127905558074,338.54950025001546,16.937380551993133,2.4556846690856298,65.46791227823861,49.63811238091433,0,0,0,0,0,0,0,0,0,0,0,0
Qwen/Qwen3-8B,slimllm,2-bit,Chinese,1234,4070.391396172054,6230.997726404883,17901.847298242043,14441.185177558322,74.56397858028971,70.7042756533636,6515.298185348811,7546.551199468851,19734.226323437317,21593.09451506202,3670.136619729673,296.78703265712124,0,0,0,0,0,0,0,0,0,0,0,0
Qwen/Qwen3-8B,slimllm,3-bit,Chinese,1234,44.25240759960642,4.236144197464472,26.923225775353018,168.42761665887866,6.043215630546753,7.030892765131588,474.2300680946313,588.5708638274511,21.296746118514328,3.786954364762952,80.16439869015353,54.44892800519031,0,0,0,0,0,0,0,0,0,0,0,0
Qwen/Qwen3-8B,slimllm,4-bit,Chinese,1234,35.165067904624784,2.918108808024613,18.043826896466665,78.80057727981894,4.972844891107516,6.225697673124275,387.4970398937581,375.28198498779074,16.35284202676877,2.4905445139842906,62.90198393382025,47.49619236241774,0,0,0,0,0,0,0,0,0,0,0,0
Qwen/Qwen3-8B,tacq,2-bit,English,1234,44.433395447277995,14.577590247018955,118.64651418890892,391.55455389931456,17.867033172456676,16.50169232776408,467.6739860994216,692.0048687382655,24.494985564184542,15.97494138677922,673.1119466715403,143.96306968977314,0,0,0,0,0,0,0,0,0,0,0,0
Qwen/Qwen3-8B,tacq,3-bit,English,1234,34.71000196637057,3.851372880707081,21.065717516091933,117.19922775157184,5.946992147652146,7.334515121468416,403.68038413250497,418.0045772908749,17.071388290984252,3.3065491893996595,79.74118344864107,53.50473655318566,0,0,0,0,0,0,0,0,0,0,0,0
Qwen/Qwen3-8B,tacq,4-bit,English,1234,34.14786620543491,2.8703306108388182,17.424551550809138,74.33560103619857,4.779210777102112,5.894650770884202,367.872645762534,346.90969282828024,17.13987109537418,2.476217294738882,64.5985912938526,48.76352348444983,0,0,0,0,0,0,0,0,0,0,0,0
Qwen/Qwen3-8B,tacq,2-bit,Tamil,1234,63.75770038177639,3.077032400576856,92.5156471069371,636.8126350983023,7.673450744065337,8.128380490391308,537.8993104751121,828.4636348139,16.482421806599636,4.412315617196362,241.44372139178589,118.76359073510078,0,0,0,0,0,0,0,0,0,0,0,0
Qwen/Qwen3-8B,tacq,3-bit,Tamil,1234,38.87641164454056,2.7863205169422254,19.32588747425394,106.37671205975325,4.927572570874667,6.15183158595728,399.71607959644143,413.4478915386512,16.384484026816338,2.541178707740671,72.28599253138069,54.06093638562509,0,0,0,0,0,0,0,0,0,0,0,0
Qwen/Qwen3-8B,tacq,4-bit,Tamil,1234,34.711885279714835,2.7588628727212248,17.336806235613246,73.35113078879829,4.675117093616703,5.903412067483897,366.1615830811584,341.58694160088424,16.606840330058763,2.372811438994243,62.634143107142116,48.55678303623122,0,0,0,0,0,0,0,0,0,0,0,0
Qwen/Qwen3-8B,tacq,2-bit,Indonesian,1234,51.81595304662957,11.100247869754718,21.58457871856061,233.38270122549133,18.55548872107946,17.051928825980923,437.8986428664195,618.5156094379696,19.485045138437073,20.15247359354421,382.10101978638374,120.66615858362586,0,0,0,0,0,0,0,0,0,0,0,0
Qwen/Qwen3-8B,tacq,3-bit,Indonesian,1234,36.94602476929229,3.4506433531196534,17.499578886805082,102.48438721079468,5.45946492245052,6.886320529394388,409.183507030551,417.2221784383199,16.16596710819255,3.0388910784860568,80.44343069866933,54.49298709249447,0,0,0,0,0,0,0,0,0,0,0,0
Qwen/Qwen3-8B,tacq,4-bit,Indonesian,1234,35.19959948318133,2.8782140234865494,16.914091447387428,73.971753442491,4.719656434109794,5.8552648517329615,376.71226954591503,359.9983790862815,17.026297299602856,2.4145932504884016,65.84254377593547,48.98535116077212,0,0,0,0,0,0,0,0,0,0,0,0
Qwen/Qwen3-8B,tacq,2-bit,Swahili,1234,65.67543691473466,9.82957286166951,44.39996892224965,68.73769606135602,32.4247258222039,30.797744786182207,405.91653382578266,529.6048167549732,17.95220819734804,63.553478716965785,534.8857890732432,189.9219302090219,0,0,0,0,0,0,0,0,0,0,0,0
Qwen/Qwen3-8B,tacq,3-bit,Swahili,1234,37.239785457276334,3.283538191105564,19.18807320554388,66.06498211788154,5.251353726495474,6.497597594451156,378.9484233427142,370.4926285373401,15.928102654226684,2.8155088902052547,76.64133320643327,53.378040343090554,0,0,0,0,0,0,0,0,0,0,0,0
Qwen/Qwen3-8B,tacq,4-bit,Swahili,1234,34.439505455526785,2.856955970571648,17.086450847287754,64.98479367432465,4.779466258150474,6.0423592491086495,366.0304055805046,342.17902379789405,16.95731684873806,2.4279305319821227,64.50242509044243,48.547595277331695,0,0,0,0,0,0,0,0,0,0,0,0
Qwen/Qwen3-8B,tacq,2-bit,Chinese,1234,60.22340609418394,11.664860950377186,135.1630713898736,351.5301848037403,14.332216717937053,14.600076833523003,490.1370443870227,716.9421036623488,20.472163946874204,1040.0650376816882,177.0281350366062,62.5364722942101,0,0,0,0,0,0,0,0,0,0,0,0
Qwen/Qwen3-8B,tacq,3-bit,Chinese,1234,36.93986125552891,3.656486823056918,21.255791442176797,117.44766444695392,6.1402582255057965,7.636737417877442,396.23221596464987,425.74256579853994,17.115732461707154,3.2567289654652827,68.67903567293833,48.25663455926021,0,0,0,0,0,0,0,0,0,0,0,0
Qwen/Qwen3-8B,tacq,4-bit,Chinese,1234,34.21886741877833,2.9067392526734235,17.52853843219078,73.93901699076459,4.724648446894072,5.9256284979884,373.08268407966807,366.7197491018011,17.038328037741692,2.4542685733613916,62.083695606656434,47.282614350761946,0,0,0,0,0,0,0,0,0,0,0,0
CohereLabs/aya-expanse-8b,Unquantized,32-bit,Unquantized,1234,53.75491287097983,3.7983340424873626,92.36325019157783,347.2452941767379,5.420621669730239,6.03766902198131,1106.3014833590564,1349.8669719798747,32.22032814643827,5.94212999521491,137.95986896398628,112.08422832375084,0,0,0,0,0,0,0,0,0,0,0,0
CohereLabs/aya-expanse-8b,gptq,2-bit,English,1234,235.5280996643303,29179.092456570044,7146.061890917574,21486.634404614393,11489.26729669984,11858.25009625338,13661.109853593582,18174.77061015839,24837.135708313283,26881.29777121738,31008.531932979902,21098.267208628356,0,59,32,55,5,2,6,25,58,47,509,240
CohereLabs/aya-expanse-8b,gptq,3-bit,English,1234,55.71695519826462,5.489648118847672,122.9007715726655,701.9440218279792,7.616550672731757,7.945471085673133,1254.5142770926186,1796.0277227605227,32.905968260491115,8.114124263827899,232.815002058491,170.1082195879009,0,0,0,0,0,0,0,0,0,0,0,0
CohereLabs/aya-expanse-8b,gptq,4-bit,English,1234,50.81587572611387,3.947912843975545,89.97813298135117,401.7707276043198,5.7625742757117075,6.327853787911204,1148.2316674857095,1438.1354953664609,32.08860782212109,6.130204952087678,143.14484095998426,113.31203747484136,0,0,0,0,0,0,0,0,0,0,0,0
CohereLabs/aya-expanse-8b,gptq,2-bit,Tamil,1234,831.145208860771,6.779198137739801,6538.64580821011,21859.037272497037,679.5936772719789,750.068033621567,13858.665490929508,17863.458306372482,86.7272110427535,169.1365395708776,20308.088083689792,11035.168408974932,0,0,15,84,0,5,7,17,0,0,117,39
CohereLabs/aya-expanse-8b,gptq,3-bit,Tamil,1234,59.99613069584962,3.942702935283208,170.2862854123423,866.6806808261634,11.864040042132942,13.57210744107702,1557.89479490859,2184.11548636102,30.17377874081921,7.59474461238189,311.41117196865935,262.4745228052927,0,0,0,0,0,0,0,0,0,0,0,0
CohereLabs/aya-expanse-8b,gptq,4-bit,Tamil,1234,51.35584423315142,3.79685085652883,90.78424435589244,373.873691301389,5.702354587644892,6.314640933462276,1042.8221647871555,1290.281469071585,31.766927550107575,6.023975819213045,139.7292688810441,112.28023179953176,0,0,0,0,0,0,0,0,0,0,0,0
CohereLabs/aya-expanse-8b,gptq,2-bit,Indonesian,1234,525.7959814829851,5129.666587920575,563.1372166284996,15819.122888546435,4129.205610130365,4349.556389174249,9986.995510573226,14880.552315161574,2704.981757384098,2459.63803252216,22936.715014201633,10036.43879252835,0,0,0,22,0,0,3,10,0,0,147,35
CohereLabs/aya-expanse-8b,gptq,3-bit,Indonesian,1234,58.33115270090411,4.941318377413541,100.9526209786838,601.327531947562,7.696858013442363,8.092479620047698,1460.2037900630028,1990.299502050277,32.33782235896017,7.877538129720957,199.76363449618864,151.64407023590647,0,0,0,0,0,0,0,0,0,0,0,0
CohereLabs/aya-expanse-8b,gptq,4-bit,Indonesian,1234,52.13795325694668,3.9773421895874663,90.5358520402782,365.3511067084535,5.701775812847433,6.261106132548637,1048.8415081926846,1373.7274526339372,32.446479214595705,6.15186518419802,141.31897106118285,113.16849690168593,0,0,0,0,0,0,0,0,0,0,0,0
CohereLabs/aya-expanse-8b,gptq,2-bit,Swahili,1234,724.2960030826857,1890.9888212589913,4170.777295099806,1546.3973292699843,3004.21765142809,2470.246630773445,4799.169547612828,8692.746989809812,627.4267443837841,2356.675954708297,21426.310365008612,13156.622437175069,0,0,14,1,0,0,2,1,0,0,112,76
CohereLabs/aya-expanse-8b,gptq,3-bit,Swahili,1234,56.8820363943001,4.902820723876676,109.5047516918972,386.51089337452976,6.520539378499212,6.994261757705946,1182.3487938850712,1534.716412134418,32.84562130565602,7.596937410451357,213.95377275003628,153.62622777521628,0,0,0,0,0,0,0,0,0,0,0,0
CohereLabs/aya-expanse-8b,gptq,4-bit,Swahili,1234,50.55680554636828,3.9005419293931025,89.2797399615875,352.4210073126903,5.6391271428052425,6.283785139113096,1086.014535007983,1366.4958584011083,31.229700409295845,6.146479717886158,142.98997259187843,112.10541202070128,0,0,0,0,0,0,0,0,0,0,0,0
CohereLabs/aya-expanse-8b,gptq,2-bit,Chinese,1234,908.806486078912,3844.228300775372,5362.628130482599,17568.374956168915,5198.08515356959,4652.666046315823,12229.458420566114,16628.708011982566,3228.218389701733,13252.541162560852,5259.420124565879,1019.2857077745504,0,0,6,27,0,0,5,18,0,2,4,0
CohereLabs/aya-expanse-8b,gptq,3-bit,Chinese,1234,56.4906538469756,5.048184786189928,108.3845929104977,628.5675488884557,6.914685217078403,7.365875274032358,1290.7424049193237,1857.927655965697,35.16512622641813,7.883999958408531,167.37898647442918,124.03065873325782,0,0,0,0,0,0,0,0,0,0,0,0
CohereLabs/aya-expanse-8b,gptq,4-bit,Chinese,1234,52.41335281710519,3.92998358155236,92.00567212763124,381.2027339493684,5.502163855028569,6.174393530167639,1173.3159008041905,1466.1037752799746,30.700699399901826,6.129646228870662,141.7200797076859,113.04624726503,0,0,0,0,0,0,0,0,0,0,0,0
CohereLabs/aya-expanse-8b,slimllm,2-bit,English,1234,126.66586084857136,737472.5431301057,65378.469956132256,8350.373145375457,83451.91437442008,72093.63770890552,5563.100501107152,7848.080023764164,385716.57302914665,130097.32609609776,13704728.384803832,6745728.273390636,0,0,0,0,0,0,0,0,0,0,0,0
CohereLabs/aya-expanse-8b,slimllm,3-bit,English,1234,70.33484756920092,5.190607683435735,128.2417722696128,694.409389651766,7.333904728714303,8.007729968130153,1186.179786569301,1832.1603395722125,31.36480303690891,8.342743313437945,194.1708845501074,153.80799201120558,0,0,0,0,0,0,0,0,0,0,0,0
CohereLabs/aya-expanse-8b,slimllm,4-bit,English,1234,54.70677279508479,4.0215750606607115,98.35450271803846,397.648199964526,5.789183731444789,6.531419887477358,1141.368575804261,1462.084591877477,33.25940768860945,6.26180015546097,155.34154018182696,124.48586658879024,0,0,0,0,0,0,0,0,0,0,0,0
CohereLabs/aya-expanse-8b,slimllm,2-bit,Indonesian,1234,242.23046796335575,565648.7100779251,222.2440750172781,5041.660038092276,33264.2600194501,28580.914410865385,3278.955078640822,5833.860947421228,108649.69464633949,25216.857436027905,5004337.816543811,2213893.3745234176,0,0,0,0,0,0,0,0,0,0,0,0
CohereLabs/aya-expanse-8b,slimllm,3-bit,Indonesian,1234,70.15928825967538,4.846758074537413,106.43104014234704,581.5977033876562,6.929672187705096,7.171892069105021,1173.394826350023,1694.8531094015314,30.07460660640824,8.18407573231489,197.32621661033653,148.3480925509209,0,0,0,0,0,0,0,0,0,0,0,0
CohereLabs/aya-expanse-8b,slimllm,4-bit,Indonesian,1234,55.686326360926415,3.975950094053161,93.87097957611468,372.4620670128701,5.755903955240858,6.366235565030213,1122.8895683253986,1370.9944011744549,33.255542199297466,6.2775385203623015,150.7955168537169,122.10572087826768,0,0,0,0,0,0,0,0,0,0,0,0
CohereLabs/aya-expanse-8b,slimllm,2-bit,Swahili,1234,405.9663448358049,1778942.968324588,1264.551946757189,440.4831064826536,32936.821741428,30978.806547473258,1483.6606264706843,2910.2424002959465,74525.99685040167,3797.4454771252113,5600450.841877271,1380742.9665140477,0,0,0,0,0,0,0,0,0,0,0,0
CohereLabs/aya-expanse-8b,slimllm,3-bit,Swahili,1234,71.44772766982928,4.7074565314844685,117.15393378732342,372.34414080441394,6.813129358122198,7.338424637031381,1139.8799226240403,1719.857799026238,29.27653529403668,7.097248807228579,199.0248185489326,152.57088740880886,0,0,0,0,0,0,0,0,0,0,0,0
CohereLabs/aya-expanse-8b,slimllm,4-bit,Swahili,1234,55.9461151180421,3.920453575224559,97.0552224791973,337.1573833745351,5.739766990255504,6.361137178368314,1072.274825520239,1359.0726077472723,33.05727801644415,6.18701089123927,150.8688275668141,123.35992946571416,0,0,0,0,0,0,0,0,0,0,0,0
CohereLabs/aya-expanse-8b,slimllm,2-bit,Chinese,1234,9591.055846595458,664816.9114009405,547790.7664436265,88041.95602976136,2493.858144460924,1812.691484475978,33010.86858775901,117292.49936761423,125883.0359214918,8612.782796502153,9919.746611420132,263.6726541156282,0,0,0,0,0,0,0,0,0,0,0,0
CohereLabs/aya-expanse-8b,slimllm,3-bit,Chinese,1234,71.27624424454534,4.957356073910392,123.7017139849554,698.0110416888623,6.641997846328544,7.261142759329729,1134.1251749061005,1649.3896851647387,27.157628826025473,7.69418090163041,175.081770254262,127.68943258551757,0,0,0,0,0,0,0,0,0,0,0,0
CohereLabs/aya-expanse-8b,slimllm,4-bit,Chinese,1234,55.43251984755515,3.954161304687964,98.4017945492255,412.2495504083473,5.8803235085418395,6.516947498886205,1110.5468323395914,1406.4882324375203,32.64366319287237,6.39863607485135,146.1655420371525,117.61582338744348,0,0,0,0,0,0,0,0,0,0,0,0
CohereLabs/aya-expanse-8b,tacq,2-bit,English,1234,69.1243399490551,15.326974972778444,305.45374211551086,1488.8315461378304,16.90358146903698,15.6484632513147,1171.8991927726345,2172.246612617988,33.656294462781275,16.135513897430695,852.1706139448357,352.03425215478603,0,0,0,0,0,0,0,0,0,0,0,0
CohereLabs/aya-expanse-8b,tacq,3-bit,English,1234,56.60363853210221,4.598232981542313,104.21884960528136,488.4152689855802,6.595328818955217,7.1448045751560665,1057.832787495022,1503.6148891056944,25.519194436872404,7.566786306289664,182.9620445425167,132.58289849631012,0,0,0,0,0,0,0,0,0,0,0,0
CohereLabs/aya-expanse-8b,tacq,4-bit,English,1234,55.02221999711518,3.9803619987851575,96.78106604491153,388.5583601119019,5.597183357789999,6.182118658381884,1094.3371213150976,1416.7944481358852,31.602967338163676,6.242509586518512,154.0615379513315,120.3016765886676,0,0,0,0,0,0,0,0,0,0,0,0
CohereLabs/aya-expanse-8b,tacq,2-bit,Tamil,1234,91.79212776730316,4.032991026437342,213.5606966464045,1533.1510849563983,9.377831625462925,9.72711441871031,1192.2982804020255,2129.543302474313,24.716673439517795,8.227668290972945,379.6289621635804,268.35127017393495,0,0,0,0,0,0,0,0,0,0,0,0
CohereLabs/aya-expanse-8b,tacq,3-bit,Tamil,1234,59.77830566467715,3.914036757127362,107.60092824889728,494.7851072236514,6.172446323290135,6.720093601746977,1159.49343377763,1646.155509149702,28.572961346520653,6.413490841528537,162.63389032428177,135.09282852250604,0,0,0,0,0,0,0,0,0,0,0,0
CohereLabs/aya-expanse-8b,tacq,4-bit,Tamil,1234,55.68906007439936,3.848132416055845,97.58616014320884,389.2916780933288,5.764708970403496,6.344849756039954,1115.165880196019,1381.8419892601662,32.89274480394484,6.03456925965621,148.38983553959676,120.61881562401614,0,0,0,0,0,0,0,0,0,0,0,0
CohereLabs/aya-expanse-8b,tacq,2-bit,Indonesian,1234,81.00447815502984,11.747358660778923,113.63463834990196,1343.61688794671,10.754877122994277,11.080951177947286,1447.1550334807994,2413.332634206148,24.92060547825592,14.03783214285141,628.1862914044764,299.0832533666769,0,0,0,0,0,0,0,0,0,0,0,0
CohereLabs/aya-expanse-8b,tacq,3-bit,Indonesian,1234,57.98897955294493,4.432266998234929,96.9035557194289,505.833185859943,6.428401636972799,6.961174073620321,1211.7760186779042,1528.0742282917683,28.341247051176268,7.232826691530235,172.609204596039,132.2516049717701,0,0,0,0,0,0,0,0,0,0,0,0
CohereLabs/aya-expanse-8b,tacq,4-bit,Indonesian,1234,55.55997461562265,3.942368837924893,95.08939123492804,381.5368619307466,5.596539355730093,6.044883308893345,1127.5833643957892,1426.903810468364,31.83358649625816,6.340482493355597,149.3504104635594,119.71670378007488,0,0,0,0,0,0,0,0,0,0,0,0
CohereLabs/aya-expanse-8b,tacq,2-bit,Swahili,1234,97.7764502227743,10.504046821252532,204.26009480028688,342.5063761963675,12.17068366864587,12.255982654764669,1002.497329678731,1631.046161438582,24.746079721336987,10.800513214860604,561.5762864728414,410.4569426079825,0,0,0,0,0,0,0,0,0,0,0,0
CohereLabs/aya-expanse-8b,tacq,3-bit,Swahili,1234,59.710327941304975,4.394636097648646,105.48536282588849,351.02676243969034,6.471754111732054,7.054654820520351,1091.1756992507628,1465.7960982371824,27.75542289816176,6.763758325039122,177.48392285721343,139.73299179983024,0,0,0,0,0,0,0,0,0,0,0,0
CohereLabs/aya-expanse-8b,tacq,4-bit,Swahili,1234,55.820594370413176,3.988709381701935,97.10119643365414,364.8727943863972,5.56325686613291,6.190132286331643,1076.3111986150564,1395.8571659870413,32.387277650649416,6.189949504323853,149.78377255950332,121.5158564685307,0,0,0,0,0,0,0,0,0,0,0,0
CohereLabs/aya-expanse-8b,tacq,2-bit,Chinese,1234,87.56656885552272,11.0859408420628,287.20731212296283,2165.59552615403,17.612274175369492,16.53900870405469,1402.714560585336,2642.4233463950354,26.070805444465325,13.175544668517356,285.50326765912513,136.30764319260996,0,0,0,0,0,0,0,0,0,0,0,0
CohereLabs/aya-expanse-8b,tacq,3-bit,Chinese,1234,58.37483783527448,4.441015860599278,106.00171965866642,561.0576413516985,6.449296689880743,6.9708472909092265,1128.1737525202125,1564.929421530606,28.805780719971715,7.138378062323499,161.6541165990312,119.32191084467846,0,0,0,0,0,0,0,0,0,0,0,0
CohereLabs/aya-expanse-8b,tacq,4-bit,Chinese,1234,55.483941144317285,3.9285278741805847,96.73971179766008,411.2013099640252,5.65524413597216,6.264004117695292,1138.3733828952609,1515.0748733071243,31.431636551632884,6.215963499211787,150.9924004329876,116.573490669218,0,0,0,0,0,0,0,0,0,0,0,0
meta-llama/Llama-3.1-8B-Instruct,Unquantized,32-bit,Unquantized,1234,45.105213951913754,2.3117808145580105,24.823783029258784,30.056285070405885,,,,,,,,36.82177886769864,0,0,0,0,0,0,0,0,0,0,0,0
meta-llama/Llama-3.1-8B-Instruct,gptq,2-bit,English,1234,1300.394068278182,,31939.373114856695,34246.51572048312,,,,,,,,39034.71876281616,1,1012,228,217,0,0,0,0,0,0,0,418
meta-llama/Llama-3.1-8B-Instruct,gptq,3-bit,English,1234,54.002998895739225,4.619366371615938,49.03458723791437,76.29943254962137,,,,,,,,65.9069255856645,1,0,0,1,0,0,0,0,0,0,0,0
meta-llama/Llama-3.1-8B-Instruct,gptq,4-bit,English,1234,47.37206604271768,2.503243841409641,27.11150669401622,35.26885811944029,,,,,,,,40.06212518066395,0,0,0,0,0,0,0,0,0,0,0,0
meta-llama/Llama-3.1-8B-Instruct,gptq,2-bit,Tamil,1234,8477.161407461326,9.525655641674993,38846.104052563176,46302.28919545383,,,,,,,,31721.858571992147,11,1,396,581,0,0,0,0,0,0,0,263
meta-llama/Llama-3.1-8B-Instruct,gptq,3-bit,Tamil,1234,56.97535236579498,2.4778036416820894,42.82057869044083,63.39342856548177,,,,,,,,57.59825275989799,0,0,0,0,0,0,0,0,0,0,0,0
meta-llama/Llama-3.1-8B-Instruct,gptq,4-bit,Tamil,1234,46.72768771393706,2.3416324354398377,27.03536820377199,34.34313726323199,,,,,,,,39.94746603180292,0,0,0,0,0,0,0,0,0,0,0,0
meta-llama/Llama-3.1-8B-Instruct,gptq,2-bit,Indonesian,1234,6123.151827172624,,2767.98411293317,19466.319054666703,,,,,,,,36546.41022608952,4,1012,3,48,0,0,0,0,0,0,0,442
meta-llama/Llama-3.1-8B-Instruct,gptq,3-bit,Indonesian,1234,56.64327776397757,3.8132120438341417,32.11425374671129,54.52115063310693,,,,,,,,62.209872792866975,0,0,0,0,0,0,0,0,0,0,0,0
meta-llama/Llama-3.1-8B-Instruct,gptq,4-bit,Indonesian,1234,46.34042124608141,2.45482055297691,25.609484084588683,33.0182605823189,,,,,,,,40.11579798043282,0,0,0,1,0,0,0,0,0,0,0,0
meta-llama/Llama-3.1-8B-Instruct,gptq,2-bit,Swahili,1234,10477.869746754355,,27130.168105774348,4066.321031965518,,,,,,,,46577.70004589035,16,1012,140,3,0,0,0,0,0,0,0,803
meta-llama/Llama-3.1-8B-Instruct,gptq,3-bit,Swahili,1234,55.005955709213595,3.841755384659224,38.43052093508947,36.94105276658719,,,,,,,,62.64082451174363,1,0,0,1,0,0,0,0,0,0,0,0
meta-llama/Llama-3.1-8B-Instruct,gptq,4-bit,Swahili,1234,46.679480726015946,2.4535624022755513,26.44312990472173,31.212913472627665,,,,,,,,40.41919153808404,0,0,0,1,0,0,0,0,0,0,0,0
meta-llama/Llama-3.1-8B-Instruct,gptq,2-bit,Chinese,1234,7680.062328978221,57354.93475550773,35602.00993113767,42876.66974127037,,,,,,,,3135.019061483754,8,1006,351,570,0,0,0,0,0,0,0,0
meta-llama/Llama-3.1-8B-Instruct,gptq,3-bit,Chinese,1234,56.12769934485404,3.669906651380947,45.4737410388893,70.28902813590487,,,,,,,,45.390109753535015,0,0,0,0,0,0,0,0,0,0,0,0
meta-llama/Llama-3.1-8B-Instruct,gptq,4-bit,Chinese,1234,46.69737940073949,2.436779902493995,27.02591199418865,34.34264962591059,,,,,,,,38.331823028050366,0,0,0,0,0,0,0,0,0,0,0,0
meta-llama/Llama-3.1-8B-Instruct,slimllm,2-bit,English,1234,1310.330377819445,13258750.47089376,90340.66650365356,48436.72616410772,,,,,,,,11828255.262616524,0,0,0,0,0,0,0,0,0,0,0,0
meta-llama/Llama-3.1-8B-Instruct,slimllm,3-bit,English,1234,51.661761366548944,6.090120382720041,80.62498226175329,140.04612886633308,,,,,,,,107.69968375326611,0,0,0,0,0,0,0,0,0,0,0,0
meta-llama/Llama-3.1-8B-Instruct,slimllm,4-bit,English,1234,43.53246232601883,2.695015451825204,28.568593767331176,36.902012251285534,,,,,,,,41.52371434200523,0,0,0,0,0,0,0,0,0,0,0,0
meta-llama/Llama-3.1-8B-Instruct,slimllm,2-bit,Tamil,1234,6547.364588752019,5.138217755312099,28657.95780588389,14562.418099995286,,,,,,,,67450.50212042508,0,0,0,0,0,0,0,0,0,0,0,0
meta-llama/Llama-3.1-8B-Instruct,slimllm,3-bit,Tamil,1234,20302.152824243483,349753.5370604016,147212.49065760945,82843.63261783544,,,,,,,,896093.5354848884,0,0,0,0,0,0,0,0,0,0,0,0
meta-llama/Llama-3.1-8B-Instruct,slimllm,4-bit,Tamil,1234,52.83781222368168,3.0995701137846456,94.89573098503908,68.87385702978119,,,,,,,,74.44845424299257,0,0,0,0,0,0,0,0,0,0,0,0
meta-llama/Llama-3.1-8B-Instruct,slimllm,2-bit,Indonesian,1234,24646.872946129828,2981071.9591295393,83638.050377727,33877.892534793005,,,,,,,,1889791.9466534304,0,0,0,0,0,0,0,0,0,0,0,0
meta-llama/Llama-3.1-8B-Instruct,slimllm,3-bit,Indonesian,1234,52.60844924122413,4.954543582763,33.43762627946794,64.67723572873741,,,,,,,,68.9011624809909,0,0,0,0,0,0,0,0,0,0,0,0
meta-llama/Llama-3.1-8B-Instruct,slimllm,4-bit,Indonesian,1234,44.63257897005219,2.73589934787694,26.986951676313392,37.36070303096757,,,,,,,,44.224801008881954,0,0,0,0,0,0,0,0,0,0,0,0
meta-llama/Llama-3.1-8B-Instruct,slimllm,2-bit,Swahili,1234,47030.84586567484,591896.0032811111,125363.48887580636,67971.3863944888,,,,,,,,3922541.7175676464,0,0,0,0,0,0,0,0,0,0,0,0
meta-llama/Llama-3.1-8B-Instruct,slimllm,3-bit,Swahili,1234,82.70567979098402,8.43895935782397,237.44908559539363,127.09771073289076,,,,,,,,493.79021871499526,0,0,0,0,0,0,0,0,0,0,0,0
meta-llama/Llama-3.1-8B-Instruct,slimllm,4-bit,Swahili,1234,45.42345037685307,2.699435227969377,28.200669966248572,32.886215376682216,,,,,,,,46.2964419642405,0,0,0,0,0,0,0,0,0,0,0,0
meta-llama/Llama-3.1-8B-Instruct,slimllm,2-bit,Chinese,1234,6997.865099308116,212825.01218332505,54669.471081432515,20333.921388648538,,,,,,,,2407.566671346078,0,0,0,0,0,0,0,0,0,0,0,0
meta-llama/Llama-3.1-8B-Instruct,slimllm,3-bit,Chinese,1234,55.08159134650224,3.885786378299543,52.09411335754607,79.511095996154,,,,,,,,44.49697064147745,0,0,0,0,0,0,0,0,0,0,0,0
meta-llama/Llama-3.1-8B-Instruct,slimllm,4-bit,Chinese,1234,44.928033645588584,2.5552773600594825,27.777874080855504,35.678429386455306,,,,,,,,38.10782671966255,0,0,0,0,0,0,0,0,0,0,0,0
meta-llama/Llama-3.1-8B-Instruct,tacq,2-bit,English,1234,71.30514576347686,98.90695067150229,409.7376236391584,422.77928083465423,,,,,,,,698.2557328838361,0,0,0,0,0,0,0,0,0,0,0,0
meta-llama/Llama-3.1-8B-Instruct,tacq,3-bit,English,1234,48.270659212199014,4.269030256185485,39.77258686993195,56.28301714806396,,,,,,,,57.113640995805795,0,0,0,0,0,0,0,0,0,0,0,0
meta-llama/Llama-3.1-8B-Instruct,tacq,4-bit,English,1234,45.53529489054378,2.5038887851043174,27.187312402966175,34.45639204144634,,,,,,,,40.11978034651646,0,0,0,0,0,0,0,0,0,0,0,0
meta-llama/Llama-3.1-8B-Instruct,tacq,2-bit,Tamil,1234,123.01588474541155,2.7908480670739975,254.872068295526,329.5926907195779,,,,,,,,276.4184159551415,0,0,0,0,0,0,0,0,0,0,0,0
meta-llama/Llama-3.1-8B-Instruct,tacq,3-bit,Tamil,1234,50.73238755469208,2.430107190237954,35.06217765232834,46.87813883424103,,,,,,,,48.481813848297634,0,0,0,0,0,0,0,0,0,0,0,0
meta-llama/Llama-3.1-8B-Instruct,tacq,4-bit,Tamil,1234,46.511977618498115,2.3455414316648096,27.168394874213863,33.305475964575,,,,,,,,39.193254539378785,0,0,0,0,0,0,0,0,0,0,0,0
meta-llama/Llama-3.1-8B-Instruct,tacq,2-bit,Indonesian,1234,94.74434478012677,11.29038307945061,48.68202871158567,208.36690853583107,,,,,,,,381.7390750285579,0,0,0,0,0,0,0,0,0,0,0,0
meta-llama/Llama-3.1-8B-Instruct,tacq,3-bit,Indonesian,1234,50.05146856026269,3.4630903395044537,28.61815854929057,43.46395323658671,,,,,,,,52.05096429618459,0,0,0,0,0,0,0,0,0,0,0,0
meta-llama/Llama-3.1-8B-Instruct,tacq,4-bit,Indonesian,1234,46.84913874866605,2.4577764027271214,25.944766203782983,32.88207412459745,,,,,,,,40.22206302059239,0,0,0,0,0,0,0,0,0,0,0,0
meta-llama/Llama-3.1-8B-Instruct,tacq,2-bit,Swahili,1234,108.39643652327467,15.895495700082238,135.91288843693297,43.17017923914528,,,,,,,,1156.817652609397,0,0,0,0,0,0,0,0,0,0,0,0
meta-llama/Llama-3.1-8B-Instruct,tacq,3-bit,Swahili,1234,51.24193295030372,3.554055983496906,34.72114688674486,34.76547563857116,,,,,,,,56.75686132004963,0,0,0,0,0,0,0,0,0,0,0,0
meta-llama/Llama-3.1-8B-Instruct,tacq,4-bit,Swahili,1234,46.16600269653527,2.4603962734256233,26.50111818574857,30.807822913419884,,,,,,,,39.940934854364144,0,0,0,0,0,0,0,0,0,0,0,0
meta-llama/Llama-3.1-8B-Instruct,tacq,2-bit,Chinese,1234,110.839197487821,8.777215682377717,481.66613842844225,469.1486610057474,,,,,,,,68.7920800131497,0,0,0,0,0,0,0,0,0,0,0,0
meta-llama/Llama-3.1-8B-Instruct,tacq,3-bit,Chinese,1234,50.02781890259474,3.12337323422898,35.462255073342725,50.86852359950654,,,,,,,,41.2773219795379,0,0,0,0,0,0,0,0,0,0,0,0
meta-llama/Llama-3.1-8B-Instruct,tacq,4-bit,Chinese,1234,45.672605370840046,2.424910467775902,27.072293136927307,33.288619429788014,,,,,,,,37.42432248740194,0,0,0,0,0,0,0,0,0,0,0,0
