Base Model,Quantization Technique,Bit Width,Calibration Language,Random Seed,dutch,german,tamil,indonesian,chinese
Qwen/Qwen3-8B,Unquantized,32-bit,Unquantized,1234,0.6805807622504537,0.49640287769784175,0.4036363636363636,0.649090909090909,0.7394495412844037
Qwen/Qwen3-8B,gptq,2-bit,English,1234,0.19237749546279492,0.2805755395683453,0.23454545454545456,0.24,0.25504587155963304
Qwen/Qwen3-8B,gptq,3-bit,English,1234,0.4010889292196007,0.3237410071942446,0.24545454545454545,0.41818181818181815,0.5266055045871559
Qwen/Qwen3-8B,gptq,4-bit,English,1234,0.6569872958257713,0.49640287769784175,0.3963636363636363,0.649090909090909,0.7155963302752294
Qwen/Qwen3-8B,gptq,2-bit,Tamil,1234,0.2395644283121597,0.20863309352517984,0.24,0.27454545454545454,0.24036697247706423
Qwen/Qwen3-8B,gptq,3-bit,Tamil,1234,0.5480943738656987,0.4244604316546763,0.34,0.509090909090909,0.5963302752293578
Qwen/Qwen3-8B,gptq,4-bit,Tamil,1234,0.6696914700544465,0.5179856115107914,0.3836363636363636,0.6527272727272727,0.7321100917431193
Qwen/Qwen3-8B,gptq,2-bit,Indonesian,1234,0.26678765880217786,0.3381294964028777,0.2509090909090909,0.24,0.26238532110091745
Qwen/Qwen3-8B,gptq,3-bit,Indonesian,1234,0.4791288566243194,0.4172661870503597,0.2781818181818182,0.5381818181818182,0.5412844036697247
Qwen/Qwen3-8B,gptq,4-bit,Indonesian,1234,0.6533575317604355,0.5179856115107914,0.4036363636363636,0.6545454545454545,0.7321100917431193
Qwen/Qwen3-8B,gptq,2-bit,Chinese,1234,0.22141560798548093,0.302158273381295,0.24181818181818185,0.27454545454545454,0.25504587155963304
Qwen/Qwen3-8B,gptq,3-bit,Chinese,1234,0.5317604355716878,0.4316546762589928,0.32727272727272727,0.5690909090909091,0.6403669724770642
Qwen/Qwen3-8B,gptq,4-bit,Chinese,1234,0.6733212341197822,0.4748201438848921,0.4163636363636364,0.64,0.7211009174311926
Qwen/Qwen3-8B,slimllm,2-bit,English,1234,0.16515426497277677,0.33093525179856115,0.25636363636363635,0.25272727272727274,0.2458715596330275
Qwen/Qwen3-8B,slimllm,3-bit,English,1234,0.3938294010889292,0.3884892086330935,0.2381818181818182,0.46,0.5908256880733945
Qwen/Qwen3-8B,slimllm,4-bit,English,1234,0.5390199637023594,0.4244604316546763,0.3236363636363636,0.5581818181818182,0.6844036697247706
Qwen/Qwen3-8B,slimllm,2-bit,Tamil,1234,0.1941923774954628,0.34532374100719426,0.27090909090909093,0.24545454545454545,0.24954128440366977
Qwen/Qwen3-8B,slimllm,3-bit,Tamil,1234,0.5789473684210527,0.43884892086330934,0.3290909090909091,0.5327272727272727,0.563302752293578
Qwen/Qwen3-8B,slimllm,4-bit,Tamil,1234,0.5753176043557169,0.4244604316546763,0.35454545454545455,0.5472727272727272,0.6623853211009174
Qwen/Qwen3-8B,slimllm,2-bit,Indonesian,1234,0.1560798548094374,0.3237410071942446,0.25272727272727274,0.2290909090909091,0.25137614678899084
Qwen/Qwen3-8B,slimllm,3-bit,Indonesian,1234,0.5517241379310345,0.460431654676259,0.28,0.4509090909090909,0.5412844036697247
Qwen/Qwen3-8B,slimllm,4-bit,Indonesian,1234,0.6116152450090744,0.4244604316546763,0.3327272727272727,0.5818181818181818,0.6770642201834862
Qwen/Qwen3-8B,slimllm,2-bit,Chinese,1234,0.1851179673321234,0.30935251798561153,0.24,0.24545454545454545,0.25688073394495414
Qwen/Qwen3-8B,slimllm,3-bit,Chinese,1234,0.4954627949183303,0.43884892086330934,0.2727272727272727,0.54,0.6330275229357798
Qwen/Qwen3-8B,slimllm,4-bit,Chinese,1234,0.6061705989110708,0.43884892086330934,0.34363636363636363,0.5563636363636364,0.673394495412844
Qwen/Qwen3-8B,tacq,2-bit,English,1234,0.29038112522686027,0.31654676258992803,0.2636363636363636,0.23636363636363636,0.30825688073394497
Qwen/Qwen3-8B,tacq,3-bit,English,1234,0.5136116152450091,0.4676258992805755,0.2509090909090909,0.4672727272727273,0.6220183486238532
Qwen/Qwen3-8B,tacq,4-bit,English,1234,0.6515426497277677,0.5035971223021583,0.3963636363636363,0.610909090909091,0.7045871559633028
Qwen/Qwen3-8B,tacq,2-bit,Tamil,1234,0.24863883847549909,0.31654676258992803,0.26,0.2381818181818182,0.26788990825688075
Qwen/Qwen3-8B,tacq,3-bit,Tamil,1234,0.5607985480943739,0.4316546762589928,0.35818181818181816,0.5490909090909091,0.673394495412844
Qwen/Qwen3-8B,tacq,4-bit,Tamil,1234,0.6388384754990926,0.48201438848920863,0.3654545454545455,0.6345454545454545,0.6972477064220184
Qwen/Qwen3-8B,tacq,2-bit,Indonesian,1234,0.2613430127041742,0.3381294964028777,0.21636363636363637,0.3709090909090909,0.381651376146789
Qwen/Qwen3-8B,tacq,3-bit,Indonesian,1234,0.617059891107078,0.4676258992805755,0.28,0.5454545454545454,0.6146788990825688
Qwen/Qwen3-8B,tacq,4-bit,Indonesian,1234,0.662431941923775,0.48201438848920863,0.37272727272727274,0.62,0.7155963302752294
Qwen/Qwen3-8B,tacq,2-bit,Chinese,1234,0.27041742286751363,0.2014388489208633,0.27090909090909093,0.2581818181818182,0.41834862385321103
Qwen/Qwen3-8B,tacq,3-bit,Chinese,1234,0.6061705989110708,0.460431654676259,0.28363636363636363,0.5836363636363636,0.6403669724770642
Qwen/Qwen3-8B,tacq,4-bit,Chinese,1234,0.6569872958257713,0.5179856115107914,0.37636363636363634,0.6090909090909091,0.7064220183486238
Qwen/Qwen3-8B,sinq,2-bit,Tamil,1234,0.2958257713248639,0.2949640287769784,0.2672727272727273,0.2272727272727273,0.24770642201834864
Qwen/Qwen3-8B,sinq,3-bit,Tamil,1234,0.5117967332123412,0.4172661870503597,0.28909090909090907,0.5818181818181818,0.6458715596330276
Qwen/Qwen3-8B,sinq,4-bit,Tamil,1234,0.6660617059891107,0.5107913669064749,0.3563636363636364,0.6272727272727273,0.6990825688073394
CohereLabs/aya-expanse-8b,Unquantized,32-bit,Unquantized,1234,0.631578947368421,0.4460431654676259,0.28363636363636363,0.5436363636363636,0.5009174311926605
CohereLabs/aya-expanse-8b,gptq,2-bit,English,1234,0.2177858439201452,0.2517985611510791,0.26545454545454544,0.26,0.26605504587155965
CohereLabs/aya-expanse-8b,gptq,3-bit,English,1234,0.5535390199637024,0.45323741007194246,0.3,0.4854545454545454,0.4844036697247706
CohereLabs/aya-expanse-8b,gptq,4-bit,English,1234,0.6116152450090744,0.43884892086330934,0.28,0.5327272727272727,0.5155963302752293
CohereLabs/aya-expanse-8b,gptq,2-bit,Tamil,1234,0.21415607985480944,0.2158273381294964,0.21818181818181817,0.2290909090909091,0.24036697247706423
CohereLabs/aya-expanse-8b,gptq,3-bit,Tamil,1234,0.455535390199637,0.33093525179856115,0.29454545454545455,0.4127272727272727,0.381651376146789
CohereLabs/aya-expanse-8b,gptq,4-bit,Tamil,1234,0.6025408348457351,0.48201438848920863,0.2872727272727273,0.5236363636363637,0.5229357798165137
CohereLabs/aya-expanse-8b,gptq,2-bit,Indonesian,1234,0.20689655172413793,0.2589928057553957,0.26545454545454544,0.2781818181818182,0.2422018348623853
CohereLabs/aya-expanse-8b,gptq,3-bit,Indonesian,1234,0.5662431941923775,0.43884892086330934,0.28363636363636363,0.49454545454545457,0.47889908256880737
CohereLabs/aya-expanse-8b,gptq,4-bit,Indonesian,1234,0.5898366606170599,0.4748201438848921,0.28,0.5345454545454545,0.4954128440366973
CohereLabs/aya-expanse-8b,gptq,2-bit,Chinese,1234,0.1996370235934664,0.2949640287769784,0.21818181818181817,0.2636363636363636,0.28623853211009176
CohereLabs/aya-expanse-8b,gptq,3-bit,Chinese,1234,0.5789473684210527,0.4316546762589928,0.2781818181818182,0.5163636363636364,0.4844036697247706
CohereLabs/aya-expanse-8b,gptq,4-bit,Chinese,1234,0.6206896551724138,0.45323741007194246,0.2781818181818182,0.5254545454545455,0.48623853211009177
CohereLabs/aya-expanse-8b,slimllm,2-bit,English,1234,0.279491833030853,0.3453237410071942,0.24545454545454545,0.24,0.25504587155963304
CohereLabs/aya-expanse-8b,slimllm,3-bit,English,1234,0.4754990925589837,0.39568345323741005,0.2672727272727273,0.4581818181818182,0.381651376146789
CohereLabs/aya-expanse-8b,slimllm,4-bit,English,1234,0.6188747731397459,0.39568345323741005,0.27090909090909093,0.5418181818181819,0.5100917431192661
CohereLabs/aya-expanse-8b,slimllm,2-bit,Indonesian,1234,0.2558983666061706,0.22302158273381295,0.2581818181818182,0.2309090909090909,0.24954128440366977
CohereLabs/aya-expanse-8b,slimllm,3-bit,Indonesian,1234,0.4954627949183303,0.45323741007194246,0.2781818181818182,0.4909090909090909,0.43853211009174314
CohereLabs/aya-expanse-8b,slimllm,4-bit,Indonesian,1234,0.5970961887477314,0.4460431654676259,0.28909090909090907,0.5636363636363636,0.5119266055045871
CohereLabs/aya-expanse-8b,slimllm,2-bit,Chinese,1234,0.26860254083484575,0.23741007194244604,0.2290909090909091,0.2690909090909091,0.23853211009174313
CohereLabs/aya-expanse-8b,slimllm,3-bit,Chinese,1234,0.5535390199637024,0.4244604316546763,0.2909090909090909,0.5163636363636364,0.4605504587155963
CohereLabs/aya-expanse-8b,slimllm,4-bit,Chinese,1234,0.6243194192377496,0.4460431654676259,0.28545454545454546,0.5381818181818182,0.5100917431192661
CohereLabs/aya-expanse-8b,tacq,2-bit,English,1234,0.3466424682395644,0.39568345323741005,0.2690909090909091,0.2781818181818182,0.30091743119266057
CohereLabs/aya-expanse-8b,tacq,3-bit,English,1234,0.5499092558983666,0.4316546762589928,0.2545454545454545,0.5127272727272727,0.47706422018348627
CohereLabs/aya-expanse-8b,tacq,4-bit,English,1234,0.6007259528130672,0.45323741007194246,0.2909090909090909,0.5490909090909091,0.5137614678899083
CohereLabs/aya-expanse-8b,tacq,2-bit,Tamil,1234,0.3684210526315789,0.3237410071942446,0.27454545454545454,0.27090909090909093,0.25871559633027524
CohereLabs/aya-expanse-8b,tacq,3-bit,Tamil,1234,0.5535390199637024,0.4100719424460432,0.2636363636363636,0.54,0.4990825688073395
CohereLabs/aya-expanse-8b,tacq,4-bit,Tamil,1234,0.6261343012704175,0.4244604316546763,0.27454545454545454,0.5563636363636364,0.5100917431192661
CohereLabs/aya-expanse-8b,tacq,2-bit,Indonesian,1234,0.39019963702359345,0.33093525179856115,0.21636363636363637,0.3636363636363637,0.3412844036697248
CohereLabs/aya-expanse-8b,tacq,3-bit,Indonesian,1234,0.5789473684210527,0.4244604316546763,0.2781818181818182,0.5418181818181819,0.47889908256880737
CohereLabs/aya-expanse-8b,tacq,4-bit,Indonesian,1234,0.6134301270417423,0.39568345323741005,0.2781818181818182,0.5527272727272727,0.5192660550458715
CohereLabs/aya-expanse-8b,tacq,2-bit,Chinese,1234,0.32667876588021777,0.31654676258992803,0.28,0.3618181818181818,0.3394495412844037
CohereLabs/aya-expanse-8b,tacq,3-bit,Chinese,1234,0.5553539019963702,0.43884892086330934,0.2909090909090909,0.5363636363636364,0.4935779816513762
CohereLabs/aya-expanse-8b,tacq,4-bit,Chinese,1234,0.6116152450090744,0.4748201438848921,0.27454545454545454,0.5581818181818182,0.5339449541284403
CohereLabs/aya-expanse-8b,sinq,3-bit,Tamil,1234,0.5390199637023594,0.4028776978417266,0.2727272727272727,0.4818181818181818,0.45688073394495415
CohereLabs/aya-expanse-8b,sinq,4-bit,Tamil,1234,0.6261343012704175,0.43884892086330934,0.28909090909090907,0.5327272727272727,0.5192660550458715
CohereLabs/aya-expanse-8b,sinq,2-bit,,1234,0.29219600725952816,0.2302158273381295,0.2436363636363636,0.20363636363636364,0.25321100917431194
meta-llama/Llama-3.1-8B-Instruct,Unquantized,32-bit,Unquantized,1234,0.6279491833030852,0.4748201438848921,0.390909090909091,0.5981818181818181,0.5376146788990825
meta-llama/Llama-3.1-8B-Instruct,gptq,2-bit,English,1234,0.21234119782214156,0.2805755395683453,0.28363636363636363,0.24545454545454545,0.23486238532110093
meta-llama/Llama-3.1-8B-Instruct,gptq,3-bit,English,1234,0.3629764065335753,0.3237410071942446,0.2545454545454545,0.4090909090909091,0.29357798165137616
meta-llama/Llama-3.1-8B-Instruct,gptq,4-bit,English,1234,0.5517241379310345,0.48201438848920863,0.32727272727272727,0.5818181818181818,0.5192660550458715
meta-llama/Llama-3.1-8B-Instruct,gptq,2-bit,Tamil,1234,0.16878402903811252,0.3237410071942446,0.25636363636363635,0.2672727272727273,0.26422018348623855
meta-llama/Llama-3.1-8B-Instruct,gptq,3-bit,Tamil,1234,0.3666061705989111,0.4316546762589928,0.32727272727272727,0.3963636363636363,0.3889908256880734
meta-llama/Llama-3.1-8B-Instruct,gptq,4-bit,Tamil,1234,0.5862068965517241,0.460431654676259,0.3636363636363637,0.5763636363636364,0.5302752293577981
meta-llama/Llama-3.1-8B-Instruct,gptq,2-bit,Indonesian,1234,0.2250453720508167,0.33093525179856115,0.24727272727272728,0.2581818181818182,0.22568807339449545
meta-llama/Llama-3.1-8B-Instruct,gptq,3-bit,Indonesian,1234,0.3956442831215971,0.31654676258992803,0.2545454545454545,0.41454545454545455,0.3834862385321101
meta-llama/Llama-3.1-8B-Instruct,gptq,4-bit,Indonesian,1234,0.5898366606170599,0.4892086330935252,0.34545454545454546,0.5745454545454546,0.5155963302752293
meta-llama/Llama-3.1-8B-Instruct,gptq,2-bit,Chinese,1234,0.19782214156079855,0.30935251798561153,0.2290909090909091,0.23272727272727273,0.26422018348623855
meta-llama/Llama-3.1-8B-Instruct,gptq,3-bit,Chinese,1234,0.3194192377495463,0.28776978417266186,0.2436363636363636,0.36,0.3577981651376147
meta-llama/Llama-3.1-8B-Instruct,gptq,4-bit,Chinese,1234,0.5789473684210527,0.5179856115107914,0.3509090909090909,0.6018181818181818,0.5064220183486239
meta-llama/Llama-3.1-8B-Instruct,slimllm,2-bit,English,1234,0.1705989110707804,0.2949640287769784,0.28545454545454546,0.2581818181818182,0.23853211009174313
meta-llama/Llama-3.1-8B-Instruct,slimllm,3-bit,English,1234,0.23774954627949185,0.1942446043165468,0.25272727272727274,0.2509090909090909,0.27339449541284405
meta-llama/Llama-3.1-8B-Instruct,slimllm,4-bit,English,1234,0.4900181488203267,0.3669064748201439,0.32181818181818184,0.41454545454545455,0.3467889908256881
meta-llama/Llama-3.1-8B-Instruct,slimllm,2-bit,Tamil,1234,0.2395644283121597,0.28776978417266186,0.24727272727272728,0.27636363636363637,0.25321100917431194
meta-llama/Llama-3.1-8B-Instruct,slimllm,3-bit,Tamil,1234,0.25045372050816694,0.3237410071942446,0.2436363636363636,0.2436363636363636,0.26605504587155965
meta-llama/Llama-3.1-8B-Instruct,slimllm,4-bit,Tamil,1234,0.4646098003629764,0.3381294964028777,0.3509090909090909,0.5236363636363637,0.46972477064220186
meta-llama/Llama-3.1-8B-Instruct,slimllm,2-bit,Indonesian,1234,0.21960072595281308,0.2949640287769784,0.26545454545454544,0.2509090909090909,0.23669724770642203
meta-llama/Llama-3.1-8B-Instruct,slimllm,3-bit,Indonesian,1234,0.4246823956442831,0.3884892086330935,0.25272727272727274,0.4709090909090909,0.4036697247706422
meta-llama/Llama-3.1-8B-Instruct,slimllm,4-bit,Indonesian,1234,0.5499092558983666,0.39568345323741005,0.32545454545454544,0.509090909090909,0.48073394495412847
meta-llama/Llama-3.1-8B-Instruct,slimllm,2-bit,Chinese,1234,0.3121597096188748,0.3237410071942446,0.28545454545454546,0.22363636363636363,0.24403669724770644
meta-llama/Llama-3.1-8B-Instruct,slimllm,3-bit,Chinese,1234,0.35208711433756806,0.34532374100719426,0.2672727272727273,0.31636363636363635,0.3486238532110092
meta-llama/Llama-3.1-8B-Instruct,slimllm,4-bit,Chinese,1234,0.5226860254083484,0.3669064748201439,0.3563636363636364,0.5109090909090909,0.4752293577981651
meta-llama/Llama-3.1-8B-Instruct,tacq,2-bit,English,1234,0.2250453720508167,0.3381294964028777,0.2436363636363636,0.2509090909090909,0.2458715596330275
meta-llama/Llama-3.1-8B-Instruct,tacq,3-bit,English,1234,0.39019963702359345,0.4172661870503597,0.29454545454545455,0.3963636363636363,0.3284403669724771
meta-llama/Llama-3.1-8B-Instruct,tacq,4-bit,English,1234,0.5771324863883848,0.4892086330935252,0.3472727272727273,0.5436363636363636,0.45688073394495415
meta-llama/Llama-3.1-8B-Instruct,tacq,2-bit,Tamil,1234,0.1724137931034483,0.28776978417266186,0.2290909090909091,0.2545454545454545,0.27339449541284405
meta-llama/Llama-3.1-8B-Instruct,tacq,3-bit,Tamil,1234,0.4591651542649728,0.33093525179856115,0.32,0.4581818181818182,0.4146788990825688
meta-llama/Llama-3.1-8B-Instruct,tacq,4-bit,Tamil,1234,0.5898366606170599,0.4244604316546763,0.37636363636363634,0.5454545454545454,0.4935779816513762
meta-llama/Llama-3.1-8B-Instruct,tacq,2-bit,Indonesian,1234,0.24682395644283123,0.2733812949640288,0.24,0.27454545454545454,0.26788990825688075
meta-llama/Llama-3.1-8B-Instruct,tacq,3-bit,Indonesian,1234,0.5245009074410163,0.3669064748201439,0.30363636363636365,0.49636363636363634,0.43119266055045874
meta-llama/Llama-3.1-8B-Instruct,tacq,4-bit,Indonesian,1234,0.6061705989110708,0.5323741007194245,0.37454545454545457,0.5836363636363636,0.5266055045871559
meta-llama/Llama-3.1-8B-Instruct,tacq,2-bit,Chinese,1234,0.13430127041742287,0.33093525179856115,0.24545454545454545,0.24727272727272728,0.26055045871559634
meta-llama/Llama-3.1-8B-Instruct,tacq,3-bit,Chinese,1234,0.4627949183303085,0.4172661870503597,0.2909090909090909,0.4836363636363637,0.4366972477064221
meta-llama/Llama-3.1-8B-Instruct,tacq,4-bit,Chinese,1234,0.573502722323049,0.4676258992805755,0.3509090909090909,0.5563636363636364,0.5137614678899083
meta-llama/Llama-3.1-8B-Instruct,sinq,2-bit,Tamil,1234,0.1869328493647913,0.26618705035971224,0.25272727272727274,0.2727272727272727,0.2422018348623853
meta-llama/Llama-3.1-8B-Instruct,sinq,3-bit,Tamil,1234,0.33030852994555354,0.45323741007194246,0.28545454545454546,0.4090909090909091,0.344954128440367
meta-llama/Llama-3.1-8B-Instruct,sinq,4-bit,Tamil,1234,0.5952813067150635,0.4748201438848921,0.3690909090909091,0.5690909090909091,0.4935779816513762
Qwen/Qwen3-14B,sinq,2-bit,Tamil,1234,0.2087114337568058,0.302158273381295,0.23272727272727273,0.2272727272727273,0.22385321100917432
Qwen/Qwen3-14B,sinq,3-bit,Tamil,1234,0.6388384754990926,0.5179856115107914,0.3509090909090909,0.6181818181818182,0.7211009174311926
