Base Model,Quantization Technique,Bit Width,Calibration Language,Random Seed,en-US,ta-IN,id-ID,sw-KE,zh-CN
Qwen/Qwen3-8B,Unquantized,32-bit,Unquantized,1234,0.5060524546065904,0.46301277740416946,0.4835238735709482,0.3782784129119032,0.5191661062542031
Qwen/Qwen3-8B,gptq,2-bit,English,1234,0.07531943510423672,0.06388702084734364,0.06220578345662407,0.06590450571620712,0.06893073301950235
Qwen/Qwen3-8B,gptq,3-bit,English,1234,0.4744451916610625,0.3644922663080027,0.4579690652320107,0.2599193006052455,0.4835238735709482
Qwen/Qwen3-8B,gptq,4-bit,English,1234,0.48655010087424344,0.4388029589778077,0.46469401479488903,0.3638197713517149,0.48688634835238737
Qwen/Qwen3-8B,gptq,2-bit,Tamil,1234,0.06287827841291191,0.06287827841291191,0.08036314727639543,0.07195696032279758,0.06825823806321453
Qwen/Qwen3-8B,gptq,3-bit,Tamil,1234,0.5137861466039004,0.4576328177538668,0.4949562878278413,0.316408876933423,0.5205110961667787
Qwen/Qwen3-8B,gptq,4-bit,Tamil,1234,0.476462676529926,0.4398117014122394,0.452925353059852,0.35205110961667785,0.4919300605245461
Qwen/Qwen3-8B,gptq,2-bit,Indonesian,1234,0.08238063214525891,0.07229320780094149,0.07330195023537324,0.07935440484196368,0.07498318762609281
Qwen/Qwen3-8B,gptq,3-bit,Indonesian,1234,0.5373234700739744,0.4388029589778077,0.504034969737727,0.31977135171486215,0.535305985205111
Qwen/Qwen3-8B,gptq,4-bit,Indonesian,1234,0.46234028244788167,0.4082044384667115,0.4451916610625421,0.35440484196368527,0.4667114996637525
Qwen/Qwen3-8B,gptq,2-bit,Swahili,1234,0.06724949562878278,0.06287827841291191,0.0675857431069267,0.06960322797579019,0.05951580363147276
Qwen/Qwen3-8B,gptq,3-bit,Swahili,1234,0.5020174848688634,0.40854068594485543,0.4657027572293208,0.35911230665770005,0.5016812373907196
Qwen/Qwen3-8B,gptq,4-bit,Swahili,1234,0.4657027572293208,0.41661062542030936,0.44082044384667113,0.35608607935440484,0.4704102219233356
Qwen/Qwen3-8B,gptq,2-bit,Chinese,1234,0.08540685944855414,0.07229320780094149,0.06254203093476798,0.07061197041022192,0.0894418291862811
Qwen/Qwen3-8B,gptq,3-bit,Chinese,1234,0.4976462676529926,0.37995965030262274,0.4667114996637525,0.26899798251513113,0.5208473436449227
Qwen/Qwen3-8B,gptq,4-bit,Chinese,1234,0.4996637525218561,0.44821788836583726,0.4825151311365165,0.3705447209145931,0.5134498991257566
Qwen/Qwen3-8B,slimllm,2-bit,English,1234,0.11129791526563552,0.05884330867518493,0.08305312710154673,0.06691324815063887,0.09717552118359112
Qwen/Qwen3-8B,slimllm,3-bit,English,1234,0.5030262273032953,0.3839946200403497,0.4731002017484869,0.30060524546065903,0.4973100201748487
Qwen/Qwen3-8B,slimllm,4-bit,English,1234,0.5030262273032953,0.4515803631472764,0.4979825151311365,0.3816408876933423,0.5258910558170814
Qwen/Qwen3-8B,slimllm,2-bit,Tamil,1234,0.10558170813718896,0.09986550100874245,0.0991930060524546,0.09314055144586415,0.09145931405514458
Qwen/Qwen3-8B,slimllm,3-bit,Tamil,1234,0.41963685272360457,0.4152656355077337,0.3860121049092132,0.2730329522528581,0.45595158036314726
Qwen/Qwen3-8B,slimllm,4-bit,Tamil,1234,0.4835238735709482,0.4562878278412912,0.46973772696704774,0.3638197713517149,0.5010087424344317
Qwen/Qwen3-8B,slimllm,2-bit,Indonesian,1234,0.0917955615332885,0.07094821788836583,0.08675184936112978,0.0699394754539341,0.08002689979825152
Qwen/Qwen3-8B,slimllm,3-bit,Indonesian,1234,0.5221923335574983,0.37121721587088097,0.4831876260928043,0.3090114324142569,0.5174848688634835
Qwen/Qwen3-8B,slimllm,4-bit,Indonesian,1234,0.49663752521856086,0.4515803631472764,0.47276395427034296,0.36785474108944183,0.5151311365164761
Qwen/Qwen3-8B,slimllm,2-bit,Swahili,1234,0.10659045057162073,0.06624075319435105,0.08305312710154673,0.06657700067249496,0.10221923335574984
Qwen/Qwen3-8B,slimllm,3-bit,Swahili,1234,0.554808338937458,0.3967720242098184,0.5020174848688634,0.3873570948217888,0.535305985205111
Qwen/Qwen3-8B,slimllm,4-bit,Swahili,1234,0.47579018157363817,0.4428379287155346,0.4525891055817081,0.3742434431741762,0.49663752521856086
Qwen/Qwen3-8B,slimllm,2-bit,Chinese,1234,0.16341627437794218,0.07800941492938802,0.08977807666442501,0.07666442501681238,0.1671149966375252
Qwen/Qwen3-8B,slimllm,3-bit,Chinese,1234,0.4973100201748487,0.3705447209145931,0.4589778076664425,0.29858776059179554,0.4791526563550773
Qwen/Qwen3-8B,slimllm,4-bit,Chinese,1234,0.4852051109616678,0.4445191661062542,0.4717552118359112,0.3665097511768662,0.5087424344317417
Qwen/Qwen3-8B,tacq,2-bit,English,1234,0.42131809011432414,0.0847343644922663,0.26126429051782113,0.1062542030934768,0.37121721587088097
Qwen/Qwen3-8B,tacq,3-bit,English,1234,0.4939475453934096,0.421990585070612,0.48184263618022866,0.32044384667114995,0.5073974445191661
Qwen/Qwen3-8B,tacq,4-bit,English,1234,0.5184936112979153,0.46301277740416946,0.5010087424344317,0.37323470073974446,0.5151311365164761
Qwen/Qwen3-8B,tacq,2-bit,Tamil,1234,0.29825151311365167,0.18560860793544048,0.2078009414929388,0.09952925353059852,0.35810356422326833
Qwen/Qwen3-8B,tacq,3-bit,Tamil,1234,0.4973100201748487,0.4512441156691325,0.4761264290517821,0.3449899125756557,0.5178211163416274
Qwen/Qwen3-8B,tacq,4-bit,Tamil,1234,0.5063887020847344,0.4475453934095494,0.48655010087424344,0.3718897108271688,0.5121049092131809
Qwen/Qwen3-8B,tacq,2-bit,Indonesian,1234,0.4603227975790182,0.12239408204438466,0.4149293880295898,0.13214525891055817,0.4435104236718225
Qwen/Qwen3-8B,tacq,3-bit,Indonesian,1234,0.4425016812373907,0.3796234028244788,0.413920645595158,0.30867518493611296,0.441492938802959
Qwen/Qwen3-8B,tacq,4-bit,Indonesian,1234,0.5178211163416274,0.4660390047074647,0.495965030262273,0.3762609280430397,0.5218560860793544
Qwen/Qwen3-8B,tacq,2-bit,Swahili,1234,0.25050437121721586,0.11566913248150638,0.1956960322797579,0.15736381977135172,0.1694687289845326
Qwen/Qwen3-8B,tacq,3-bit,Swahili,1234,0.4421654337592468,0.3668459986550101,0.4129119031607263,0.3480161398789509,0.43813046402151984
Qwen/Qwen3-8B,tacq,4-bit,Swahili,1234,0.49932750504371215,0.4347679892400807,0.4589778076664425,0.3725622057834566,0.4952925353059852
Qwen/Qwen3-8B,tacq,2-bit,Chinese,1234,0.3954270342972428,0.09280430396772024,0.25756556825823806,0.10659045057162073,0.44048419636852726
Qwen/Qwen3-8B,tacq,3-bit,Chinese,1234,0.4398117014122394,0.3782784129119032,0.43544048419636855,0.3032952252858104,0.4808338937457969
Qwen/Qwen3-8B,tacq,4-bit,Chinese,1234,0.49663752521856086,0.4515803631472764,0.4670477471418965,0.3755884330867518,0.5100874243443174
Qwen/Qwen3-8B,sinq,2-bit,,1234,0.0605245460659045,0.05110961667787491,0.05850706119704102,0.05884330867518493,0.0652320107599193
Qwen/Qwen3-8B,sinq,3-bit,,1234,0.4280430396772024,0.3160726294552791,0.4018157363819771,0.2531943510423672,0.4371217215870881
Qwen/Qwen3-8B,sinq,4-bit,,1234,0.4976462676529926,0.4694014794889038,0.4741089441829186,0.37088096839273704,0.5164761264290518
CohereLabs/aya-expanse-8b,Unquantized,32-bit,Unquantized,1234,0.6089441829186281,0.4852051109616678,0.5870880968392737,0.374915938130464,0.6032279757901816
CohereLabs/aya-expanse-8b,gptq,2-bit,English,1234,0.1089441829186281,0.05379959650302623,0.08338937457969066,0.09549428379287156,0.09650302622730328
CohereLabs/aya-expanse-8b,gptq,3-bit,English,1234,0.5618695359784802,0.38096839273705446,0.5504371217215871,0.27807666442501683,0.5622057834566241
CohereLabs/aya-expanse-8b,gptq,4-bit,English,1234,0.5887693342299932,0.4811701412239408,0.5706119704102219,0.36886348352387355,0.5783456624075319
CohereLabs/aya-expanse-8b,gptq,2-bit,Tamil,1234,0.06455951580363148,0.06657700067249496,0.06422326832548755,0.06321452589105582,0.07330195023537324
CohereLabs/aya-expanse-8b,gptq,3-bit,Tamil,1234,0.5541358439811701,0.3971082716879624,0.5144586415601883,0.195359784801614,0.51546738399462
CohereLabs/aya-expanse-8b,gptq,4-bit,Tamil,1234,0.6086079354404842,0.48924008069939473,0.5948217888365838,0.36886348352387355,0.6072629455279085
CohereLabs/aya-expanse-8b,gptq,2-bit,Indonesian,1234,0.1180228648285138,0.05817081371889711,0.11297915265635508,0.08103564223268325,0.101546738399462
CohereLabs/aya-expanse-8b,gptq,3-bit,Indonesian,1234,0.5574983187626092,0.3745796906523201,0.5464021519838601,0.2995965030262273,0.5595158036314728
CohereLabs/aya-expanse-8b,gptq,4-bit,Indonesian,1234,0.589778076664425,0.48924008069939473,0.5739744451916611,0.3698722259583053,0.5759919300605245
CohereLabs/aya-expanse-8b,gptq,2-bit,Swahili,1234,0.08439811701412239,0.08069939475453934,0.08876933422999328,0.0917955615332885,0.09011432414256892
CohereLabs/aya-expanse-8b,gptq,3-bit,Swahili,1234,0.5652320107599192,0.36617350369872226,0.5383322125084062,0.33053127101546736,0.5524546065904505
CohereLabs/aya-expanse-8b,gptq,4-bit,Swahili,1234,0.5988567585743106,0.460995292535306,0.5749831876260928,0.3641560188298587,0.5830531271015468
CohereLabs/aya-expanse-8b,gptq,2-bit,Chinese,1234,0.08002689979825152,0.04942837928715535,0.05514458641560188,0.05615332885003362,0.07666442501681238
CohereLabs/aya-expanse-8b,gptq,3-bit,Chinese,1234,0.6217215870880969,0.4001344989912576,0.6012104909213181,0.2921990585070612,0.6102891728312038
CohereLabs/aya-expanse-8b,gptq,4-bit,Chinese,1234,0.6079354404841963,0.4919300605245461,0.5911230665770006,0.3618022864828514,0.6055817081371889
CohereLabs/aya-expanse-8b,slimllm,2-bit,English,1234,0.3231338264963013,0.08809683927370544,0.13113651647612642,0.09314055144586415,0.17552118359112306
CohereLabs/aya-expanse-8b,slimllm,3-bit,English,1234,0.6025554808338938,0.3937457969065232,0.5786819098856758,0.3022864828513786,0.5921318090114324
CohereLabs/aya-expanse-8b,slimllm,4-bit,English,1234,0.6045729657027572,0.4603227975790182,0.5978480161398789,0.3419636852723605,0.6079354404841963
CohereLabs/aya-expanse-8b,slimllm,2-bit,Indonesian,1234,0.11028917283120376,0.05648957632817754,0.1516476126429052,0.03732347007397444,0.08507061197041023
CohereLabs/aya-expanse-8b,slimllm,3-bit,Indonesian,1234,0.5847343644922663,0.3887020847343645,0.5759919300605245,0.28379287155346333,0.5944855413584398
CohereLabs/aya-expanse-8b,slimllm,4-bit,Indonesian,1234,0.6149966375252186,0.4734364492266308,0.6042367182246133,0.36012104909213183,0.613315400134499
CohereLabs/aya-expanse-8b,slimllm,2-bit,Swahili,1234,0.2424344317417619,0.0847343644922663,0.2562205783456624,0.1136516476126429,0.23133826496301277
CohereLabs/aya-expanse-8b,slimllm,3-bit,Swahili,1234,0.5880968392737055,0.413920645595158,0.5635507733691997,0.33658372562205785,0.5854068594485541
CohereLabs/aya-expanse-8b,slimllm,4-bit,Swahili,1234,0.5860793544048419,0.4562878278412912,0.5696032279757902,0.3607935440484196,0.5833893745796906
CohereLabs/aya-expanse-8b,slimllm,2-bit,Chinese,1234,0.16509751176866175,0.10020174848688634,0.12878278412911903,0.10928043039677204,0.23772696704774715
CohereLabs/aya-expanse-8b,slimllm,3-bit,Chinese,1234,0.5948217888365838,0.386684599865501,0.5823806321452589,0.2848016139878951,0.5941492938802959
CohereLabs/aya-expanse-8b,slimllm,4-bit,Chinese,1234,0.6039004707464694,0.476462676529926,0.5928043039677202,0.3618022864828514,0.6075991930060525
CohereLabs/aya-expanse-8b,tacq,2-bit,English,1234,0.539004707464694,0.1180228648285138,0.4989912575655683,0.13887020847343645,0.5114324142568931
CohereLabs/aya-expanse-8b,tacq,3-bit,English,1234,0.609280430396772,0.4169468728984533,0.5914593140551446,0.3194351042367182,0.589778076664425
CohereLabs/aya-expanse-8b,tacq,4-bit,English,1234,0.6028917283120376,0.4794889038332213,0.5948217888365838,0.359448554135844,0.5951580363147276
CohereLabs/aya-expanse-8b,tacq,2-bit,Tamil,1234,0.4636852723604573,0.33456624075319435,0.45225285810356425,0.16879623402824478,0.4771351714862138
CohereLabs/aya-expanse-8b,tacq,3-bit,Tamil,1234,0.5783456624075319,0.45696032279757903,0.5679219905850706,0.3439811701412239,0.5857431069266981
CohereLabs/aya-expanse-8b,tacq,4-bit,Tamil,1234,0.6099529253530599,0.4919300605245461,0.6018829858776059,0.3890383322125084,0.6267652992602556
CohereLabs/aya-expanse-8b,tacq,2-bit,Indonesian,1234,0.5490921318090114,0.15635507733691997,0.5255548083389374,0.1926698049764627,0.5416946872898454
CohereLabs/aya-expanse-8b,tacq,3-bit,Indonesian,1234,0.5968392737054472,0.4095494283792871,0.570275722932078,0.33154001344989914,0.5877605917955615
CohereLabs/aya-expanse-8b,tacq,4-bit,Indonesian,1234,0.6109616677874916,0.46772024209818425,0.5880968392737055,0.3638197713517149,0.5985205110961668
CohereLabs/aya-expanse-8b,tacq,2-bit,Swahili,1234,0.49462004034969737,0.17182246133154003,0.4831876260928043,0.27336919973100204,0.4852051109616678
CohereLabs/aya-expanse-8b,tacq,3-bit,Swahili,1234,0.5968392737054472,0.4048419636852724,0.5800268997982515,0.35877605917955613,0.5988567585743106
CohereLabs/aya-expanse-8b,tacq,4-bit,Swahili,1234,0.6109616677874916,0.4794889038332213,0.6032279757901816,0.3698722259583053,0.6143241425689308
CohereLabs/aya-expanse-8b,tacq,2-bit,Chinese,1234,0.5524546065904505,0.17350369872225957,0.5087424344317417,0.1768661735036987,0.5601882985877606
CohereLabs/aya-expanse-8b,tacq,3-bit,Chinese,1234,0.5840618695359785,0.42131809011432414,0.5877605917955615,0.2952252858103564,0.5894418291862811
CohereLabs/aya-expanse-8b,tacq,4-bit,Chinese,1234,0.6106254203093476,0.4741089441829186,0.6022192333557498,0.3618022864828514,0.6106254203093476
CohereLabs/aya-expanse-8b,sinq,2-bit,,1234,0.20948217888365836,0.07195696032279758,0.1186953597848016,0.07195696032279758,0.16072629455279086
CohereLabs/aya-expanse-8b,sinq,3-bit,,1234,0.5854068594485541,0.4156018829858776,0.5726294552790854,0.30800268997982516,0.5817081371889711
CohereLabs/aya-expanse-8b,sinq,4-bit,,1234,0.6022192333557498,0.4731002017484869,0.5894418291862811,0.3574310692669805,0.5928043039677202
meta-llama/Llama-3.1-8B-Instruct,sinq,2-bit,,1234,0.06220578345662407,0.0554808338937458,0.07901815736381977,0.06489576328177539,0.07431069266980497
meta-llama/Llama-3.1-8B-Instruct,sinq,3-bit,,1234,0.5184936112979153,0.3201075991930061,0.48655010087424344,0.3507061197041022,0.49226630800269
meta-llama/Llama-3.1-8B-Instruct,sinq,4-bit,,1234,0.5537995965030262,0.5013449899125757,0.5416946872898454,0.4717552118359112,0.551109616677875
Qwen/Qwen3-14B,sinq,2-bit,,1234,0.08372562205783457,0.07296570275722931,0.0894418291862811,0.06590450571620712,0.0847343644922663
Qwen/Qwen3-14B,sinq,3-bit,,1234,0.5692669804976462,0.5215198386012105,0.5366509751176867,0.4327505043712172,0.5564895763281775
