Base Model,Quantization Technique,Bit Width,Calibration Language,Random Seed,en,ta,sw,zh
Qwen/Qwen3-8B,Unquantized,32-bit,Unquantized,1234,0.848,0.716,0.392,0.88
Qwen/Qwen3-8B,gptq,2-bit,English,1234,0.012,0.008,0.004,0.012
Qwen/Qwen3-8B,gptq,3-bit,English,1234,0.508,0.196,0.104,0.492
Qwen/Qwen3-8B,gptq,4-bit,English,1234,0.864,0.512,0.348,0.852
Qwen/Qwen3-8B,gptq,2-bit,Tamil,1234,0.004,0.016,0.004,0.004
Qwen/Qwen3-8B,gptq,3-bit,Tamil,1234,0.572,0.356,0.032,0.352
Qwen/Qwen3-8B,gptq,4-bit,Tamil,1234,0.8,0.68,0.296,0.852
Qwen/Qwen3-8B,gptq,2-bit,Swahili,1234,0.012,0.004,0.008,0.008
Qwen/Qwen3-8B,gptq,3-bit,Swahili,1234,0.428,0.212,0.168,0.552
Qwen/Qwen3-8B,gptq,4-bit,Swahili,1234,0.856,0.572,0.364,0.832
Qwen/Qwen3-8B,gptq,2-bit,Chinese,1234,0.004,0.032,0.0,0.012
Qwen/Qwen3-8B,gptq,3-bit,Chinese,1234,0.38,0.096,0.02,0.588
Qwen/Qwen3-8B,gptq,4-bit,Chinese,1234,0.812,0.556,0.36,0.888
Qwen/Qwen3-8B,slimllm,2-bit,English,1234,0.004,0.0,0.004,0.0
Qwen/Qwen3-8B,slimllm,3-bit,English,1234,0.76,0.18,0.068,0.584
Qwen/Qwen3-8B,slimllm,4-bit,English,1234,0.808,0.648,0.268,0.844
Qwen/Qwen3-8B,slimllm,2-bit,Tamil,1234,0.008,0.004,0.004,0.0
Qwen/Qwen3-8B,slimllm,3-bit,Tamil,1234,0.524,0.452,0.14,0.624
Qwen/Qwen3-8B,slimllm,4-bit,Tamil,1234,0.852,0.564,0.26,0.836
Qwen/Qwen3-8B,slimllm,2-bit,Swahili,1234,0.004,0.008,0.008,0.004
Qwen/Qwen3-8B,slimllm,3-bit,Swahili,1234,0.784,0.284,0.216,0.584
Qwen/Qwen3-8B,slimllm,4-bit,Swahili,1234,0.836,0.684,0.312,0.824
Qwen/Qwen3-8B,slimllm,2-bit,Chinese,1234,0.0,0.0,0.0,0.004
Qwen/Qwen3-8B,slimllm,3-bit,Chinese,1234,0.788,0.344,0.148,0.74
Qwen/Qwen3-8B,slimllm,4-bit,Chinese,1234,0.852,0.64,0.3,0.832
Qwen/Qwen3-8B,tacq,2-bit,English,1234,0.096,0.0,0.0,0.044
Qwen/Qwen3-8B,tacq,3-bit,English,1234,0.808,0.448,0.156,0.816
Qwen/Qwen3-8B,tacq,4-bit,English,1234,0.868,0.708,0.332,0.86
Qwen/Qwen3-8B,tacq,2-bit,Tamil,1234,0.012,0.016,0.0,0.02
Qwen/Qwen3-8B,tacq,3-bit,Tamil,1234,0.804,0.508,0.188,0.812
Qwen/Qwen3-8B,tacq,4-bit,Tamil,1234,0.82,0.708,0.364,0.884
Qwen/Qwen3-8B,tacq,2-bit,Swahili,1234,0.012,0.0,0.0,0.004
Qwen/Qwen3-8B,tacq,3-bit,Swahili,1234,0.744,0.42,0.212,0.768
Qwen/Qwen3-8B,tacq,4-bit,Swahili,1234,0.836,0.624,0.34,0.824
Qwen/Qwen3-8B,tacq,2-bit,Chinese,1234,0.064,0.0,0.008,0.1
Qwen/Qwen3-8B,tacq,3-bit,Chinese,1234,0.848,0.356,0.18,0.788
Qwen/Qwen3-8B,tacq,4-bit,Chinese,1234,0.856,0.644,0.348,0.864
Qwen/Qwen3-8B,sinq,3-bit,,1234,0.132,0.04,0.012,0.268
Qwen/Qwen3-8B,sinq,4-bit,,1234,0.208,0.136,0.092,0.232
CohereLabs/aya-expanse-8b,Unquantized,32-bit,Unquantized,1234,0.668,0.032,0.088,0.58
CohereLabs/aya-expanse-8b,gptq,3-bit,English,1234,0.472,0.024,0.016,0.292
CohereLabs/aya-expanse-8b,gptq,4-bit,English,1234,0.604,0.024,0.064,0.512
CohereLabs/aya-expanse-8b,gptq,3-bit,Tamil,1234,0.464,0.044,0.016,0.1
CohereLabs/aya-expanse-8b,gptq,4-bit,Tamil,1234,0.592,0.012,0.044,0.488
CohereLabs/aya-expanse-8b,gptq,3-bit,Swahili,1234,0.432,0.028,0.064,0.328
CohereLabs/aya-expanse-8b,gptq,4-bit,Swahili,1234,0.676,0.044,0.06,0.476
CohereLabs/aya-expanse-8b,gptq,3-bit,Chinese,1234,0.58,0.036,0.032,0.4
CohereLabs/aya-expanse-8b,gptq,4-bit,Chinese,1234,0.488,0.024,0.068,0.552
CohereLabs/aya-expanse-8b,slimllm,2-bit,English,1234,0.012,0.004,0.012,0.004
CohereLabs/aya-expanse-8b,slimllm,3-bit,English,1234,0.408,0.032,0.024,0.328
CohereLabs/aya-expanse-8b,slimllm,4-bit,English,1234,0.608,0.036,0.076,0.468
CohereLabs/aya-expanse-8b,slimllm,2-bit,Swahili,1234,0.008,0.0,0.0,0.008
CohereLabs/aya-expanse-8b,slimllm,3-bit,Swahili,1234,0.424,0.028,0.04,0.364
CohereLabs/aya-expanse-8b,slimllm,4-bit,Swahili,1234,0.552,0.036,0.088,0.5
CohereLabs/aya-expanse-8b,slimllm,2-bit,Chinese,1234,0.004,0.012,0.02,0.02
CohereLabs/aya-expanse-8b,slimllm,3-bit,Chinese,1234,0.48,0.044,0.036,0.364
CohereLabs/aya-expanse-8b,slimllm,4-bit,Chinese,1234,0.58,0.024,0.088,0.428
CohereLabs/aya-expanse-8b,tacq,2-bit,English,1234,0.064,0.012,0.008,0.104
CohereLabs/aya-expanse-8b,tacq,3-bit,English,1234,0.488,0.044,0.08,0.392
CohereLabs/aya-expanse-8b,tacq,4-bit,English,1234,0.664,0.02,0.068,0.548
CohereLabs/aya-expanse-8b,tacq,2-bit,Tamil,1234,0.06,0.02,0.024,0.056
CohereLabs/aya-expanse-8b,tacq,3-bit,Tamil,1234,0.248,0.044,0.064,0.376
CohereLabs/aya-expanse-8b,tacq,4-bit,Tamil,1234,0.6,0.024,0.06,0.512
CohereLabs/aya-expanse-8b,tacq,2-bit,Swahili,1234,0.116,0.016,0.02,0.056
CohereLabs/aya-expanse-8b,tacq,3-bit,Swahili,1234,0.176,0.028,0.056,0.392
CohereLabs/aya-expanse-8b,tacq,4-bit,Swahili,1234,0.66,0.028,0.084,0.564
CohereLabs/aya-expanse-8b,tacq,2-bit,Chinese,1234,0.104,0.004,0.012,0.14
CohereLabs/aya-expanse-8b,tacq,3-bit,Chinese,1234,0.508,0.04,0.064,0.368
CohereLabs/aya-expanse-8b,tacq,4-bit,Chinese,1234,0.616,0.02,0.076,0.472
CohereLabs/aya-expanse-8b,sinq,3-bit,,1234,0.38,0.02,0.012,0.052
CohereLabs/aya-expanse-8b,sinq,4-bit,,1234,0.68,0.04,0.012,0.208
meta-llama/Llama-3.1-8B-Instruct,Unquantized,32-bit,Unquantized,1234,0.816,0.2,0.436,0.576
meta-llama/Llama-3.1-8B-Instruct,gptq,3-bit,English,1234,0.376,0.0,0.016,0.064
meta-llama/Llama-3.1-8B-Instruct,gptq,4-bit,English,1234,0.752,0.144,0.16,0.428
meta-llama/Llama-3.1-8B-Instruct,gptq,3-bit,Tamil,1234,0.34,0.044,0.02,0.152
meta-llama/Llama-3.1-8B-Instruct,gptq,4-bit,Tamil,1234,0.784,0.12,0.352,0.648
meta-llama/Llama-3.1-8B-Instruct,gptq,3-bit,Swahili,1234,0.268,0.0,0.064,0.068
meta-llama/Llama-3.1-8B-Instruct,gptq,4-bit,Swahili,1234,0.784,0.092,0.284,0.536
meta-llama/Llama-3.1-8B-Instruct,gptq,3-bit,Chinese,1234,0.332,0.0,0.0,0.232
meta-llama/Llama-3.1-8B-Instruct,gptq,4-bit,Chinese,1234,0.78,0.18,0.248,0.516
meta-llama/Llama-3.1-8B-Instruct,slimllm,2-bit,English,1234,0.012,0.0,0.0,0.012
meta-llama/Llama-3.1-8B-Instruct,slimllm,3-bit,English,1234,0.044,0.0,0.008,0.036
meta-llama/Llama-3.1-8B-Instruct,slimllm,4-bit,English,1234,0.588,0.084,0.076,0.16
meta-llama/Llama-3.1-8B-Instruct,slimllm,2-bit,Tamil,1234,0.0,0.008,0.0,0.004
meta-llama/Llama-3.1-8B-Instruct,slimllm,3-bit,Tamil,1234,0.0,0.0,0.0,0.0
meta-llama/Llama-3.1-8B-Instruct,slimllm,4-bit,Tamil,1234,0.476,0.148,0.24,0.152
meta-llama/Llama-3.1-8B-Instruct,slimllm,2-bit,Swahili,1234,0.0,0.0,0.0,0.0
meta-llama/Llama-3.1-8B-Instruct,slimllm,3-bit,Swahili,1234,0.096,0.0,0.028,0.012
meta-llama/Llama-3.1-8B-Instruct,slimllm,4-bit,Swahili,1234,0.728,0.224,0.404,0.376
meta-llama/Llama-3.1-8B-Instruct,slimllm,2-bit,Chinese,1234,0.008,0.0,0.0,0.012
meta-llama/Llama-3.1-8B-Instruct,slimllm,3-bit,Chinese,1234,0.08,0.02,0.032,0.152
meta-llama/Llama-3.1-8B-Instruct,slimllm,4-bit,Chinese,1234,0.756,0.1,0.416,0.536
meta-llama/Llama-3.1-8B-Instruct,tacq,2-bit,English,1234,0.02,0.012,0.004,0.008
meta-llama/Llama-3.1-8B-Instruct,tacq,3-bit,English,1234,0.52,0.032,0.056,0.044
meta-llama/Llama-3.1-8B-Instruct,tacq,4-bit,English,1234,0.74,0.152,0.304,0.452
meta-llama/Llama-3.1-8B-Instruct,tacq,2-bit,Tamil,1234,0.008,0.016,0.008,0.008
meta-llama/Llama-3.1-8B-Instruct,tacq,3-bit,Tamil,1234,0.616,0.148,0.096,0.224
meta-llama/Llama-3.1-8B-Instruct,tacq,4-bit,Tamil,1234,0.732,0.204,0.472,0.516
meta-llama/Llama-3.1-8B-Instruct,tacq,2-bit,Swahili,1234,0.012,0.0,0.008,0.008
meta-llama/Llama-3.1-8B-Instruct,tacq,3-bit,Swahili,1234,0.344,0.032,0.152,0.064
meta-llama/Llama-3.1-8B-Instruct,tacq,4-bit,Swahili,1234,0.804,0.264,0.368,0.504
meta-llama/Llama-3.1-8B-Instruct,tacq,2-bit,Chinese,1234,0.008,0.0,0.008,0.024
meta-llama/Llama-3.1-8B-Instruct,tacq,3-bit,Chinese,1234,0.512,0.076,0.128,0.324
meta-llama/Llama-3.1-8B-Instruct,tacq,4-bit,Chinese,1234,0.788,0.228,0.268,0.472
meta-llama/Llama-3.1-8B-Instruct,sinq,3-bit,,1234,0.188,0.024,0.012,0.124
meta-llama/Llama-3.1-8B-Instruct,sinq,4-bit,,1234,0.68,0.048,0.188,0.432
Qwen/Qwen3-14B,Unquantized,32-bit,Unquantized,1234,0.936,0.756,0.7,0.896
Qwen/Qwen3-14B,gptq,2-bit,English,1234,0.004,0.02,0.008,0.0
Qwen/Qwen3-14B,gptq,3-bit,English,1234,0.908,0.324,0.236,0.808
Qwen/Qwen3-14B,gptq,2-bit,Tamil,1234,0.02,0.02,0.016,0.0
Qwen/Qwen3-14B,gptq,3-bit,Tamil,1234,0.908,0.712,0.388,0.856
Qwen/Qwen3-14B,gptq,2-bit,Swahili,1234,0.004,0.004,0.016,0.016
Qwen/Qwen3-14B,gptq,3-bit,Swahili,1234,0.94,0.62,0.22,0.876
Qwen/Qwen3-14B,gptq,2-bit,Chinese,1234,0.012,0.008,0.004,0.004
Qwen/Qwen3-14B,gptq,3-bit,Chinese,1234,0.92,0.632,0.308,0.868
Qwen/Qwen3-14B,tacq,2-bit,English,1234,0.38,0.0,0.0,0.228
Qwen/Qwen3-14B,tacq,3-bit,English,1234,0.9,0.488,0.408,0.872
Qwen/Qwen3-14B,tacq,2-bit,Tamil,1234,0.152,0.072,0.024,0.104
Qwen/Qwen3-14B,tacq,3-bit,Tamil,1234,0.96,0.808,0.528,0.808
Qwen/Qwen3-14B,tacq,2-bit,Swahili,1234,0.096,0.032,0.04,0.04
Qwen/Qwen3-14B,tacq,3-bit,Swahili,1234,0.908,0.664,0.576,0.852
Qwen/Qwen3-14B,tacq,2-bit,Chinese,1234,0.232,0.0,0.0,0.236
Qwen/Qwen3-14B,tacq,3-bit,Chinese,1234,0.928,0.712,0.448,0.88
Qwen/Qwen3-14B,sinq,2-bit,,1234,0.0,0.012,0.008,0.012
Qwen/Qwen3-14B,sinq,3-bit,,1234,0.32,0.132,0.056,0.32
