Base Model,Quantization Technique,Bit Width,Calibration Language,Random Seed,eng,tam,idn,swa,zhoblimp
Qwen/Qwen3-8B,Unquantized,32-bit,Unquantized,1234,0.9727272727272728,0.9031413612565444,0.5973684210526315,0.45775,0.8191525423728814
Qwen/Qwen3-8B,gptq,2-bit,English,1234,0.6818181818181818,0.6204188481675392,0.5078947368421053,0.50425,0.5620338983050847
Qwen/Qwen3-8B,gptq,3-bit,English,1234,0.977922077922078,0.8141361256544503,0.6052631578947368,0.47875,0.804322033898305
Qwen/Qwen3-8B,gptq,4-bit,English,1234,0.9974025974025974,0.8952879581151832,1.0,1.0,1.0
Qwen/Qwen3-8B,gptq,2-bit,Tamil,1234,0.6246753246753247,0.7068062827225131,0.5526315789473685,0.505375,0.5671468926553672
Qwen/Qwen3-8B,gptq,3-bit,Tamil,1234,0.9727272727272728,0.9083769633507852,0.6078947368421053,0.451,0.8216101694915254
Qwen/Qwen3-8B,gptq,4-bit,Tamil,1234,0.9974025974025974,0.9214659685863874,1.0,1.0,1.0
Qwen/Qwen3-8B,gptq,2-bit,Indonesian,1234,0.6090909090909091,0.56282722513089,0.4973684210526316,0.499125,0.5654802259887005
Qwen/Qwen3-8B,gptq,3-bit,Indonesian,1234,0.9636363636363636,0.819371727748691,0.6052631578947368,0.463375,0.8227966101694916
Qwen/Qwen3-8B,gptq,4-bit,Indonesian,1234,0.9948051948051948,0.9214659685863874,1.0,1.0,1.0
Qwen/Qwen3-8B,gptq,2-bit,Swahili,1234,0.6207792207792208,0.6047120418848168,0.5,0.496125,0.5586723163841808
Qwen/Qwen3-8B,gptq,3-bit,Swahili,1234,0.9675324675324676,0.8403141361256544,0.6052631578947368,0.462,0.8176271186440678
Qwen/Qwen3-8B,gptq,4-bit,Swahili,1234,0.9961038961038962,0.9136125654450262,1.0,1.0,1.0
Qwen/Qwen3-8B,gptq,2-bit,Chinese,1234,0.6272727272727273,0.5261780104712042,0.531578947368421,0.5045,0.5957627118644068
Qwen/Qwen3-8B,gptq,3-bit,Chinese,1234,0.948051948051948,0.8141361256544503,0.5842105263157895,0.4745,0.7922598870056498
Qwen/Qwen3-8B,gptq,4-bit,Chinese,1234,0.9961038961038962,0.9267015706806284,1.0,1.0,1.0
Qwen/Qwen3-8B,slimllm,2-bit,English,1234,0.9376623376623376,0.4790575916230366,0.5184210526315789,0.461125,0.5728248587570621
Qwen/Qwen3-8B,slimllm,3-bit,English,1234,0.9701298701298702,0.8010471204188482,0.55,0.465375,0.7910169491525424
Qwen/Qwen3-8B,slimllm,4-bit,English,1234,0.9675324675324676,0.9083769633507852,0.5710526315789474,0.4755,0.8148022598870056
Qwen/Qwen3-8B,slimllm,2-bit,Tamil,1234,0.7233766233766233,0.8141361256544503,0.5368421052631579,0.476625,0.6291525423728813
Qwen/Qwen3-8B,slimllm,3-bit,Tamil,1234,0.9662337662337662,0.887434554973822,0.5605263157894737,0.472375,0.8141242937853107
Qwen/Qwen3-8B,slimllm,4-bit,Tamil,1234,0.9675324675324676,0.8979057591623036,0.618421052631579,0.461875,0.8164124293785311
Qwen/Qwen3-8B,slimllm,2-bit,Indonesian,1234,0.7558441558441559,0.7408376963350786,0.55,0.45975,0.6123163841807909
Qwen/Qwen3-8B,slimllm,3-bit,Indonesian,1234,0.9662337662337662,0.7722513089005235,0.6052631578947368,0.47,0.8148022598870056
Qwen/Qwen3-8B,slimllm,4-bit,Indonesian,1234,0.9597402597402598,0.8900523560209425,0.5921052631578947,0.45875,0.8141525423728813
Qwen/Qwen3-8B,slimllm,2-bit,Swahili,1234,0.8311688311688312,0.680628272251309,0.4710526315789474,0.46075,0.610593220338983
Qwen/Qwen3-8B,slimllm,3-bit,Swahili,1234,0.9532467532467532,0.8115183246073299,0.5947368421052631,0.4565,0.7958192090395481
Qwen/Qwen3-8B,slimllm,4-bit,Swahili,1234,0.9675324675324676,0.9109947643979056,0.6,0.4585,0.8140677966101695
Qwen/Qwen3-8B,slimllm,2-bit,Chinese,1234,0.8181818181818182,0.599476439790576,0.5736842105263158,0.471625,0.7802824858757063
Qwen/Qwen3-8B,slimllm,3-bit,Chinese,1234,0.9701298701298702,0.8272251308900523,0.5763157894736842,0.4515,0.8442372881355933
Qwen/Qwen3-8B,slimllm,4-bit,Chinese,1234,0.9675324675324676,0.8900523560209425,0.6026315789473684,0.451125,0.8133333333333334
Qwen/Qwen3-8B,tacq,2-bit,English,1234,0.9623376623376624,0.675392670157068,0.5236842105263158,0.4595,0.7645762711864407
Qwen/Qwen3-8B,tacq,3-bit,English,1234,0.9714285714285714,0.8167539267015707,0.5684210526315789,0.44675,0.8175988700564972
Qwen/Qwen3-8B,tacq,4-bit,English,1234,0.9701298701298702,0.9345549738219896,0.6052631578947368,0.460125,0.8107909604519774
Qwen/Qwen3-8B,tacq,2-bit,Tamil,1234,0.9584415584415584,0.8691099476439791,0.5447368421052632,0.4735,0.7920621468926554
Qwen/Qwen3-8B,tacq,3-bit,Tamil,1234,0.9623376623376624,0.9109947643979056,0.6157894736842106,0.468125,0.8124293785310734
Qwen/Qwen3-8B,tacq,4-bit,Tamil,1234,0.9701298701298702,0.900523560209424,0.6157894736842106,0.466875,0.8053672316384181
Qwen/Qwen3-8B,tacq,2-bit,Indonesian,1234,0.9545454545454546,0.6335078534031413,0.5947368421052631,0.489875,0.8018644067796611
Qwen/Qwen3-8B,tacq,3-bit,Indonesian,1234,0.9584415584415584,0.824607329842932,0.5736842105263158,0.455875,0.8030508474576271
Qwen/Qwen3-8B,tacq,4-bit,Indonesian,1234,0.964935064935065,0.8900523560209425,0.6131578947368421,0.46,0.8196327683615819
Qwen/Qwen3-8B,tacq,2-bit,Swahili,1234,0.9558441558441558,0.5890052356020943,0.5157894736842106,0.455625,0.7509887005649717
Qwen/Qwen3-8B,tacq,3-bit,Swahili,1234,0.964935064935065,0.8795811518324608,0.6157894736842106,0.4545,0.8277966101694916
Qwen/Qwen3-8B,tacq,4-bit,Swahili,1234,0.9688311688311688,0.8900523560209425,0.6052631578947368,0.45625,0.8120338983050847
Qwen/Qwen3-8B,tacq,2-bit,Chinese,1234,0.9428571428571428,0.7146596858638743,0.48157894736842105,0.46675,0.8409604519774011
Qwen/Qwen3-8B,tacq,3-bit,Chinese,1234,0.9688311688311688,0.806282722513089,0.5921052631578947,0.455375,0.8407344632768361
Qwen/Qwen3-8B,tacq,4-bit,Chinese,1234,0.974025974025974,0.887434554973822,0.631578947368421,0.458,0.8200000000000001
Qwen/Qwen3-8B,sinq,2-bit,,1234,0.6415584415584416,0.6151832460732984,0.4842105263157895,0.50225,0.5477401129943503
Qwen/Qwen3-8B,sinq,3-bit,,1234,0.964935064935065,0.806282722513089,0.5947368421052631,0.470375,0.8386158192090395
Qwen/Qwen3-8B,sinq,4-bit,,1234,0.964935064935065,0.8821989528795812,0.6210526315789474,0.465125,0.8149717514124294
CohereLabs/aya-expanse-8b,Unquantized,32-bit,Unquantized,1234,0.964935064935065,0.9214659685863874,0.5763157894736842,0.48425,0.7895762711864407
CohereLabs/aya-expanse-8b,gptq,2-bit,English,1234,0.7883116883116883,0.6308900523560209,0.4842105263157895,0.486125,0.5674293785310734
CohereLabs/aya-expanse-8b,gptq,3-bit,English,1234,0.9675324675324676,0.824607329842932,0.5552631578947368,0.485875,0.7605367231638419
CohereLabs/aya-expanse-8b,gptq,4-bit,English,1234,0.9662337662337662,0.9136125654450262,0.5894736842105263,0.483125,0.7796610169491526
CohereLabs/aya-expanse-8b,gptq,2-bit,Tamil,1234,0.7649350649350649,0.7958115183246073,0.5184210526315789,0.489,0.5637853107344634
CohereLabs/aya-expanse-8b,gptq,3-bit,Tamil,1234,0.9428571428571428,0.8979057591623036,0.5710526315789474,0.48325,0.7122033898305086
CohereLabs/aya-expanse-8b,gptq,4-bit,Tamil,1234,0.9675324675324676,0.918848167539267,0.5684210526315789,0.48075,0.7913841807909604
CohereLabs/aya-expanse-8b,gptq,2-bit,Indonesian,1234,0.7844155844155845,0.5157068062827225,0.55,0.478375,0.5468361581920904
CohereLabs/aya-expanse-8b,gptq,3-bit,Indonesian,1234,0.9636363636363636,0.8743455497382199,0.5657894736842105,0.48525,0.7668079096045198
CohereLabs/aya-expanse-8b,gptq,4-bit,Indonesian,1234,0.9675324675324676,0.918848167539267,0.5710526315789474,0.4805,0.7856779661016948
CohereLabs/aya-expanse-8b,gptq,2-bit,Swahili,1234,0.7337662337662337,0.5837696335078534,0.5078947368421053,0.501,0.5634745762711864
CohereLabs/aya-expanse-8b,gptq,3-bit,Swahili,1234,0.951948051948052,0.9083769633507852,0.5631578947368421,0.47275,0.7454802259887006
CohereLabs/aya-expanse-8b,gptq,4-bit,Swahili,1234,0.9675324675324676,0.9057591623036648,0.5684210526315789,0.4815,0.7849435028248588
CohereLabs/aya-expanse-8b,gptq,2-bit,Chinese,1234,0.7025974025974026,0.6047120418848168,0.4842105263157895,0.491375,0.5951412429378531
CohereLabs/aya-expanse-8b,gptq,3-bit,Chinese,1234,0.964935064935065,0.8403141361256544,0.5763157894736842,0.496375,0.7859039548022598
CohereLabs/aya-expanse-8b,gptq,4-bit,Chinese,1234,0.9688311688311688,0.9319371727748692,0.5763157894736842,0.465125,0.7910169491525424
CohereLabs/aya-expanse-8b,slimllm,2-bit,English,1234,0.9363636363636364,0.5523560209424084,0.49473684210526314,0.490125,0.5588700564971751
CohereLabs/aya-expanse-8b,slimllm,3-bit,English,1234,0.9467532467532468,0.887434554973822,0.5552631578947368,0.487875,0.7561581920903956
CohereLabs/aya-expanse-8b,slimllm,4-bit,English,1234,0.961038961038961,0.9240837696335078,0.5789473684210527,0.471875,0.7860451977401129
CohereLabs/aya-expanse-8b,slimllm,2-bit,Indonesian,1234,0.8636363636363636,0.5916230366492147,0.531578947368421,0.508,0.5692937853107344
CohereLabs/aya-expanse-8b,slimllm,3-bit,Indonesian,1234,0.964935064935065,0.8821989528795812,0.5578947368421052,0.4915,0.7715536723163842
CohereLabs/aya-expanse-8b,slimllm,4-bit,Indonesian,1234,0.9584415584415584,0.9057591623036648,0.5736842105263158,0.465125,0.7874576271186441
CohereLabs/aya-expanse-8b,slimllm,2-bit,Swahili,1234,0.8376623376623377,0.756544502617801,0.4605263157894737,0.480375,0.5681638418079097
CohereLabs/aya-expanse-8b,slimllm,3-bit,Swahili,1234,0.961038961038961,0.9031413612565444,0.5842105263157895,0.474375,0.752090395480226
CohereLabs/aya-expanse-8b,slimllm,4-bit,Swahili,1234,0.9558441558441558,0.9240837696335078,0.5710526315789474,0.479625,0.7684180790960452
CohereLabs/aya-expanse-8b,slimllm,2-bit,Chinese,1234,0.7350649350649351,0.743455497382199,0.4842105263157895,0.470125,0.7337570621468926
CohereLabs/aya-expanse-8b,slimllm,3-bit,Chinese,1234,0.9402597402597402,0.8664921465968587,0.5921052631578947,0.45825,0.7738135593220339
CohereLabs/aya-expanse-8b,slimllm,4-bit,Chinese,1234,0.9571428571428572,0.9240837696335078,0.5421052631578948,0.490125,0.7791242937853108
CohereLabs/aya-expanse-8b,tacq,2-bit,English,1234,0.9714285714285714,0.6675392670157068,0.5184210526315789,0.50525,0.7010169491525423
CohereLabs/aya-expanse-8b,tacq,3-bit,English,1234,0.9701298701298702,0.8979057591623036,0.5631578947368421,0.483,0.7722033898305085
CohereLabs/aya-expanse-8b,tacq,4-bit,English,1234,0.9597402597402598,0.9214659685863874,0.5763157894736842,0.471,0.7869491525423729
CohereLabs/aya-expanse-8b,tacq,2-bit,Tamil,1234,0.9311688311688312,0.8979057591623036,0.5078947368421053,0.50025,0.745225988700565
CohereLabs/aya-expanse-8b,tacq,3-bit,Tamil,1234,0.9441558441558442,0.9240837696335078,0.5657894736842105,0.4665,0.7687853107344633
CohereLabs/aya-expanse-8b,tacq,4-bit,Tamil,1234,0.9584415584415584,0.9240837696335078,0.5789473684210527,0.480375,0.785141242937853
CohereLabs/aya-expanse-8b,tacq,2-bit,Indonesian,1234,0.9454545454545454,0.7198952879581152,0.5710526315789474,0.51825,0.7530508474576271
CohereLabs/aya-expanse-8b,tacq,3-bit,Indonesian,1234,0.9701298701298702,0.887434554973822,0.5815789473684211,0.46725,0.7913559322033898
CohereLabs/aya-expanse-8b,tacq,4-bit,Indonesian,1234,0.9636363636363636,0.8979057591623036,0.5763157894736842,0.475875,0.7840112994350282
CohereLabs/aya-expanse-8b,tacq,2-bit,Swahili,1234,0.9454545454545454,0.7774869109947644,0.5394736842105263,0.475875,0.7041807909604519
CohereLabs/aya-expanse-8b,tacq,3-bit,Swahili,1234,0.9545454545454546,0.9214659685863874,0.5526315789473685,0.47675,0.7878813559322034
CohereLabs/aya-expanse-8b,tacq,4-bit,Swahili,1234,0.9571428571428572,0.9109947643979056,0.5789473684210527,0.478125,0.7716949152542373
CohereLabs/aya-expanse-8b,tacq,2-bit,Chinese,1234,0.948051948051948,0.7486910994764397,0.5078947368421053,0.497625,0.7863841807909605
CohereLabs/aya-expanse-8b,tacq,3-bit,Chinese,1234,0.9532467532467532,0.9136125654450262,0.5578947368421052,0.48,0.7864124293785311
CohereLabs/aya-expanse-8b,tacq,4-bit,Chinese,1234,0.9597402597402598,0.9214659685863874,0.5736842105263158,0.481125,0.7854237288135594
CohereLabs/aya-expanse-8b,sinq,2-bit,,1234,0.8194805194805195,0.6047120418848168,0.5421052631578948,0.48125,0.6088983050847457
CohereLabs/aya-expanse-8b,sinq,3-bit,,1234,0.9623376623376624,0.9136125654450262,0.5789473684210527,0.48,0.7564689265536724
CohereLabs/aya-expanse-8b,sinq,4-bit,,1234,0.9675324675324676,0.9214659685863874,0.5947368421052631,0.478625,0.7885028248587571
meta-llama/Llama-3.1-8B-Instruct,Unquantized,32-bit,Unquantized,1234,0.9766233766233766,0.918848167539267,0.6,0.472375,0.7953954802259887
meta-llama/Llama-3.1-8B-Instruct,gptq,2-bit,English,1234,0.7779220779220779,0.7513089005235603,0.5157894736842106,0.495875,0.5461581920903955
meta-llama/Llama-3.1-8B-Instruct,gptq,3-bit,English,1234,0.9636363636363636,0.8167539267015707,0.55,0.479875,0.7746892655367231
meta-llama/Llama-3.1-8B-Instruct,gptq,4-bit,English,1234,0.9727272727272728,0.9136125654450262,0.5973684210526315,0.47425,0.7932485875706216
meta-llama/Llama-3.1-8B-Instruct,gptq,2-bit,Tamil,1234,0.7012987012987013,0.6910994764397905,0.5263157894736842,0.505375,0.5424011299435028
meta-llama/Llama-3.1-8B-Instruct,gptq,3-bit,Tamil,1234,0.9571428571428572,0.9345549738219896,0.5684210526315789,0.462,0.748361581920904
meta-llama/Llama-3.1-8B-Instruct,gptq,4-bit,Tamil,1234,0.9753246753246754,0.918848167539267,0.6157894736842106,0.4895,0.8032203389830509
meta-llama/Llama-3.1-8B-Instruct,gptq,2-bit,Indonesian,1234,0.7376623376623377,0.7198952879581152,0.5342105263157895,0.488625,0.5740677966101695
meta-llama/Llama-3.1-8B-Instruct,gptq,3-bit,Indonesian,1234,0.9636363636363636,0.7958115183246073,0.5868421052631579,0.465375,0.7673446327683616
meta-llama/Llama-3.1-8B-Instruct,gptq,4-bit,Indonesian,1234,0.9701298701298702,0.918848167539267,0.5947368421052631,0.499375,0.7988700564971751
meta-llama/Llama-3.1-8B-Instruct,gptq,2-bit,Swahili,1234,0.6415584415584416,0.6570680628272252,0.5078947368421053,0.5085,0.547683615819209
meta-llama/Llama-3.1-8B-Instruct,gptq,3-bit,Swahili,1234,0.9532467532467532,0.8219895287958116,0.5578947368421052,0.495875,0.758587570621469
meta-llama/Llama-3.1-8B-Instruct,gptq,4-bit,Swahili,1234,0.9753246753246754,0.9057591623036648,0.5921052631578947,0.49075,0.8003107344632768
meta-llama/Llama-3.1-8B-Instruct,gptq,2-bit,Chinese,1234,0.7155844155844155,0.743455497382199,0.48947368421052634,0.50675,0.587683615819209
meta-llama/Llama-3.1-8B-Instruct,gptq,3-bit,Chinese,1234,0.9675324675324676,0.8141361256544503,0.5447368421052632,0.475875,0.793361581920904
meta-llama/Llama-3.1-8B-Instruct,gptq,4-bit,Chinese,1234,0.9753246753246754,0.9345549738219896,0.5684210526315789,0.4955,0.79590395480226
meta-llama/Llama-3.1-8B-Instruct,slimllm,2-bit,English,1234,0.8246753246753247,0.7827225130890052,0.5473684210526316,0.45125,0.5230508474576271
meta-llama/Llama-3.1-8B-Instruct,slimllm,3-bit,English,1234,0.977922077922078,0.45549738219895286,0.5342105263157895,0.475375,0.758587570621469
meta-llama/Llama-3.1-8B-Instruct,slimllm,4-bit,English,1234,0.9831168831168832,0.8952879581151832,0.5736842105263158,0.4635,0.7934745762711864
meta-llama/Llama-3.1-8B-Instruct,slimllm,2-bit,Tamil,1234,0.7038961038961039,0.387434554973822,0.5105263157894737,0.469375,0.5354519774011299
meta-llama/Llama-3.1-8B-Instruct,slimllm,3-bit,Tamil,1234,0.7545454545454545,0.7958115183246073,0.5605263157894737,0.473875,0.5467514124293785
meta-llama/Llama-3.1-8B-Instruct,slimllm,4-bit,Tamil,1234,0.9844155844155844,0.9057591623036648,0.5263157894736842,0.465875,0.7916949152542373
meta-llama/Llama-3.1-8B-Instruct,slimllm,2-bit,Indonesian,1234,0.8051948051948052,0.7879581151832461,0.5342105263157895,0.480625,0.5305084745762711
meta-llama/Llama-3.1-8B-Instruct,slimllm,3-bit,Indonesian,1234,0.9701298701298702,0.6361256544502618,0.5921052631578947,0.47175,0.7651694915254238
meta-llama/Llama-3.1-8B-Instruct,slimllm,4-bit,Indonesian,1234,0.974025974025974,0.9424083769633508,0.5710526315789474,0.469625,0.795225988700565
meta-llama/Llama-3.1-8B-Instruct,slimllm,2-bit,Swahili,1234,0.8142857142857143,0.756544502617801,0.5447368421052632,0.479125,0.5483898305084746
meta-llama/Llama-3.1-8B-Instruct,slimllm,3-bit,Swahili,1234,0.9675324675324676,0.5235602094240838,0.4789473684210526,0.471625,0.7303672316384181
meta-llama/Llama-3.1-8B-Instruct,slimllm,4-bit,Swahili,1234,0.974025974025974,0.9319371727748692,0.5684210526315789,0.480625,0.7925423728813559
meta-llama/Llama-3.1-8B-Instruct,slimllm,2-bit,Chinese,1234,0.7701298701298701,0.7094240837696335,0.5157894736842106,0.450125,0.5383615819209039
meta-llama/Llama-3.1-8B-Instruct,slimllm,3-bit,Chinese,1234,0.9636363636363636,0.8429319371727748,0.5447368421052632,0.46875,0.8058474576271186
meta-llama/Llama-3.1-8B-Instruct,slimllm,4-bit,Chinese,1234,0.974025974025974,0.9083769633507852,0.5736842105263158,0.487875,0.7932485875706216
meta-llama/Llama-3.1-8B-Instruct,tacq,2-bit,English,1234,0.9714285714285714,0.7486910994764397,0.46842105263157896,0.464375,0.5931638418079097
meta-llama/Llama-3.1-8B-Instruct,tacq,3-bit,English,1234,0.9805194805194806,0.819371727748691,0.5394736842105263,0.45175,0.8231638418079097
meta-llama/Llama-3.1-8B-Instruct,tacq,4-bit,English,1234,0.9844155844155844,0.8821989528795812,0.6,0.470375,0.7820056497175142
meta-llama/Llama-3.1-8B-Instruct,tacq,2-bit,Tamil,1234,0.9584415584415584,0.9031413612565444,0.4710526315789474,0.443875,0.6561581920903955
meta-llama/Llama-3.1-8B-Instruct,tacq,3-bit,Tamil,1234,0.9727272727272728,0.9240837696335078,0.5921052631578947,0.465875,0.8013559322033899
meta-llama/Llama-3.1-8B-Instruct,tacq,4-bit,Tamil,1234,0.9818181818181818,0.9345549738219896,0.6210526315789474,0.482375,0.8042372881355933
meta-llama/Llama-3.1-8B-Instruct,tacq,2-bit,Indonesian,1234,0.9545454545454546,0.806282722513089,0.5368421052631579,0.45175,0.6335593220338983
meta-llama/Llama-3.1-8B-Instruct,tacq,3-bit,Indonesian,1234,0.9753246753246754,0.8769633507853403,0.5657894736842105,0.498625,0.7995197740112995
meta-llama/Llama-3.1-8B-Instruct,tacq,4-bit,Indonesian,1234,0.9831168831168832,0.93717277486911,0.6105263157894737,0.4725,0.7998587570621469
meta-llama/Llama-3.1-8B-Instruct,tacq,2-bit,Swahili,1234,0.9467532467532468,0.7984293193717278,0.5157894736842106,0.4685,0.6232485875706215
meta-llama/Llama-3.1-8B-Instruct,tacq,3-bit,Swahili,1234,0.9727272727272728,0.8691099476439791,0.5921052631578947,0.46825,0.8144632768361583
meta-llama/Llama-3.1-8B-Instruct,tacq,4-bit,Swahili,1234,0.9818181818181818,0.9109947643979056,0.6131578947368421,0.479,0.8037853107344632
meta-llama/Llama-3.1-8B-Instruct,tacq,2-bit,Chinese,1234,0.9467532467532468,0.612565445026178,0.45,0.429875,0.7674011299435027
meta-llama/Llama-3.1-8B-Instruct,tacq,3-bit,Chinese,1234,0.9727272727272728,0.8926701570680629,0.5815789473684211,0.46675,0.8288135593220338
meta-llama/Llama-3.1-8B-Instruct,tacq,4-bit,Chinese,1234,0.9831168831168832,0.9031413612565444,0.618421052631579,0.464375,0.7940395480225989
meta-llama/Llama-3.1-8B-Instruct,sinq,2-bit,,1234,0.7220779220779221,0.7460732984293194,0.5236842105263158,0.50375,0.5495762711864406
meta-llama/Llama-3.1-8B-Instruct,sinq,3-bit,,1234,0.9623376623376624,0.7722513089005235,0.55,0.49775,0.7895762711864407
meta-llama/Llama-3.1-8B-Instruct,sinq,4-bit,,1234,0.9805194805194806,0.9109947643979056,0.6052631578947368,0.491625,0.808361581920904
Qwen/Qwen3-14B,sinq,2-bit,,1234,0.6688311688311688,0.6151832460732984,0.5552631578947368,0.5005,0.5759039548022599
Qwen/Qwen3-14B,sinq,3-bit,,1234,0.9753246753246754,0.8979057591623036,0.6105263157894737,0.46675,0.807909604519774
