Base Model,Quantization Technique,Bit Width,Calibration Language,Random Seed,en,id,sw,zh
Qwen/Qwen3-8B,Unquantized,32-bit,Unquantized,1234,0.6935804103242885,0.6300463269358041,0.5307743216412971,0.6300463269358041
Qwen/Qwen3-8B,gptq,2-bit,English,1234,0.5036399735274653,0.45334215751158174,0.4685638649900728,0.472534745201853
Qwen/Qwen3-8B,gptq,3-bit,English,1234,0.6664460622104567,0.5969556585043018,0.5115817339510258,0.6029119788219722
Qwen/Qwen3-8B,gptq,4-bit,English,1234,0.685638649900728,0.6174718729318333,0.5234943745863666,0.6187954996690933
Qwen/Qwen3-8B,gptq,2-bit,Indonesian,1234,0.4559894109861019,0.48378557246856385,0.4645929847782926,0.457974851091992
Qwen/Qwen3-8B,gptq,3-bit,Indonesian,1234,0.6664460622104567,0.6128391793514228,0.5036399735274653,0.6181336863004633
Qwen/Qwen3-8B,gptq,4-bit,Indonesian,1234,0.6882859033752482,0.6227663798808736,0.5201853077432164,0.6260754467240238
Qwen/Qwen3-8B,gptq,2-bit,Swahili,1234,0.4520185307743216,0.44738583719391134,0.5016545334215751,0.47187293183322304
Qwen/Qwen3-8B,gptq,3-bit,Swahili,1234,0.6697551290536069,0.5982792852415619,0.5254798146922568,0.5976174718729318
Qwen/Qwen3-8B,gptq,4-bit,Swahili,1234,0.699536730641959,0.6254136333553938,0.5294506949040371,0.6214427531436135
Qwen/Qwen3-8B,gptq,2-bit,Chinese,1234,0.4870946393117141,0.4401058901389808,0.4619457313037723,0.47187293183322304
Qwen/Qwen3-8B,gptq,3-bit,Chinese,1234,0.6730641958967571,0.585043017868961,0.5089344804765056,0.6234281932495036
Qwen/Qwen3-8B,gptq,4-bit,Chinese,1234,0.6955658504301787,0.6320317670416943,0.5228325612177366,0.6346790205162144
Qwen/Qwen3-8B,slimllm,2-bit,English,1234,0.5407015221707479,0.4632693580410324,0.4818001323626737,0.4771674387822634
Qwen/Qwen3-8B,slimllm,3-bit,English,1234,0.6657842488418266,0.5916611515552614,0.5056254136333554,0.600264725347452
Qwen/Qwen3-8B,slimllm,4-bit,English,1234,0.6922567835870285,0.6240900066181337,0.5241561879549967,0.6234281932495036
Qwen/Qwen3-8B,slimllm,2-bit,Indonesian,1234,0.5102581072137657,0.5016545334215751,0.485109199205824,0.4910655195234944
Qwen/Qwen3-8B,slimllm,3-bit,Indonesian,1234,0.6379880873593646,0.5916611515552614,0.5016545334215751,0.5969556585043018
Qwen/Qwen3-8B,slimllm,4-bit,Indonesian,1234,0.6962276637988087,0.6353408338848445,0.5162144275314361,0.6214427531436135
Qwen/Qwen3-8B,slimllm,2-bit,Swahili,1234,0.4831237590999338,0.4599602911978822,0.4956982131039047,0.485771012574454
Qwen/Qwen3-8B,slimllm,3-bit,Swahili,1234,0.6704169424222369,0.587028457974851,0.5188616810059563,0.6082064857710126
Qwen/Qwen3-8B,slimllm,4-bit,Swahili,1234,0.7094639311714097,0.6307081403044341,0.5274652547981469,0.6240900066181337
Qwen/Qwen3-8B,slimllm,2-bit,Chinese,1234,0.5056254136333554,0.4745201853077432,0.47782925215089345,0.5162144275314361
Qwen/Qwen3-8B,slimllm,3-bit,Chinese,1234,0.6697551290536069,0.5817339510258107,0.5049636002647253,0.6154864328259431
Qwen/Qwen3-8B,slimllm,4-bit,Chinese,1234,0.6816677696889477,0.6247518199867638,0.5122435473196558,0.6254136333553938
Qwen/Qwen3-8B,tacq,2-bit,English,1234,0.6366644606221046,0.4771674387822634,0.49040370615486434,0.5446724023825281
Qwen/Qwen3-8B,tacq,3-bit,English,1234,0.6829913964262078,0.5909993381866314,0.5162144275314361,0.6108537392455328
Qwen/Qwen3-8B,tacq,4-bit,English,1234,0.6823295830575777,0.6221045665122436,0.5215089344804765,0.6187954996690933
Qwen/Qwen3-8B,tacq,2-bit,Indonesian,1234,0.6221045665122436,0.5585704831237591,0.4877564526803441,0.5512905360688286
Qwen/Qwen3-8B,tacq,3-bit,Indonesian,1234,0.6770350761085374,0.6267372600926538,0.514228987425546,0.6207809397749835
Qwen/Qwen3-8B,tacq,4-bit,Indonesian,1234,0.7074784910655195,0.6260754467240238,0.5195234943745863,0.6181336863004633
Qwen/Qwen3-8B,tacq,2-bit,Swahili,1234,0.5797485109199206,0.5049636002647253,0.5056254136333554,0.5215089344804765
Qwen/Qwen3-8B,tacq,3-bit,Swahili,1234,0.671078755790867,0.6075446724023825,0.5208471211118465,0.6227663798808736
Qwen/Qwen3-8B,tacq,4-bit,Swahili,1234,0.7015221707478491,0.628060886829914,0.5393778954334878,0.6300463269358041
Qwen/Qwen3-8B,tacq,2-bit,Chinese,1234,0.6015883520847121,0.4877564526803441,0.4870946393117141,0.5658504301786896
Qwen/Qwen3-8B,tacq,3-bit,Chinese,1234,0.6770350761085374,0.6108537392455328,0.5029781601588352,0.6082064857710126
Qwen/Qwen3-8B,tacq,4-bit,Chinese,1234,0.6902713434811383,0.6174718729318333,0.5188616810059563,0.6240900066181337
Qwen/Qwen3-8B,sinq,2-bit,,1234,0.47650562541363334,0.4513567174056916,0.4672402382528127,0.4758438120450033
Qwen/Qwen3-8B,sinq,3-bit,,1234,0.6591661151555261,0.5843812045003309,0.4990072799470549,0.6015883520847121
Qwen/Qwen3-8B,sinq,4-bit,,1234,0.6955658504301787,0.6227663798808736,0.5248180013236268,0.6240900066181337
CohereLabs/aya-expanse-8b,Unquantized,32-bit,Unquantized,1234,0.7650562541363336,0.6843150231634679,0.5089344804765056,0.6618133686300464
CohereLabs/aya-expanse-8b,gptq,2-bit,English,1234,0.513567174056916,0.442753143613501,0.4685638649900728,0.46591661151555264
CohereLabs/aya-expanse-8b,gptq,3-bit,English,1234,0.7478491065519524,0.6393117140966248,0.485771012574454,0.6234281932495036
CohereLabs/aya-expanse-8b,gptq,4-bit,English,1234,0.7690271343481139,0.6810059563203177,0.5029781601588352,0.657180675049636
CohereLabs/aya-expanse-8b,gptq,2-bit,Indonesian,1234,0.5109199205823958,0.4923891462607545,0.4672402382528127,0.47054930509596293
CohereLabs/aya-expanse-8b,gptq,3-bit,Indonesian,1234,0.7405691594970218,0.6551952349437459,0.4870946393117141,0.6360026472534746
CohereLabs/aya-expanse-8b,gptq,4-bit,Indonesian,1234,0.7643944407677035,0.6803441429516877,0.5062872270019855,0.6585043017868961
CohereLabs/aya-expanse-8b,gptq,2-bit,Swahili,1234,0.47650562541363334,0.45466578424884185,0.485109199205824,0.4692256783587028
CohereLabs/aya-expanse-8b,gptq,3-bit,Swahili,1234,0.7471872931833223,0.6499007279947054,0.5082726671078756,0.6366644606221046
CohereLabs/aya-expanse-8b,gptq,4-bit,Swahili,1234,0.7478491065519524,0.6585043017868961,0.5029781601588352,0.6525479814692257
CohereLabs/aya-expanse-8b,gptq,2-bit,Chinese,1234,0.485771012574454,0.4493712772998015,0.47054930509596293,0.5248180013236268
CohereLabs/aya-expanse-8b,gptq,3-bit,Chinese,1234,0.7452018530774321,0.6518861681005956,0.4877564526803441,0.6432825943084051
CohereLabs/aya-expanse-8b,gptq,4-bit,Chinese,1234,0.7504963600264726,0.671078755790867,0.4956982131039047,0.6545334215751158
CohereLabs/aya-expanse-8b,slimllm,2-bit,English,1234,0.6406353408338848,0.45400397088021177,0.4692256783587028,0.4731965585704831
CohereLabs/aya-expanse-8b,slimllm,3-bit,English,1234,0.7332892124420913,0.6333553937789543,0.500992720052945,0.6194573130377233
CohereLabs/aya-expanse-8b,slimllm,4-bit,English,1234,0.7624090006618134,0.6690933156849769,0.5043017868960953,0.6532097948378557
CohereLabs/aya-expanse-8b,slimllm,2-bit,Indonesian,1234,0.6068828590337525,0.5784248841826605,0.4731965585704831,0.4692256783587028
CohereLabs/aya-expanse-8b,slimllm,3-bit,Indonesian,1234,0.7511581733951026,0.6518861681005956,0.513567174056916,0.6254136333553938
CohereLabs/aya-expanse-8b,slimllm,4-bit,Indonesian,1234,0.7670416942422237,0.6955658504301787,0.5181998676373263,0.6558570483123759
CohereLabs/aya-expanse-8b,slimllm,2-bit,Swahili,1234,0.5400397088021178,0.5049636002647253,0.499669093315685,0.47782925215089345
CohereLabs/aya-expanse-8b,slimllm,3-bit,Swahili,1234,0.7564526803441429,0.6770350761085374,0.5036399735274653,0.6525479814692257
CohereLabs/aya-expanse-8b,slimllm,4-bit,Swahili,1234,0.7584381204500331,0.6743878226340172,0.5129053606882858,0.6551952349437459
CohereLabs/aya-expanse-8b,slimllm,2-bit,Chinese,1234,0.4884182660489742,0.4632693580410324,0.47121111846459296,0.5684976836532097
CohereLabs/aya-expanse-8b,slimllm,3-bit,Chinese,1234,0.7306419589675711,0.6247518199867638,0.4943745863666446,0.6313699536730641
CohereLabs/aya-expanse-8b,slimllm,4-bit,Chinese,1234,0.7610853739245532,0.6644606221045665,0.5155526141628061,0.6505625413633356
CohereLabs/aya-expanse-8b,tacq,2-bit,English,1234,0.7392455327597618,0.5585704831237591,0.49503639973527463,0.5962938451356717
CohereLabs/aya-expanse-8b,tacq,3-bit,English,1234,0.7485109199205824,0.6525479814692257,0.4970218398411648,0.6465916611515553
CohereLabs/aya-expanse-8b,tacq,4-bit,English,1234,0.771674387822634,0.6690933156849769,0.5062872270019855,0.6624751819986764
CohereLabs/aya-expanse-8b,tacq,2-bit,Indonesian,1234,0.728656518861681,0.6664460622104567,0.4870946393117141,0.6121773659827928
CohereLabs/aya-expanse-8b,tacq,3-bit,Indonesian,1234,0.7650562541363336,0.6624751819986764,0.49040370615486434,0.6538716082064858
CohereLabs/aya-expanse-8b,tacq,4-bit,Indonesian,1234,0.7816015883520847,0.699536730641959,0.5016545334215751,0.6730641958967571
CohereLabs/aya-expanse-8b,tacq,2-bit,Swahili,1234,0.6770350761085374,0.614162806088683,0.5043017868960953,0.5678358702845797
CohereLabs/aya-expanse-8b,tacq,3-bit,Swahili,1234,0.7617471872931834,0.6637988087359364,0.5109199205823958,0.6505625413633356
CohereLabs/aya-expanse-8b,tacq,4-bit,Swahili,1234,0.7769688947716744,0.6664460622104567,0.5102581072137657,0.6558570483123759
CohereLabs/aya-expanse-8b,tacq,2-bit,Chinese,1234,0.7074784910655195,0.6115155526141628,0.49636002647253474,0.6234281932495036
CohereLabs/aya-expanse-8b,tacq,3-bit,Chinese,1234,0.771674387822634,0.6803441429516877,0.4884182660489742,0.6538716082064858
CohereLabs/aya-expanse-8b,tacq,4-bit,Chinese,1234,0.7610853739245532,0.6750496360026472,0.5102581072137657,0.6499007279947054
CohereLabs/aya-expanse-8b,sinq,2-bit,,1234,0.5532759761747187,0.47121111846459296,0.472534745201853,0.49503639973527463
CohereLabs/aya-expanse-8b,sinq,3-bit,,1234,0.7412309728656519,0.6412971542025149,0.4970218398411648,0.6346790205162144
CohereLabs/aya-expanse-8b,sinq,4-bit,,1234,0.771012574454004,0.6823295830575777,0.500330906684315,0.6532097948378557
meta-llama/Llama-3.1-8B-Instruct,sinq,2-bit,,1234,0.4771674387822634,0.442753143613501,0.4632693580410324,0.4771674387822634
meta-llama/Llama-3.1-8B-Instruct,sinq,3-bit,,1234,0.700198544010589,0.6022501654533422,0.5155526141628061,0.5956320317670417
meta-llama/Llama-3.1-8B-Instruct,sinq,4-bit,,1234,0.7293183322303111,0.6260754467240238,0.5559232296492389,0.6273990734612839
Qwen/Qwen3-14B,sinq,2-bit,,1234,0.4877564526803441,0.457974851091992,0.4824619457313038,0.4804765056254136
Qwen/Qwen3-14B,sinq,3-bit,,1234,0.6982131039046989,0.628060886829914,0.5254798146922568,0.6386499007279947
